{"TBO top5 no local search":[[25514,20.000229120254517],[23245,20.000289916992188],[17570,20.00005292892456],[7362,20.000352144241333],[7244,20.00014901161194],[5490,20.000056982040405],[22077,20.000345945358276],[21374,20.001249074935913],[21883,20.00039505958557],[7844,20.000121116638184],[7394,20.000874042510986],[4933,20.000432014465332],[24452,20.000319004058838],[18581,20.000293970108032],[17251,20.000016927719116],[7091,20.000351905822754],[6022,20.000372886657715],[4958,20.00024700164795],[25396,20.00033211708069],[21225,20.000144004821777],[17384,20.000229835510254],[7437,20.000256776809692],[6758,20.000167846679688],[5676,20.000107049942017],[28592,20.000289916992188],[25034,20.0002179145813],[22323,20.00006890296936],[7047,20.000174045562744],[6783,20.000198125839233],[5408,20.000444173812866],[47460,20.0001118183136],[40730,20.00006604194641],[36409,20.000269889831543],[14725,20.00010919570923],[13378,20.000360012054443],[10410,20.000442028045654],[47879,20.000211000442505],[42480,20.00027298927307],[33803,20.00019383430481],[14130,20.00047993659973],[13294,20.001221895217896],[10526,20.000324010849],[49761,20.000153064727783],[43424,20.00032377243042],[33247,20.000107049942017],[13845,20.001062154769897],[13087,20.000030040740967],[10949,20.000126838684082],[50535,20.000409841537476],[43684,20.0000479221344],[32604,20.0003559589386],[14368,20.000344038009644],[13517,20.000176906585693],[9863,20.000059127807617],[49828,20.001945972442627],[44473,20.000041961669922],[34308,20.00040102005005],[13548,20.000062942504883],[13022,20.000276803970337],[9673,20.000322818756104],[76716,20.000016927719116],[62441,20.000137090682983],[50470,20.00029492378235],[21522,20.000743865966797],[19681,20.00010895729065],[16130,20.000030994415283],[73394,20.00014305114746],[57672,20.000152111053467],[52158,20.00004506111145],[22198,20.000107049942017],[20387,20.000098943710327],[15461,20.001564979553223],[70811,20.000025033950806],[68084,20.00019907951355],[55230,20.00033211708069],[21529,20.00004005432129],[20014,20.000051975250244],[14558,20.00093913078308],[78703,20.00002884864807],[64964,20.000252962112427],[64198,20.00076699256897],[21572,20.000228881835938],[21055,20.000370025634766],[16115,20.000290870666504],[67071,20.002323150634766],[60420,20.0002601146698],[51630,20.000038146972656],[19734,20.000298023223877],[17828,20.000710010528564],[14637,20.000399112701416]],"TBO top5 fast local search":[[30732,20.000582933425903],[28136,20.00129795074463],[21524,20.00629711151123],[10292,20.005848169326782],[9949,20.00673198699951],[9844,20.00254201889038],[27434,20.000094890594482],[26155,20.001718044281006],[26152,20.005116939544678],[11048,20.002269983291626],[10839,20.000704050064087],[10178,20.00186800956726],[29800,20.00263500213623],[23168,20.002284049987793],[20441,20.004569053649902],[9706,20.00187397003174],[9722,20.003391981124878],[9698,20.003211975097656],[30581,20.004451036453247],[27298,20.003595113754272],[21222,20.006490230560303],[10577,20.006078958511353],[10168,20.00705122947693],[9828,20.0069100856781],[33408,20.00512409210205],[30371,20.00192904472351],[24644,20.007164001464844],[10503,20.005062103271484],[10156,20.004225969314575],[9467,20.005354166030884],[51210,20.002523183822632],[43711,20.000274896621704],[39276,20.00722098350525],[17668,20.003317832946777],[16894,20.007266998291016],[14703,20.007694005966187],[52894,20.001296997070312],[47081,20.0054190158844],[37185,20.005550146102905],[17302,20.001192092895508],[16406,20.000235080718994],[14881,20.00458812713623],[53632,20.002888917922974],[48350,20.00469398498535],[37741,20.003514051437378],[17073,20.005152940750122],[15224,20.00300884246826],[14967,20.001943826675415],[53663,20.001879930496216],[48027,20.00168800354004],[36429,20.00816011428833],[17341,20.002110958099365],[16438,20.008930921554565],[15499,20.001292943954468],[53673,20.005375862121582],[48948,20.002058029174805],[37797,20.00772714614868],[16704,20.002574920654297],[16029,20.002079963684082],[14238,20.004024982452393],[78482,20.000441074371338],[63922,20.002856016159058],[51863,20.003303050994873],[22705,20.003515005111694],[21070,20.0020911693573],[18040,20.0071120262146],[75310,20.0054030418396],[59505,20.006187915802002],[54030,20.005068063735962],[23534,20.007879972457886],[21764,20.002331972122192],[17888,20.006519079208374],[72611,20.001464128494263],[69934,20.00599193572998],[56961,20.000426054000854],[22554,20.00369906425476],[21261,20.00302505493164],[17280,20.006587028503418],[80127,20.006949186325073],[66332,20.002429008483887],[65836,20.006459951400757],[23221,20.000554084777832],[22231,20.00519609451294],[18864,20.002048015594482],[68342,20.005860090255737],[61683,20.007779121398926],[52983,20.002094984054565],[21056,20.000043869018555],[18936,20.005709171295166],[16380,20.004093885421753]],"TBO top1 no local search":[[25880,20.123404026031494],[22236,20.000020027160645],[16597,20.000091075897217],[8377,20.000128030776978],[5674,20.000316858291626],[4170,20.00019598007202],[21255,20.000285148620605],[20663,20.000225067138672],[20280,20.000107049942017],[8603,20.000163078308105],[6531,20.000078916549683],[4902,20.000280141830444],[23656,20.000158071517944],[18368,20.000203132629395],[16556,20.00029993057251],[6368,20.00010895729065],[6862,20.001611948013306],[4334,20.000420093536377],[23343,20.000198125839233],[21932,20.000067949295044],[17180,20.0003559589386],[7362,20.000303030014038],[7006,20.00153398513794],[6547,20.000088930130005],[27062,20.00005292892456],[24939,20.000300884246826],[19531,20.000035047531128],[7143,20.00016188621521],[7002,20.000078916549683],[5330,20.000272035598755],[46253,20.000360012054443],[38044,20.000401973724365],[36309,20.000185012817383],[14012,20.000373125076294],[13308,20.000334978103638],[9438,20.000059843063354],[48019,20.00022602081299],[42100,20.000158071517944],[33621,20.000113010406494],[13625,20.0003879070282],[13129,20.001868963241577],[9118,20.000263929367065],[48677,20.000301122665405],[43452,20.00106906890869],[33972,20.000347137451172],[13190,20.000049114227295],[11347,20.001477003097534],[9618,20.00024700164795],[48088,20.001353979110718],[41877,20.00070095062256],[32135,20.000437021255493],[14681,20.000071048736572],[12801,20.000715017318726],[7962,20.000444889068604],[50691,20.00018286705017],[43114,20.001819133758545],[33983,20.000225067138672],[13706,20.000170946121216],[12865,20.00028395652771],[9064,20.00032114982605],[75006,20.000221014022827],[60951,20.000046968460083],[49124,20.000123977661133],[20147,20.000345945358276],[18443,20.00041103363037],[14640,20.00040602684021],[71488,20.00036311149597],[55795,20.000339031219482],[51594,20.000273942947388],[21513,20.00067400932312],[19398,20.00114607810974],[13309,20.0017831325531],[70215,20.000219106674194],[66303,20.00005006790161],[53700,20.001800060272217],[21292,20.000069856643677],[19020,20.000447988510132],[13157,20.00015377998352],[77116,20.00022602081299],[63612,20.000068187713623],[64266,20.00009298324585],[20948,20.00001311302185],[20412,20.000113010406494],[15193,20.000130891799927],[64521,20.000308990478516],[58655,20.00032114982605],[50993,20.000306129455566],[18208,20.000081062316895],[17152,20.000120162963867],[13276,20.00028109550476]],