{"TBO top5 no local search":[[26190,10.000394105911255],[22758,10.001002073287964],[17983,10.000006914138794],[6979,10.00013518333435],[6783,10.000195980072021],[4278,10.000189065933228],[21090,10.000171899795532],[21750,10.000330924987793],[20912,10.0002920627594],[7088,10.000141859054565],[7123,10.000048160552979],[5237,10.000174045562744],[24582,10.000272035598755],[17909,10.0000581741333],[16464,10.000405073165894],[7028,10.000234127044678],[6210,10.000311136245728],[5931,10.000411987304688],[23205,10.001703977584839],[20983,10.00001311302185],[16634,10.000366926193237],[7452,10.000044822692871],[6364,10.002169132232666],[5468,10.000078201293945],[27080,10.000103950500488],[25227,10.000232934951782],[20787,10.000009059906006],[6941,10.000401973724365],[6948,10.000133991241455],[4837,10.000160932540894],[46824,10.000013828277588],[39380,10.000164031982422],[35848,10.000337839126587],[13780,10.00029993057251],[13624,10.000120878219604],[10391,10.000087022781372],[47218,10.000302076339722],[43626,10.000123977661133],[34448,10.000426054000854],[13748,10.00012493133545],[12629,10.000399112701416],[10008,10.00018310546875],[49348,10.000103950500488],[42690,10.000418186187744],[33552,10.000216007232666],[13500,10.000091075897217],[12497,10.000172853469849],[9862,10.000355958938599],[50043,10.000028848648071],[44633,10.001394987106323],[32428,10.00036096572876],[13474,10.001364946365356],[12995,10.000807046890259],[8727,10.000117063522339],[49671,10.00029706954956],[44117,10.000321865081787],[34639,10.001936912536621],[13507,10.000298023223877],[13216,10.001369953155518],[9929,10.000416040420532],[75966,10.000134944915771],[61933,10.00023889541626],[49676,10.000048160552979],[21231,10.000168085098267],[19441,10.000006914138794],[15051,10.00043511390686],[73101,10.000061988830566],[57385,10.00020694732666],[52227,10.000095129013062],[21965,10.00034499168396],[20127,10.000140905380249],[15043,10.000088930130005],[70456,10.000044107437134],[67745,10.000041961669922],[54321,10.000164031982422],[21174,10.000236988067627],[19636,10.000081777572632],[14761,10.0016930103302],[78528,10.001732110977173],[65372,10.0000479221344],[64030,10.00199007987976],[21829,10.00024700164795],[20456,10.000837087631226],[15681,10.001953125],[67166,10.00028395652771],[60063,10.000357866287231],[51308,10.000368118286133],[19490,10.000037908554077],[17458,10.000269174575806],[14268,10.000216007232666]],"TBO top5 fast local search":[[30732,10.002469062805176],[28059,10.007086992263794],[21487,10.002599000930786],[10209,10.00118088722229],[9901,10.002739906311035],[9578,10.001626014709473],[27274,10.006561994552612],[25858,10.005072832107544],[25909,10.002189874649048],[10765,10.007345914840698],[10813,10.008344888687134],[10312,10.001810073852539],[29789,10.002681970596313],[23116,10.0000638961792],[20311,10.003693103790283],[9785,10.001496076583862],[9733,10.000221967697144],[9663,10.000734090805054],[30279,10.004891872406006],[27225,10.001877069473267],[21333,10.006188869476318],[10385,10.006997108459473],[10121,10.003980875015259],[9678,10.004947900772095],[33471,10.00371789932251],[30264,10.002583026885986],[24638,10.002756118774414],[10408,10.000284194946289],[10267,10.002071142196655],[9177,10.00165581703186],[51027,10.00636601448059],[43667,10.003302812576294],[39076,10.000032901763916],[17147,10.005856990814209],[16535,10.001068115234375],[14172,10.008523941040039],[52538,10.003720998764038],[46665,10.003976106643677],[36911,10.000084161758423],[17146,10.001410007476807],[16009,10.007127046585083],[14790,10.005904197692871],[53679,10.000816822052002],[48202,10.002830028533936],[37507,10.007837057113647],[16815,10.00631594657898],[15165,10.00858998298645],[14326,10.005067825317383],[53333,10.000416040420532],[47889,10.001261949539185],[36144,10.00203013420105],[17309,10.004246950149536],[16240,10.000972986221313],[15111,10.00317907333374],[53399,10.000627994537354],[48772,10.002311944961548],[37551,10.006253004074097],[16611,10.003559827804565],[15878,10.007218837738037],[13991,10.00118899345398],[78285,10.002770900726318],[63730,10.001027822494507],[51962,10.006287813186646],[22478,10.000391006469727],[20834,10.006096124649048],[17509,10.006496906280518],[75438,10.00095796585083],[58952,10.002713918685913],[53941,10.00272011756897],[23337,10.00084400177002],[21441,10.000289916992188],[17502,10.002054929733276],[72343,10.002110958099365],[69872,10.000854015350342],[56616,10.000707864761353],[22297,10.003653049468994],[21173,10.000838994979858],[17143,10.000563859939575],[79829,10.001534938812256],[66026,10.003964185714722],[65560,10.001219034194946],[23135,10.004255056381226],[22257,10.002938985824585],[18400,10.0068678855896],[68219,10.006577968597412],[62062,10.00285792350769],[52744,10.00164008140564],[20863,10.003985166549683],[18725,10.008157968521118],[16242,10.000877141952515]],"TBO top1 no local search":[[27085,10.122817039489746],[23326,10.000257968902588],[16882,10.00153398513794],[7533,10.000018835067749],[6490,10.000188827514648],[4975,10.000298023223877],[20118,10.000153064727783],[20857,10.000395059585571],[21107,10.000080823898315],[8262,10.000006914138794],[7054,10.000298023223877],[4688,10.000141859054565],[23265,10.000040054321289],[17220,10.000216007232666],[16368,10.000638961791992],[7569,10.000391006469727],[7302,10.000010967254639],[5124,10.00017499923706],[23487,10.00022006034851],[21476,10.0001859664917],[16009,10.000080108642578],[7305,10.000187158584595],[6416,10.000377893447876],[3590,10.000563144683838],[26686,10.00020718574524],[24430,10.002354145050049],[19064,10.000263929367065],[6990,10.00015115737915],[6180,10.000170946121216],[5342,10.000141143798828],[45823,10.000246047973633],[38003,10.000351905822754],[35128,10.000946044921875],[13779,10.000342845916748],[12562,10.000202894210815],[10060,10.00028109550476],[46252,10.000149965286255],[42952,10.000171899795532],[33691,10.000027894973755],[13381,10.000258922576904],[12599,10.00022006034851],[10271,10.00012493133545],[47184,10.000197887420654],[41452,10.000150918960571],[33291,10.000281810760498],[14121,10.000244140625],[11975,10.000135898590088],[7749,10.0014009475708],[48355,10.000330924987793],[43217,10.00025200843811],[32877,10.000241994857788],[13702,10.000311136245728],[14516,10.000221014022827],[7913,10.000163078308105],[46815,10.000190019607544],[43146,10.000152111053467],[34256,10.000295877456665],[13703,10.000205993652344],[11753,10.00004506111145],[10132,10.000174045562744],[73990,10.000093936920166],[61726,10.00023102760315],[48979,10.001834154129028],[20190,10.00039005279541],[18346,10.001702785491943],[13598,10.000332117080688],[72209,10.000144958496094],[55772,10.000349044799805],[51304,10.000284910202026],[21153,10.00037407875061],[19648,10.000256061553955],[14382,10.000811100006104],[68450,10.000195980072021],[66327,10.000293970108032],[53750,10.000024795532227],[20609,10.000011920928955],[17804,10.000370979309082],[12312,10.000272989273071],[77079,10.000367879867554],[63232,10.000399112701416],[62618,10.00036096572876],[21115,10.000219106674194],[19906,10.000278949737549],[15989,10.001832008361816],[65128,10.000139951705933],[56788,10.00009298324585],[51030,10.000321865081787],[19082,10.00003695487976],[16439,10.00040888786316],[12391,10.001101970672607]],