{"TBO top5 no local search":[[61878,10.000242948532104],[51553,10.000058889389038],[46972,10.000142097473145],[14118,10.000257968902588],[12449,10.00027084350586],[-539,10.000606060028076],[56275,10.000195980072021],[51738,10.000488996505737],[-1443,10.000387191772461],[15107,10.000321865081787],[12483,10.000065088272095],[6097,10.001275062561035],[59325,10.000528812408447],[50196,10.000293016433716],[45268,10.000046968460083],[16613,10.000108003616333],[14150,10.000550985336304],[-589,10.000333786010742],[57469,10.000028133392334],[49972,10.000818014144897],[46056,10.000105857849121],[15444,10.000905990600586],[12183,10.000672101974487],[8193,10.000157833099365],[58869,10.00045895576477],[49449,10.000895023345947],[-2861,10.000498056411743],[14751,10.000329971313477],[13926,10.000133037567139],[-1098,10.001554012298584],[125629,10.000144004821777],[105813,10.000257015228271],[-1493,10.000373840332031],[32779,10.000925779342651],[27792,10.001001119613647],[-522,10.000532865524292],[109671,10.00053095817566],[105934,10.000486850738525],[94612,10.000617980957031],[30087,10.000056028366089],[27007,10.000303983688354],[-106,10.000673055648804],[117937,10.000494956970215],[107149,10.000073909759521],[81172,10.000870943069458],[29625,10.000409841537476],[26212,10.000179052352905],[-2606,10.000248908996582],[111342,10.000144004821777],[88932,10.000327110290527],[86439,10.000059843063354],[31404,10.000416040420532],[27505,10.00020694732666],[-51,10.000205039978027],[108587,10.000738143920898],[102403,10.000596046447754],[92586,10.00101089477539],[31879,10.000524044036865],[28531,10.000931024551392],[-1283,10.00063419342041],[201464,10.000073909759521],[178160,10.000472068786621],[146393,10.000185012817383],[47976,10.000282049179077],[41759,10.000826120376587],[29098,10.000817060470581],[184315,10.000216007232666],[151196,10.000010013580322],[162559,10.00090503692627],[49312,10.00019884109497],[44354,10.000849962234497],[29322,10.00076699256897],[206987,10.000607967376709],[170529,10.000576972961426],[136145,10.000405073165894],[51998,10.000710010528564],[45572,10.000365018844604],[34013,10.001306056976318],[174432,10.000081062316895],[156032,10.000095129013062],[136598,10.0001220703125],[48827,10.000400066375732],[42981,10.000262975692749],[24400,10.00006103515625],[179245,10.000086069107056],[171764,10.001755952835083],[138122,10.000463008880615],[47425,10.000306129455566],[40978,10.000138998031616],[27589,10.000101089477539]],"TBO top5 fast local search":[[82499,10.014801025390625],[74504,10.002485990524292],[62725,10.029719829559326],[25342,10.009660959243774],[23085,10.016247987747192],[23803,10.003623008728027],[74626,10.013966083526611],[70556,10.001920938491821],[55825,10.008615016937256],[25665,10.026417016983032],[23158,10.02673602104187],[24003,10.019147872924805],[78659,10.011583089828491],[66874,10.020585775375366],[57205,10.010439157485962],[23720,10.015357971191406],[23958,10.011502981185913],[23881,10.008498191833496],[78631,10.011683940887451],[77280,10.003213167190552],[61415,10.00058102607727],[24090,10.009675025939941],[22026,10.024640083312988],[22991,10.010609865188599],[78242,10.012295007705688],[66662,10.021939992904663],[56327,10.022624969482422],[26031,10.02112889289856],[24531,10.011500120162964],[21935,10.021897077560425],[148138,10.013154029846191],[124103,10.020069122314453],[121522,10.00736403465271],[42600,10.009669065475464],[38622,10.002359867095947],[34779,10.025130033493042],[133549,10.025017976760864],[125615,10.001862049102783],[114094,10.003291130065918],[42040,10.00976014137268],[40058,10.028430938720703],[36316,10.011401891708374],[139498,10.00023102760315],[128343,10.002744197845459],[95813,10.040926218032837],[42579,10.014196157455444],[38559,10.008188962936401],[36857,10.028221130371094],[135144,10.029818058013916],[115146,10.000507116317749],[102466,10.014958143234253],[42461,10.009829044342041],[37604,10.021310091018677],[34790,10.02422285079956],[133216,10.021619081497192],[124180,10.008361101150513],[107391,10.015848875045776],[42848,10.007444858551025],[40885,10.018635988235474],[36991,10.002809047698975],[217416,10.003101110458374],[190201,10.000614166259766],[157495,10.013071060180664],[56188,10.010910987854004],[49724,10.013054132461548],[43500,10.019057989120483],[194797,10.004269123077393],[161149,10.001698017120361],[169296,10.01424503326416],[56906,10.011350154876709],[50974,10.022292852401733],[43787,10.02908992767334],[220324,10.013442993164062],[181639,10.000540971755981],[147207,10.013955116271973],[58724,10.01369595527649],[52125,10.018401861190796],[45799,10.010143041610718],[185367,10.013628959655762],[167379,10.008425951004028],[146308,10.002214908599854],[57216,10.002957105636597],[51278,10.007867813110352],[43568,10.027065992355347],[194545,10.012884855270386],[182205,10.00161099433899],[150527,10.012242078781128],[54684,10.01161789894104],[50264,10.00902795791626],[41886,10.000011920928955]],"TBO top1 no local search":[[61878,10.000814199447632],[51553,10.000072956085205],[46972,10.001512050628662],[14118,10.000006914138794],[12449,10.001024961471558],[-539,10.000974178314209],[56275,10.000590085983276],[51738,10.000683069229126],[-1443,10.000533103942871],[15107,10.000722169876099],[12483,10.001530885696411],[6097,10.000744104385376],[59325,10.00000810623169],[50196,10.000843048095703],[45268,10.000248908996582],[16613,10.000851154327393],[14150,10.000366926193237],[-589,10.000711917877197],[57469,10.000839948654175],[49972,10.000349044799805],[46056,10.000205039978027],[15444,10.00042200088501],[12183,10.000413179397583],[8193,10.00120997428894],[58869,10.000827074050903],[49449,10.000256061553955],[-2861,10.000313997268677],[14751,10.00046706199646],[13926,10.000478982925415],[-1098,10.00036907196045],[125629,10.000093936920166],[105813,10.00063681602478],[-1493,10.000874042510986],[32779,10.000466108322144],[27792,10.00078797340393],[-522,10.000102043151855],[109671,10.000829935073853],[105934,10.000740051269531],[94612,10.000794887542725],[30087,10.000922203063965],[27007,10.0001380443573],[-106,10.00097393989563],[117937,10.001367092132568],[107149,10.000025033950806],[81172,10.001704931259155],[29625,10.000885009765625],[26212,10.000271797180176],[-2606,10.000306129455566],[111342,10.000216007232666],[88932,10.00023102760315],[86439,10.001867055892944],[31404,10.000520944595337],[27505,10.000735998153687],[-51,10.00055718421936],[108587,10.000332832336426],[102403,10.000120878219604],[92586,10.000396966934204],[31879,10.001387119293213],[28531,10.000391960144043],[-1283,10.00068998336792],[205551,10.000127077102661],[180075,10.000890016555786],[148243,10.000064134597778],[50160,10.000244855880737],[44291,10.000230073928833],[32829,10.000111103057861],[184234,10.000280141830444],[151954,10.00040316581726],[162559,10.00039792060852],[51416,10.000170946121216],[44228,10.00042986869812],[31269,10.000082969665527],[205971,10.000849962234497],[172260,10.00020980834961],[137966,10.000747203826904],[53280,10.00042200088501],[47111,10.000087022781372],[35552,10.001619100570679],[174347,10.00054407119751],[156979,10.000546932220459],[138628,10.000922918319702],[50737,10.000496864318848],[48579,10.000271081924438],[32048,10.00075101852417],[182967,10.00038194656372],[171850,10.000800132751465],[143713,10.00073790550232],[48514,10.000730037689209],[44300,10.000706195831299],[30241,10.00121808052063]],