{"TBO top5 no local search":[[59794,20.000080823898315],[56388,20.00042986869812],[48072,20.000947952270508],[13656,20.00047206878662],[13569,20.000256061553955],[-216,20.000320196151733],[53150,20.0003879070282],[53759,20.000154972076416],[-840,20.00073504447937],[15083,20.00129199028015],[13539,20.000784158706665],[-1079,20.001829862594604],[56151,20.00083303451538],[49488,20.000119924545288],[-302,20.00041913986206],[15227,20.00058102607727],[13093,20.000651836395264],[-726,20.000359058380127],[58195,20.000607013702393],[59277,20.00012183189392],[-825,20.000695943832397],[15340,20.000078916549683],[13623,20.000680923461914],[-1008,20.000330924987793],[55768,20.000942945480347],[51855,20.001333951950073],[-777,20.000066995620728],[13734,20.000455856323242],[13114,20.00007200241089],[-1253,20.000709056854248],[126693,20.00071692466736],[106532,20.00009799003601],[102799,20.000764846801758],[32418,20.0001699924469],[26887,20.000627040863037],[-704,20.000582933425903],[109523,20.000694036483765],[104594,20.000423908233643],[-111,20.00095295906067],[30154,20.00056505203247],[26174,20.000626802444458],[-3092,20.000279188156128],[119162,20.00078797340393],[111470,20.000534057617188],[-992,20.00026798248291],[28805,20.00063705444336],[26349,20.00031018257141],[-1722,20.0002920627594],[111157,20.00046706199646],[95326,20.000460863113403],[-1979,20.000138998031616],[30975,20.001458168029785],[28077,20.000357151031494],[-155,20.000586986541748],[110758,20.00088596343994],[103490,20.000985145568848],[94526,20.000580072402954],[34573,20.00090003013611],[28945,20.000200033187866],[17691,20.000030040740967],[203769,20.000638008117676],[177026,20.000550031661987],[148174,20.000255823135376],[48769,20.00068712234497],[42731,20.001332998275757],[31627,20.00018882751465],[184764,20.000185012817383],[152188,20.00056505203247],[159195,20.000918865203857],[51462,20.00069499015808],[44934,20.00048303604126],[26914,20.00019907951355],[205967,20.000273942947388],[171987,20.000515937805176],[136225,20.000504970550537],[51080,20.000458002090454],[46071,20.000130891799927],[33485,20.000802993774414],[173711,20.000668048858643],[157604,20.00085997581482],[138063,20.00091290473938],[50725,20.000138998031616],[43388,20.00039291381836],[28507,20.000343084335327],[182331,20.000288009643555],[172107,20.000003814697266],[141293,20.000593185424805],[48229,20.000643014907837],[44165,20.00042700767517],[29530,20.000782012939453]],"TBO top5 fast local search":[[83203,20.017998933792114],[75737,20.01087188720703],[63024,20.01078510284424],[25861,20.01485800743103],[24164,20.017938137054443],[24781,20.018488883972168],[74672,20.005749940872192],[71976,20.020230054855347],[57273,20.01903510093689],[26545,20.010456085205078],[23990,20.012301921844482],[24168,20.015197038650513],[79354,20.012544870376587],[67428,20.015167951583862],[57037,20.02153778076172],[23951,20.006973028182983],[24769,20.00154709815979],[24289,20.017680883407593],[79646,20.009443998336792],[78348,20.005144119262695],[62551,20.00261902809143],[24169,20.01392102241516],[22111,20.021854877471924],[23318,20.028909921646118],[79085,20.014431953430176],[68008,20.01547384262085],[58014,20.02078604698181],[26024,20.024569988250732],[25087,20.000636100769043],[22100,20.006762981414795],[148656,20.009918928146362],[124411,20.0313458442688],[122370,20.01680016517639],[42734,20.021657943725586],[39278,20.01825785636902],[36066,20.00550389289856],[134316,20.021975994110107],[126164,20.006914854049683],[114735,20.02674388885498],[42412,20.02907705307007],[40017,20.01011610031128],[37515,20.00943684577942],[139398,20.02695083618164],[129327,20.008885860443115],[96406,20.016382932662964],[42463,20.016232013702393],[38692,20.001873016357422],[37802,20.029206037521362],[135887,20.01643204689026],[115876,20.013653993606567],[102538,20.016080856323242],[43111,20.019271850585938],[37699,20.008196115493774],[35428,20.02960515022278],[133058,20.008833169937134],[124567,20.00599503517151],[108380,20.021509885787964],[43244,20.013833045959473],[41800,20.00868010520935],[38252,20.003150939941406],[217054,20.018835067749023],[190080,20.005026817321777],[157580,20.004343032836914],[56960,20.01151394844055],[49797,20.00755500793457],[43860,20.008319854736328],[195187,20.010042905807495],[161105,20.01291513442993],[170127,20.008418083190918],[56809,20.006224870681763],[51216,20.006500005722046],[43658,20.03361201286316],[220608,20.009809970855713],[181566,20.008054971694946],[146936,20.010287046432495],[58971,20.018965005874634],[52368,20.005774974822998],[46587,20.018275022506714],[186065,20.01964282989502],[167235,20.00420904159546],[146476,20.00942897796631],[57246,20.00643491744995],[52566,20.00339102745056],[43641,20.015231132507324],[194592,20.007750988006592],[182314,20.014535188674927],[150550,20.01756191253662],[55161,20.011138916015625],[50231,20.00352907180786],[43392,20.02037286758423]],"TBO top1 no local search":[[59794,20.00219202041626],[56388,20.000207901000977],[48072,20.000815868377686],[13656,20.00067710876465],[13569,20.00092387199402],[-216,20.000446796417236],[53150,20.000586986541748],[53759,20.000925064086914],[-840,20.0004780292511],[15083,20.000885009765625],[13539,20.00031614303589],[-1079,20.000609159469604],[56151,20.00070309638977],[49488,20.000123023986816],[-302,20.000774145126343],[15227,20.00076699256897],[13093,20.00017499923706],[-726,20.00000309944153],[58195,20.001652002334595],[59277,20.000195026397705],[-825,20.000630140304565],[15340,20.00089693069458],[13623,20.00095295906067],[-1008,20.000664949417114],[55768,20.000805139541626],[51855,20.000132083892822],[-777,20.000723838806152],[13734,20.000748872756958],[13114,20.000998973846436],[-1253,20.000491857528687],[126693,20.000177145004272],[106532,20.000164031982422],[102799,20.00127410888672],[32418,20.000023126602173],[26887,20.000720024108887],[-704,20.000102996826172],[109523,20.000137090682983],[104594,20.000102043151855],[-111,20.000461101531982],[30154,20.000079870224],[26174,20.00007915496826],[-3092,20.0008327960968],[119162,20.000102043151855],[111470,20.00096893310547],[-992,20.00084900856018],[28805,20.00040912628174],[26349,20.0004780292511],[-1722,20.00011396408081],[111157,20.00102996826172],[95326,20.000419855117798],[-1979,20.000082969665527],[30975,20.000601053237915],[28077,20.000760078430176],[-155,20.001704931259155],[110758,20.0008602142334],[103490,20.000662088394165],[94526,20.00096297264099],[34573,20.00068712234497],[28945,20.00080895423889],[17691,20.000804901123047],[205018,20.000743865966797],[180427,20.00005602836609],[150155,20.000450134277344],[50469,20.000216007232666],[45183,20.000863075256348],[33060,20.000014066696167],[185284,20.00000786781311],[153158,20.000343084335327],[162957,20.000885009765625],[52086,20.000253915786743],[45467,20.00081205368042],[31361,20.000638008117676],[206561,20.00009799003601],[171731,20.000147104263306],[138689,20.000933170318604],[51853,20.001688957214355],[45899,20.000235080718994],[35299,20.00034809112549],[176974,20.000888109207153],[161166,20.00004291534424],[137742,20.00008797645569],[51237,20.000863075256348],[45684,20.000486135482788],[34515,20.000520944595337],[182869,20.00084614753723],[173658,20.000025033950806],[142981,20.000770807266235],[49443,20.000722885131836],[45157,20.000805139541626],[31274,20.00056290626526]],