{"TBO top5 no local search":[[118695,20.000444889068604],[92720,20.00007200241089],[102476,20.001814126968384],[29543,20.001715898513794],[23840,20.00018811225891],[8417,20.000970125198364],[118547,20.000264167785645],[113481,20.000514030456543],[-215,20.001893997192383],[31127,20.000447034835815],[26488,20.00130796432495],[-176,20.0001699924469],[127247,20.000720977783203],[121102,20.001097917556763],[103330,20.000171899795532],[31829,20.000855922698975],[30177,20.000828981399536],[-2547,20.000311851501465],[121566,20.001296043395996],[115737,20.00114607810974],[93069,20.001302003860474],[33824,20.00047993659973],[27427,20.000170946121216],[-354,20.000563144683838],[121145,20.001489877700806],[113151,20.000263929367065],[-300,20.002357959747314],[30835,20.00149393081665],[27323,20.001583099365234],[-1002,20.00167202949524],[244215,20.00104808807373],[207077,20.000944137573242],[166700,20.00081205368042],[65041,20.001203060150146],[57644,20.000617027282715],[-440,20.001410961151123],[253434,20.000009059906006],[221576,20.001249074935913],[-733,20.001106023788452],[67460,20.00072693824768],[59308,20.001365900039673],[-1545,20.00109887123108],[246891,20.002263069152832],[251940,20.001269102096558],[185637,20.00044894218445],[65234,20.001077890396118],[58373,20.0004940032959],[-1081,20.001830101013184],[253264,20.001152992248535],[219085,20.00093698501587],[-1347,20.002534866333008],[65286,20.000587940216064],[57972,20.00048589706421],[-1232,20.00019383430481],[263632,20.001036882400513],[235982,20.00011706352234],[198149,20.000723838806152],[68934,20.001112937927246],[56940,20.000643968582153],[-1406,20.000319957733154],[372764,20.00064206123352],[326468,20.001224040985107],[-1248,20.002438068389893],[100568,20.001497983932495],[-1043,20.000885009765625],[60510,20.001070976257324],[393977,20.00074315071106],[327380,20.001097917556763],[-3177,20.00105905532837],[99392,20.0014328956604],[89428,20.001389026641846],[52372,20.000465869903564],[368744,20.00058102607727],[374223,20.000198125839233],[-1803,20.001154899597168],[99297,20.001435041427612],[88013,20.000608205795288],[-316,20.001132011413574],[386661,20.001002073287964],[316538,20.000325918197632],[-1460,20.00130295753479],[99016,20.0016188621521],[90730,20.001331090927124],[-45,20.000723838806152],[351455,20.002051830291748],[344803,20.000010013580322],[-1499,20.00082302093506],[101253,20.00073504447937],[88914,20.001113891601562],[60927,20.0015389919281]],"TBO top5 fast local search":[[151692,20.002703189849854],[125693,20.025804042816162],[120031,20.02028799057007],[46904,20.04445195198059],[46830,20.000241994857788],[46307,20.00276494026184],[157189,20.031651973724365],[142891,20.01834797859192],[130816,20.03713607788086],[49186,20.006891012191772],[43949,20.06985592842102],[44294,20.058015823364258],[147575,20.0411159992218],[145472,20.06503391265869],[120080,20.014883041381836],[47896,20.018445014953613],[47190,20.02047896385193],[50114,20.029685020446777],[162287,20.007258892059326],[148953,20.01876187324524],[116033,20.02070689201355],[50507,20.0174241065979],[45321,20.092325925827026],[49492,20.06707000732422],[156894,20.015652894973755],[140845,20.032160997390747],[117126,20.025227069854736],[49980,20.037894010543823],[46655,20.07324981689453],[46262,20.010790824890137],[285560,20.03790807723999],[237674,20.00828504562378],[186966,20.01951789855957],[84649,20.022377014160156],[75887,20.022685050964355],[67560,20.0033118724823],[291705,20.0586359500885],[250790,20.070560932159424],[206304,20.03230905532837],[86502,20.07608699798584],[77303,20.048561811447144],[72497,20.061573028564453],[275947,20.078807830810547],[284530,20.07148504257202],[205723,20.077166080474854],[83884,20.00290012359619],[79493,20.047317028045654],[73066,20.067662954330444],[293109,20.05879807472229],[261633,20.07241988182068],[202357,20.04164695739746],[83350,20.018594980239868],[78361,20.00471520423889],[77100,20.00483989715576],[297654,20.062846899032593],[270357,20.038249015808105],[217123,20.06684923171997],[85550,20.062773942947388],[78055,20.066296100616455],[68917,20.06217384338379],[402882,20.025320053100586],[349352,20.024664878845215],[294450,20.008038997650146],[111590,20.01841902732849],[101190,20.0196750164032],[81804,20.00631284713745],[421809,20.036960124969482],[351226,20.09407687187195],[283154,20.05425214767456],[113916,20.00338888168335],[103491,20.080135107040405],[82407,20.05064606666565],[392353,20.042945861816406],[402285,20.011966943740845],[333903,20.056608200073242],[113150,20.03509211540222],[102242,20.0635769367218],[81007,20.004179000854492],[417632,20.004661083221436],[332204,20.063658952713013],[301575,20.030061960220337],[114072,20.039905071258545],[102233,20.024272918701172],[80390,20.071253061294556],[378525,20.027862787246704],[372001,20.040961027145386],[296786,20.016942977905273],[113855,20.02384090423584],[102353,20.009739875793457],[84499,20.00072193145752]],"TBO top1 no local search":[[118695,20.00210189819336],[92720,20.001250982284546],[102476,20.000307083129883],[29543,20.00006604194641],[23840,20.000437021255493],[8417,20.001725912094116],[118547,20.00140619277954],[113481,20.000396013259888],[-215,20.00124502182007],[31127,20.00117588043213],[26488,20.00081491470337],[-176,20.000827074050903],[127247,20.0010929107666],[121102,20.001049041748047],[103330,20.001786947250366],[31829,20.00142192840576],[30177,20.000432014465332],[-2547,20.001828908920288],[121566,20.001003980636597],[115737,20.001079082489014],[93069,20.001734018325806],[33824,20.002432823181152],[27427,20.00177812576294],[-354,20.00074005126953],[121145,20.000158071517944],[113151,20.00036907196045],[-300,20.00009512901306],[30835,20.000919103622437],[27323,20.002026081085205],[-1002,20.00159788131714],[244215,20.001794815063477],[207077,20.001513957977295],[166700,20.001541137695312],[65041,20.000139951705933],[57644,20.000899076461792],[-440,20.001277208328247],[253434,20.001464128494263],[221576,20.000223875045776],[-733,20.001086950302124],[67460,20.000849962234497],[59308,20.001151084899902],[-1545,20.001630067825317],[246891,20.000118017196655],[251940,20.001811981201172],[185637,20.000422954559326],[65234,20.000231981277466],[58373,20.000149965286255],[-1081,20.000638961791992],[253264,20.00083899497986],[219085,20.000423192977905],[-1347,20.00144100189209],[65286,20.000423908233643],[57972,20.000386953353882],[-1232,20.001801013946533],[263632,20.001593828201294],[235982,20.00011920928955],[198149,20.00256896018982],[68934,20.001165866851807],[56940,20.001327991485596],[-1406,20.000900983810425],[372764,20.00000286102295],[326468,20.00171399116516],[-1248,20.00091290473938],[100568,20.001292943954468],[-1043,20.00090193748474],[60510,20.000347137451172],[393977,20.001177072525024],[327380,20.000412940979004],[-3177,20.00118112564087],[99392,20.000643968582153],[89428,20.000107049942017],[52372,20.000905990600586],[368744,20.00090193748474],[374223,20.001441955566406],[-1803,20.00091314315796],[99297,20.000057220458984],[88013,20.001098155975342],[-316,20.00040316581726],[386661,20.00067400932312],[316538,20.0002920627594],[-1460,20.002445936203003],[99016,20.00036597251892],[90730,20.00083088874817],[-45,20.001251220703125],[351455,20.0000901222229],[344803,20.00154995918274],[-1499,20.00172209739685],[101253,20.00102400779724],[88914,20.000309228897095],[60927,20.000211000442505]],