{"TBO top5 no local search":[[22814,20.000350952148438],[17166,20.00015091896057],[17391,20.000447988510132],[7467,20.00062918663025],[6392,20.000092029571533],[2865,20.00020408630371],[22450,20.000263929367065],[15999,20.000136137008667],[15329,20.000377893447876],[7170,20.0002601146698],[4872,20.000339031219482],[4446,20.00005006790161],[22193,20.000248908996582],[15593,20.000081062316895],[16229,20.00004506111145],[7317,20.00023317337036],[6360,20.000306129455566],[2695,20.00044012069702],[22176,20.0019428730011],[16904,20.00009298324585],[12851,20.002095937728882],[8439,20.000043869018555],[5954,20.00013494491577],[-36,20.000086069107056],[21464,20.00026512145996],[14455,20.000048875808716],[14515,20.000025033950806],[6925,20.00022792816162],[5573,20.00040292739868],[5260,20.000036001205444],[43158,20.000015020370483],[30481,20.000375032424927],[28955,20.00036597251892],[15225,20.000306129455566],[11513,20.00041103363037],[7524,20.000097036361694],[42502,20.000307083129883],[31795,20.00026798248291],[28128,20.000187873840332],[15079,20.000174045562744],[12426,20.000250101089478],[8799,20.000458002090454],[39948,20.000158071517944],[28206,20.000168085098267],[26452,20.00210404396057],[15127,20.000359058380127],[12687,20.001628160476685],[8067,20.001789808273315],[40952,20.00007390975952],[34008,20.000324964523315],[28916,20.00045895576477],[15423,20.000303983688354],[12568,20.000197887420654],[9425,20.000144004821777],[44413,20.00056004524231],[33081,20.00009799003601],[28511,20.000055074691772],[15390,20.000048875808716],[11688,20.000339031219482],[7970,20.000250101089478],[62961,20.00034809112549],[44530,20.000196933746338],[38226,20.00020408630371],[22976,20.000236988067627],[17918,20.00041890144348],[11714,20.001457929611206],[63106,20.002075910568237],[43160,20.000141143798828],[44190,20.0000159740448],[23703,20.00006604194641],[18263,20.000437021255493],[12455,20.000155925750732],[66597,20.00037908554077],[55622,20.00037384033203],[43761,20.00131607055664],[24092,20.00040102005005],[18872,20.000399112701416],[12373,20.00005006790161],[58897,20.00024104118347],[55405,20.000441074371338],[45620,20.001123905181885],[23540,20.000324964523315],[18869,20.000049114227295],[12537,20.000449895858765],[66524,20.000155925750732],[44734,20.00146508216858],[45576,20.00025486946106],[23854,20.000401973724365],[19409,20.000771045684814],[12164,20.00015902519226]],"TBO top5 fast local search":[[28367,20.00118899345398],[21400,20.007645845413208],[21599,20.0001540184021],[10376,20.00689387321472],[9301,20.008997917175293],[7663,20.00083303451538],[26316,20.00454807281494],[19827,20.00335693359375],[19246,20.005271911621094],[10271,20.005434036254883],[9526,20.00640296936035],[8041,20.001200914382935],[26391,20.002888917922974],[18993,20.009114027023315],[18583,20.007601976394653],[10496,20.005668878555298],[9048,20.00751304626465],[9001,20.002273082733154],[26133,20.00328803062439],[20171,20.00915789604187],[16835,20.005345821380615],[10885,20.001756191253662],[10134,20.003660917282104],[9186,20.003308057785034],[26603,20.005574941635132],[18893,20.00469994544983],[18221,20.007081031799316],[9871,20.00711178779602],[9162,20.006016969680786],[8605,20.00114607810974],[46306,20.001194953918457],[34902,20.00683093070984],[32973,20.00899386405945],[18236,20.005400896072388],[15278,20.00310516357422],[13472,20.008465051651],[46970,20.001213788986206],[36229,20.00821805000305],[32671,20.01077103614807],[18828,20.007710933685303],[16843,20.0020489692688],[14951,20.003688097000122],[44453,20.003063917160034],[32365,20.003567934036255],[30549,20.00899887084961],[18812,20.00261092185974],[17339,20.00654101371765],[14483,20.001745223999023],[45496,20.004870891571045],[36861,20.002886056900024],[32254,20.004426956176758],[18529,20.006304025650024],[16006,20.00905704498291],[14101,20.002936124801636],[49607,20.001609086990356],[36513,20.006558895111084],[32135,20.004403829574585],[18657,20.00314712524414],[16801,20.00107502937317],[13944,20.002947092056274],[64957,20.00319504737854],[47245,20.00008511543274],[39894,20.009220123291016],[24846,20.00283718109131],[19663,20.000656127929688],[15446,20.008413791656494],[64636,20.002781867980957],[45201,20.00951600074768],[45844,20.001070022583008],[25055,20.008682012557983],[20933,20.00599193572998],[15551,20.01123595237732],[68070,20.004395008087158],[57439,20.008550882339478],[45728,20.0016450881958],[25741,20.00028085708618],[20982,20.005948066711426],[15299,20.00388813018799],[60964,20.005244970321655],[56650,20.004733085632324],[47468,20.008140802383423],[24902,20.005110025405884],[21502,20.005908966064453],[15624,20.003765106201172],[68869,20.002028942108154],[47004,20.00079321861267],[47850,20.01032590866089],[25641,20.000133991241455],[21950,20.007631063461304],[15132,20.001278162002563]],"TBO top1 no local search":[[23266,20.000406980514526],[18642,20.00021719932556],[15375,20.000493049621582],[7951,20.000247955322266],[5739,20.000969886779785],[2573,20.000366926193237],[21842,20.001044988632202],[16392,20.000350952148438],[13951,20.00042414665222],[7425,20.000016927719116],[4885,20.000423908233643],[4254,20.00050401687622],[21630,20.000211000442505],[15670,20.001895904541016],[-386,20.000380992889404],[6711,20.000036001205444],[5094,20.00001096725464],[4011,20.000247955322266],[21931,20.000244140625],[15118,20.00034999847412],[-1568,20.00016212463379],[8112,20.000333070755005],[5727,20.00024700164795],[-288,20.00065302848816],[20528,20.000301122665405],[14544,20.002262115478516],[13913,20.000097036361694],[7500,20.000075817108154],[5001,20.000014066696167],[-53,20.000065088272095],[41082,20.00029706954956],[30733,20.00031304359436],[-120,20.000165939331055],[15406,20.001755952835083],[10449,20.000086784362793],[7696,20.000483989715576],[41619,20.00012183189392],[31709,20.00011897087097],[-134,20.000463008880615],[14521,20.000407934188843],[12868,20.000324010849],[-330,20.000267028808594],[39470,20.00085711479187],[27604,20.00039792060852],[25172,20.000087022781372],[15462,20.000261068344116],[10964,20.000048875808716],[-190,20.00024104118347],[40574,20.00025701522827],[32868,20.000185012817383],[27489,20.000189065933228],[15197,20.001435041427612],[11725,20.000236988067627],[7588,20.00040102005005],[45222,20.000277996063232],[31496,20.000219106674194],[27309,20.000004053115845],[15073,20.00041103363037],[11882,20.0000319480896],[6743,20.000468969345093],[61532,20.00007700920105],[43666,20.001134872436523],[36581,20.000200033187866],[23140,20.000216007232666],[16425,20.000194787979126],[-80,20.000382900238037],[62018,20.0003080368042],[42260,20.000009059906006],[43662,20.000251054763794],[22893,20.00016498565674],[17482,20.000355005264282],[10713,20.00017499923706],[64556,20.000097036361694],[54819,20.00039291381836],[42911,20.000033855438232],[23196,20.000417947769165],[18537,20.000184059143066],[9748,20.00029492378235],[57756,20.00040602684021],[52775,20.000423192977905],[44262,20.000425815582275],[22489,20.00005602836609],[17232,20.000080823898315],[10157,20.000308990478516],[66332,20.00008201599121],[44234,20.00001311302185],[44633,20.001029014587402],[23033,20.00132703781128],[17836,20.000051975250244],[-148,20.000452995300293]],