{"TBO top5 no local search":[[23355,10.000338077545166],[17760,10.00025200843811],[16113,10.00019097328186],[7011,10.0000581741333],[6653,10.000411987304688],[375,10.000276803970337],[21494,10.000110149383545],[15926,10.000932931900024],[15669,10.00008511543274],[7627,10.000409841537476],[5321,10.000449180603027],[2803,10.001898050308228],[21064,10.000416994094849],[14619,10.000434875488281],[-18,10.000216960906982],[7582,10.000432968139648],[5934,10.00010085105896],[3599,10.000170946121216],[22421,10.000020980834961],[16083,10.000205039978027],[-149,10.000333070755005],[7928,10.000181913375854],[5932,10.000164031982422],[-75,10.000416994094849],[20412,10.000115156173706],[15565,10.000417947769165],[-15,10.000407934188843],[6779,10.000232934951782],[5216,10.000313997268677],[3914,10.000454902648926],[41003,10.000075101852417],[30502,10.000274896621704],[28794,10.000293970108032],[14509,10.000159978866577],[10008,10.000182151794434],[8375,10.000231981277466],[42462,10.000144958496094],[31932,10.001482963562012],[27656,10.001774787902832],[15576,10.0000319480896],[12721,10.001618146896362],[7076,10.000240802764893],[39180,10.00033712387085],[27975,10.000137090682983],[26671,10.00019907951355],[15304,10.000223875045776],[12199,10.000301837921143],[7996,10.00045919418335],[39832,10.000111103057861],[32681,10.000391006469727],[28762,10.000442028045654],[14901,10.00036907196045],[12127,10.000036001205444],[8603,10.000312089920044],[44160,10.000050783157349],[31511,10.000200986862183],[28123,10.000261068344116],[14742,10.00002408027649],[11548,10.000251054763794],[7832,10.001438856124878],[62531,10.000160932540894],[44233,10.000059843063354],[37032,10.000440120697021],[22509,10.000244140625],[16930,10.000085830688477],[11127,10.000067949295044],[62723,10.00135612487793],[42763,10.000180006027222],[43593,10.000869989395142],[23435,10.000205993652344],[18608,10.000342845916748],[11493,10.000048875808716],[66361,10.000378131866455],[55881,10.000320196151733],[44124,10.000179052352905],[23580,10.000304937362671],[17718,10.000224828720093],[12576,10.000159978866577],[59047,10.000272035598755],[54433,10.000030994415283],[45862,10.000399827957153],[23152,10.000356912612915],[18680,10.000109910964966],[11635,10.00018310546875],[66831,10.001791000366211],[44283,10.000128984451294],[45371,10.000295877456665],[23599,10.000229835510254],[18770,10.000163078308105],[11680,10.001497983932495]],"TBO top5 fast local search":[[28249,10.000586032867432],[21442,10.00205111503601],[21558,10.008325099945068],[9923,10.007381916046143],[9057,10.003938913345337],[7748,10.009318828582764],[26178,10.002898931503296],[19918,10.00875997543335],[19325,10.006235837936401],[10143,10.003231048583984],[9327,10.005787134170532],[8097,10.007034063339233],[26237,10.002579927444458],[19065,10.001544952392578],[18191,10.006372928619385],[10618,10.0067720413208],[8781,10.003220081329346],[8754,10.00659704208374],[25979,10.004292011260986],[20084,10.00708794593811],[16777,10.007631063461304],[10793,10.008708000183105],[9862,10.006053924560547],[9176,10.005318880081177],[26299,10.00411581993103],[18484,10.005117177963257],[18438,10.001266956329346],[9808,10.003474950790405],[9283,10.004326105117798],[8388,10.006587028503418],[46104,10.005773782730103],[34660,10.007407188415527],[32826,10.004186153411865],[18449,10.006441116333008],[14779,10.00969910621643],[13325,10.003161907196045],[46577,10.002735137939453],[36098,10.001183032989502],[32081,10.008319854736328],[18538,10.002380847930908],[16356,10.004526138305664],[14582,10.00479006767273],[44573,10.004173994064331],[32249,10.00167989730835],[30237,10.005021095275879],[18743,10.001457929611206],[16548,10.006194114685059],[14308,10.006592035293579],[44848,10.002766132354736],[36757,10.00779414176941],[31958,10.011526823043823],[18609,10.001621961593628],[15781,10.010643005371094],[13731,10.005338907241821],[49191,10.001090049743652],[36539,10.00294303894043],[32009,10.000494956970215],[18556,10.002816915512085],[16172,10.008554935455322],[13750,10.007304191589355],[64701,10.007053136825562],[46415,10.002207040786743],[39750,10.011237859725952],[25142,10.001389980316162],[19639,10.008275032043457],[14837,10.007503986358643],[64689,10.00059700012207],[44930,10.006803035736084],[45852,10.009284019470215],[25174,10.001353025436401],[20754,10.007256031036377],[15150,10.01037311553955],[68071,10.007261037826538],[57362,10.000427007675171],[45622,10.000980138778687],[25470,10.000001907348633],[20847,10.007002115249634],[15096,10.00923490524292],[60787,10.005794048309326],[56727,10.002032995223999],[47292,10.005428075790405],[24725,10.004813194274902],[21028,10.00442099571228],[15943,10.003612041473389],[68408,10.005856990814209],[46913,10.007013082504272],[47719,10.000734090805054],[25261,10.005024909973145],[21496,10.004733085632324],[15008,10.006732940673828]],"TBO top1 no local search":[[22467,10.000262022018433],[17252,10.000073909759521],[-118,10.000464916229248],[7681,10.000223159790039],[5530,10.00008487701416],[-344,10.0001380443573],[21332,10.001428842544556],[15917,10.000354051589966],[-298,10.000155925750732],[6966,10.000038146972656],[-8,10.000200033187866],[-59,10.000446081161499],[22827,10.000401020050049],[13459,10.001379013061523],[-1173,10.00006890296936],[7286,10.0002760887146],[6556,10.000377893447876],[-528,10.000429153442383],[22465,10.00034213066101],[14960,10.00025200843811],[-1217,10.000306844711304],[7539,10.000289916992188],[5675,10.000346899032593],[-123,10.000407934188843],[20598,10.000362157821655],[13405,10.000120162963867],[-696,10.00013780593872],[7295,10.000386953353882],[3311,10.000082015991211],[-440,10.000005960464478],[41392,10.000391960144043],[29612,10.000319004058838],[25893,10.000018119812012],[15072,10.000343084335327],[10137,10.000135898590088],[-121,10.000004053115845],[43114,10.001044034957886],[30978,10.000437021255493],[28105,10.001628160476685],[15491,10.000221967697144],[13130,10.00032114982605],[6570,10.00037693977356],[39838,10.000345945358276],[27109,10.000322103500366],[-89,10.001666069030762],[14987,10.000104904174805],[10092,10.000035047531128],[-31,10.00033712387085],[38715,10.000269889831543],[31343,10.0018310546875],[25357,10.000477075576782],[15470,10.000262975692749],[11944,10.000116109848022],[6552,10.000027179718018],[43140,10.00009298324585],[31126,10.000205993652344],[26029,10.00022292137146],[15647,10.000586986541748],[12823,10.000036001205444],[-168,10.000203847885132],[61577,10.00005292892456],[43242,10.000275135040283],[36278,10.000094890594482],[22024,10.000062942504883],[16264,10.000006914138794],[-226,10.000149011611938],[62841,10.000379800796509],[41563,10.000046014785767],[43760,10.000396966934204],[22825,10.00028920173645],[17499,10.000090837478638],[11024,10.0001220703125],[65597,10.00004506111145],[54663,10.000272989273071],[42339,10.00034785270691],[22941,10.000241041183472],[17293,10.000214099884033],[-134,10.000063180923462],[57386,10.001928091049194],[53859,10.000098943710327],[44190,10.000115156173706],[22951,10.00039792060852],[18079,10.000226020812988],[10654,10.000344038009644],[65521,10.000180006027222],[43655,10.000149965286255],[44217,10.000460147857666],[22806,10.000302076339722],[18357,10.000242948532104],[-210,10.000310897827148]],