{"TBO top5 no local search":[[48642,10.000484943389893],[-1187,10.00062108039856],[-5012,10.000709056854248],[15809,10.000393152236938],[-1232,10.000412940979004],[-8755,10.000404119491577],[54696,10.000218868255615],[-162,10.000762939453125],[-1763,10.001883029937744],[16665,10.000577926635742],[-2529,10.000241994857788],[-1987,10.000743865966797],[51563,10.000710010528564],[-41,10.000929117202759],[-9128,10.000442028045654],[16691,10.000689029693604],[-3745,10.00022292137146],[-4889,10.00033187866211],[47791,10.000112056732178],[-1032,10.000725030899048],[-10581,10.000766038894653],[16020,10.00105881690979],[-1379,10.000570058822632],[-9291,10.000791072845459],[49168,10.00016713142395],[-5215,10.000016927719116],[-10378,10.000077962875366],[17978,10.00052809715271],[-661,10.002047061920166],[-7018,10.000541925430298],[99079,10.000416994094849],[-2801,10.000028133392334],[-6369,10.000720977783203],[34453,10.000416040420532],[-2342,10.000210046768188],[-5274,10.00062608718872],[109513,10.00099492073059],[-1984,10.001104831695557],[-7727,10.000375032424927],[35688,10.000534057617188],[26434,10.000042915344238],[-9965,10.00005292892456],[104252,10.000034093856812],[-2394,10.001349925994873],[-8618,10.000647068023682],[36145,10.00062894821167],[-3486,10.000502109527588],[-7480,10.000452041625977],[101011,10.000740051269531],[-4117,10.000180006027222],[-6824,10.00114107131958],[34988,10.001004934310913],[-2814,10.000056982040405],[-5724,10.00071096420288],[105864,10.00010895729065],[-983,10.002059936523438],[-3285,10.000083923339844],[32951,10.000118970870972],[-1281,10.000720977783203],[-3963,10.000946998596191],[152393,10.000948905944824],[-885,10.000795125961304],[-1827,10.000169038772583],[52601,10.00081205368042],[40785,10.000677108764648],[-2586,10.000736951828003],[155337,10.000416040420532],[-91,10.000526905059814],[-3434,10.000960111618042],[52844,10.00071907043457],[-959,10.00043797492981],[-2239,10.000550031661987],[158245,10.001638174057007],[-1543,10.00065016746521],[-4027,10.00082278251648],[53143,10.000150918960571],[-319,10.000756978988647],[-1315,10.000076055526733],[147214,10.000500917434692],[118345,10.000503063201904],[-1465,10.000977993011475],[56440,10.000149011611938],[-2133,10.00019097328186],[-3821,10.000288009643555],[158049,10.000343799591064],[-1052,10.00069284439087],[-3795,10.000339031219482],[53925,10.000613927841187],[-1452,10.00018310546875],[-3250,10.000293970108032]],"TBO top5 fast local search":[[63786,10.01425290107727],[51487,10.003287076950073],[47696,10.012655019760132],[25117,10.03105902671814],[23813,10.026422023773193],[24686,10.006745100021362],[74436,10.021594047546387],[55344,10.007353067398071],[48429,10.033557891845703],[25622,10.013108968734741],[23798,10.02048110961914],[23284,10.00282597541809],[66509,10.018249034881592],[50720,10.011250972747803],[40370,10.01475715637207],[26613,10.012505054473877],[21822,10.031889915466309],[23080,10.0327730178833],[63312,10.008546113967896],[46240,10.021947145462036],[51021,10.022047996520996],[25618,10.008669137954712],[23856,10.003363847732544],[24334,10.023084163665771],[65693,10.032953977584839],[53482,10.011642217636108],[44642,10.02946400642395],[25883,10.030726194381714],[23912,10.036041975021362],[24819,10.012717008590698],[113084,10.00758409500122],[92799,10.01958703994751],[85637,10.010778903961182],[46403,10.012892961502075],[41075,10.019113063812256],[35506,10.049844980239868],[125725,10.012959957122803],[101330,10.01836109161377],[81768,10.023195028305054],[44162,10.000226020812988],[39841,10.008579015731812],[36621,10.019086837768555],[122278,10.028133153915405],[101512,10.03092098236084],[77306,10.010396003723145],[45056,10.014693975448608],[39106,10.007175922393799],[37302,10.032068967819214],[122058,10.019083023071289],[94335,10.040647983551025],[77410,10.02473497390747],[46051,10.004557847976685],[40145,10.014330863952637],[39702,10.015480995178223],[125630,10.006573915481567],[102224,10.02468490600586],[79351,10.042160034179688],[46716,10.010950088500977],[39326,10.022119998931885],[38292,10.013374090194702],[163978,10.012770175933838],[121616,10.008440971374512],[111395,10.030097007751465],[60958,10.006855964660645],[50605,10.016616106033325],[38355,10.052846908569336],[165469,10.017432928085327],[124352,10.002325057983398],[115079,10.007903099060059],[60621,10.00885796546936],[49467,10.008295059204102],[41508,10.036687135696411],[169138,10.013064861297607],[123837,10.010348081588745],[102334,10.012327909469604],[61290,10.01643991470337],[50432,10.030725955963135],[40651,10.039380073547363],[158027,10.010569095611572],[127786,10.00367283821106],[120070,10.014302015304565],[63078,10.022856950759888],[52981,10.003448963165283],[39233,10.006992816925049],[168919,10.015903949737549],[129926,10.006742000579834],[107021,10.01633596420288],[61166,10.000418901443481],[51229,10.015444993972778],[40050,10.032856941223145]],"TBO top1 no local search":[[48642,10.000962018966675],[-1187,10.000829219818115],[-5012,10.002137899398804],[15809,10.00033187866211],[-1232,10.000455856323242],[-8755,10.002228021621704],[54696,10.000360012054443],[-162,10.000159978866577],[-1763,10.001312017440796],[16665,10.000595092773438],[-2529,10.000712156295776],[-1987,10.001749992370605],[51563,10.000693082809448],[-41,10.000366926193237],[-9128,10.000383853912354],[16691,10.000732898712158],[-3745,10.000957012176514],[-4889,10.000861883163452],[47791,10.000360012054443],[-1032,10.000495195388794],[-12619,10.000829935073853],[16581,10.000273942947388],[-1379,10.000917911529541],[-9291,10.000746011734009],[49168,10.000685214996338],[-5215,10.00093698501587],[-10378,10.000286102294922],[17978,10.000988960266113],[-661,10.000441074371338],[-7018,10.001061916351318],[99079,10.000926971435547],[-2801,10.00099802017212],[-6369,10.00101089477539],[34453,10.001842021942139],[-2342,10.000174045562744],[-5274,10.000161170959473],[109513,10.00036096572876],[-1984,10.000134944915771],[-7727,10.000460147857666],[35688,10.000503063201904],[26434,10.00088906288147],[-9965,10.000715017318726],[104252,10.000246047973633],[-2394,10.000488996505737],[-8618,10.000862121582031],[36145,10.000038146972656],[-3486,10.000980138778687],[-7480,10.000213861465454],[101011,10.000653982162476],[-4117,10.000801801681519],[-6824,10.00072193145752],[34988,10.00054407119751],[-2814,10.000633955001831],[-5724,10.000478982925415],[105864,10.000324964523315],[-983,10.000403881072998],[-3285,10.000333070755005],[32951,10.000776052474976],[-1281,10.000925064086914],[-3963,10.001708984375],[153154,10.000344038009644],[-137,10.000967979431152],[-1063,10.000262975692749],[54931,10.000130891799927],[41758,10.000735998153687],[26118,10.001422882080078],[154718,10.000630855560303],[-48,10.000391960144043],[-1495,10.000532865524292],[55290,10.000689029693604],[40617,10.000475883483887],[-876,10.001097202301025],[161390,10.000842094421387],[114872,10.00188684463501],[-971,10.000043153762817],[55402,10.000309944152832],[-302,10.000333070755005],[-896,10.00104808807373],[147103,10.000792026519775],[119318,10.000540971755981],[-1055,10.000853061676025],[57190,10.000967979431152],[39873,10.000887870788574],[-653,10.000017166137695],[158049,10.000110864639282],[123431,10.000815868377686],[99552,10.000148057937622],[54693,10.000319957733154],[39245,10.000154972076416],[-65,10.00003719329834]],