{"TBO top5 no local search":[[103628,10.002365112304688],[-2523,10.00177001953125],[-11270,10.000158071517944],[31441,10.001883029937744],[-1500,10.000332117080688],[-8377,10.001232862472534],[114940,10.000693082809448],[-2521,10.001935958862305],[-6326,10.002106189727783],[36180,10.001492023468018],[-539,10.00148606300354],[-5872,10.002135038375854],[100870,10.001792192459106],[-380,10.000185012817383],[-6689,10.00040316581726],[33573,10.001810073852539],[-2865,10.002133846282959],[-14986,10.000468015670776],[115596,10.00093388557434],[-6852,10.001878023147583],[-16241,10.001330852508545],[30835,10.000304937362671],[-5251,10.001639127731323],[-6605,10.000248193740845],[100852,10.001971006393433],[-6331,10.000622987747192],[-4764,10.001780033111572],[31332,10.000539064407349],[-1470,10.001657009124756],[-13440,10.002297163009644],[231009,10.001451015472412],[-3285,10.001871109008789],[148842,10.001537799835205],[64518,10.000216007232666],[-917,10.000335931777954],[-9976,10.000051021575928],[221315,10.002180099487305],[-1849,10.001238107681274],[-4622,10.000246047973633],[65879,10.00032901763916],[-3101,10.000526905059814],[-13195,10.00189995765686],[204713,10.00074315071106],[-3122,10.000974893569946],[-5995,10.001162767410278],[65644,10.000332117080688],[-442,10.000826120376587],[-13743,10.00131893157959],[216156,10.001381874084473],[-844,10.001296997070312],[-7740,10.001023054122925],[68273,10.000813961029053],[-5675,10.002340078353882],[-14695,10.001353979110718],[219374,10.001773834228516],[149431,10.000130891799927],[-9447,10.001984119415283],[65173,10.002242088317871],[-1544,10.000898838043213],[-15201,10.000511169433594],[344926,10.000067949295044],[-3909,10.000178098678589],[-7303,10.001598119735718],[99512,10.001680850982666],[-3024,10.00272798538208],[-5820,10.0019690990448],[323331,10.000323057174683],[-409,10.00079607963562],[-6692,10.002617120742798],[99696,10.001007080078125],[-1888,10.002080917358398],[-9983,10.0001699924469],[326389,10.001561164855957],[-1487,10.000302076339722],[-1278,10.001724004745483],[101425,10.001092910766602],[-3112,10.001708984375],[-7313,10.001351833343506],[330822,10.001035213470459],[272492,10.00084114074707],[-6107,10.00236201286316],[101621,10.001019954681396],[-6781,10.001500129699707],[-3423,10.000515937805176],[338390,10.000805139541626],[-7486,10.002310037612915],[-7256,10.002252101898193],[100035,10.00034499168396],[-2873,10.001474142074585],[-2754,10.001698017120361]],"TBO top5 fast local search":[[129865,10.06765103340149],[91120,10.118366003036499],[84518,10.070059061050415],[46132,10.037439107894897],[43421,10.052772998809814],[44922,10.027087926864624],[138664,10.08387804031372],[105871,10.100503921508789],[104765,10.05960988998413],[48146,10.135432004928589],[39774,10.088195085525513],[46283,10.004093885421753],[126344,10.018131017684937],[100529,10.02830195426941],[77496,10.08503794670105],[44916,10.135110139846802],[43322,10.042050838470459],[43503,10.10070013999939],[139791,10.020493984222412],[106002,10.039512872695923],[83680,10.095189094543457],[46059,10.021970987319946],[45820,10.051367998123169],[47970,10.066915035247803],[136200,10.073999881744385],[107529,10.072089910507202],[95581,10.080466032028198],[45787,10.09253716468811],[44361,10.092190980911255],[45355,10.029821872711182],[266228,10.078832864761353],[203125,10.099624872207642],[158094,10.097769975662231],[86418,10.042882204055786],[74453,10.039728164672852],[71539,10.072608947753906],[250732,10.045340061187744],[202815,10.143456935882568],[194821,10.082434892654419],[88617,10.067614078521729],[72590,10.068955183029175],[66426,10.058650016784668],[237314,10.102587223052979],[198477,10.007765054702759],[163528,10.097461938858032],[88504,10.034385919570923],[75060,10.074195861816406],[75961,10.083577156066895],[248100,10.069741010665894],[189262,10.085062980651855],[180622,10.017620086669922],[91539,10.07799482345581],[71946,10.040802001953125],[68656,10.019466161727905],[253848,10.098480939865112],[167493,10.005866050720215],[163648,10.060518980026245],[87553,10.055608034133911],[73744,10.09876298904419],[70292,10.097065925598145],[365995,10.100425958633423],[309842,10.054039001464844],[267139,10.030391931533813],[116012,10.06492304801941],[95518,10.082884073257446],[80836,10.056528091430664],[342930,10.08409595489502],[291544,10.073478937149048],[236584,10.051367998123169],[117199,10.066596984863281],[92902,10.060846090316772],[78337,10.059928178787231],[348793,10.036463022232056],[292534,10.009110927581787],[283501,10.032541036605835],[117091,10.064135074615479],[92454,10.090813159942627],[77220,10.123165845870972],[361886,10.004332065582275],[295621,10.057807922363281],[277818,10.0172700881958],[116631,10.056180953979492],[93712,10.008489847183228],[71313,10.009039163589478],[357309,10.01357913017273],[259680,10.055783987045288],[247462,10.040636777877808],[118190,10.05846118927002],[92896,10.095793962478638],[80630,10.083039045333862]],"TBO top1 no local search":[[103628,10.001336812973022],[-2523,10.000535011291504],[-11270,10.000048875808716],[31441,10.000822067260742],[-1500,10.000171184539795],[-8377,10.001137971878052],[114940,10.000983953475952],[-2521,10.000303983688354],[-6326,10.001443862915039],[36180,10.001290082931519],[-539,10.001580953598022],[-5872,10.000980138778687],[100870,10.001446962356567],[-380,10.000801086425781],[-6689,10.001359939575195],[33573,10.001753091812134],[-2865,10.002776145935059],[-14986,10.001950025558472],[115596,10.000385046005249],[-6852,10.002444982528687],[-16241,10.001312971115112],[30835,10.000319957733154],[-5251,10.002002954483032],[-6605,10.001439094543457],[100852,10.00106692314148],[-6331,10.001609802246094],[-4764,10.00193190574646],[31332,10.001098871231079],[-1470,10.000585079193115],[-13440,10.001708984375],[231009,10.002377033233643],[-3285,10.001785039901733],[148842,10.001136064529419],[64518,10.001760005950928],[-917,10.001298904418945],[-9976,10.000351190567017],[221315,10.002612829208374],[-1849,10.000386953353882],[-4622,10.001451015472412],[65879,10.001574993133545],[-3101,10.00194501876831],[-13195,10.000809907913208],[204713,10.001924991607666],[-3122,10.00075101852417],[-5995,10.001639127731323],[65644,10.000333070755005],[-442,10.001711130142212],[-13743,10.000729084014893],[216156,10.000384092330933],[-844,10.00191617012024],[-7740,10.001566886901855],[68273,10.000010967254639],[-5675,10.002832889556885],[-14695,10.001796007156372],[219374,10.000352144241333],[149431,10.00182294845581],[-9447,10.000854015350342],[65173,10.001718044281006],[-1544,10.000370979309082],[-15201,10.002066135406494],[344926,10.001593112945557],[-3909,10.000590085983276],[-7303,10.002424955368042],[99512,10.00170612335205],[-3024,10.000915050506592],[-5820,10.001956939697266],[323331,10.00136399269104],[-409,10.00118899345398],[-6692,10.00007677078247],[99696,10.00075912475586],[-1888,10.000827074050903],[-9983,10.00145697593689],[326389,10.00252914428711],[-1487,10.002279996871948],[-1278,10.000057935714722],[101425,10.001346826553345],[-3112,10.001115083694458],[-7313,10.00153112411499],[330822,10.0020911693573],[272492,10.001572847366333],[-6107,10.001885890960693],[101621,10.001108169555664],[-6781,10.001879930496216],[-3423,10.001035928726196],[338390,10.000056028366089],[-7486,10.0018470287323],[-7256,10.000373840332031],[100035,10.000603199005127],[-2873,10.001677989959717],[-2754,10.000581979751587]],