{"TBO top5 no local search":[[15466,10.000817060470581],[-6755,10.002747058868408],[-9266,10.00027585029602],[6930,10.000570058822632],[-3246,10.00001311302185],[-10265,10.002622842788696],[15852,10.00020694732666],[-2365,10.00021481513977],[-7993,10.00029706954956],[7455,10.000314950942993],[-3714,10.000202894210815],[-8079,10.000163078308105],[17338,10.000027894973755],[-3697,10.000290155410767],[-6480,10.000200033187866],[7944,10.000411033630371],[-3876,10.001456022262573],[-8536,10.000326871871948],[16203,10.000411987304688],[-2367,10.00043511390686],[-8805,10.000595808029175],[7511,10.00033712387085],[-4235,10.000523090362549],[-8985,10.000447988510132],[16983,10.000072002410889],[-4006,10.000501871109009],[-11062,10.000028848648071],[8002,10.001859903335571],[-5095,10.000460863113403],[-10928,10.000071048736572],[35099,10.000484943389893],[-1512,10.00040602684021],[-6185,10.000563144683838],[16880,10.000184059143066],[-1686,10.000223159790039],[-6052,10.000462055206299],[36259,10.000440120697021],[-755,10.000125169754028],[-4098,10.000473022460938],[16417,10.000036001205444],[-1507,10.000283002853394],[-4946,10.000114917755127],[34791,10.000207901000977],[-1548,10.000242948532104],[-6502,10.00017499923706],[16477,10.001237154006958],[-1492,10.000806093215942],[-5959,10.00034785270691],[35936,10.000413179397583],[-1522,10.001177072525024],[-4184,10.000104904174805],[16378,10.000200986862183],[-1818,10.000471115112305],[-6745,10.000667095184326],[37408,10.000176906585693],[-831,10.000524044036865],[-2803,10.000471115112305],[15908,10.00027585029602],[-1499,10.000985145568848],[-5641,10.000624895095825],[51941,10.000019073486328],[-809,10.00029182434082],[-5142,10.000657081604004],[25741,10.000662088394165],[-1207,10.00015902519226],[-4761,10.000457048416138],[54825,10.000289916992188],[-613,10.000715017318726],[-3162,10.000180006027222],[25379,10.000495195388794],[-806,10.000405073165894],[-2749,10.000107049942017],[59937,10.000181913375854],[-1114,10.00125503540039],[-2936,10.000105857849121],[26382,10.000762224197388],[-724,10.000095844268799],[-3279,10.000607967376709],[56081,10.000059127807617],[-329,10.000268936157227],[-2503,10.00040602684021],[26232,10.00040078163147],[-526,10.000401020050049],[-3508,10.000655174255371],[53098,10.000278949737549],[-354,10.000566005706787],[-2612,10.000309944152832],[26045,10.000962018966675],[-821,10.000916004180908],[-2491,10.000452041625977]],"TBO top5 fast local search":[[19329,10.014725923538208],[12694,10.007762908935547],[9721,10.003073930740356],[10216,10.00629997253418],[5705,10.02443790435791],[4169,10.016935110092163],[19884,10.006603956222534],[11176,10.01277494430542],[8950,10.001893997192383],[11298,10.009362936019897],[5574,10.011940956115723],[2156,10.015190124511719],[21679,10.009006023406982],[14757,10.00637698173523],[-59,10.011028051376343],[11483,10.00940203666687],[5975,10.004301071166992],[-241,10.003110885620117],[19488,10.005491971969604],[11569,10.003884077072144],[8862,10.011915922164917],[10940,10.000720977783203],[4821,10.013395071029663],[-18,10.001407861709595],[20155,10.000854969024658],[12329,10.001605987548828],[-183,10.012553930282593],[10395,10.01280403137207],[5057,10.01213002204895],[1570,10.002377986907959],[40071,10.00719690322876],[25242,10.008174896240234],[21032,10.008782148361206],[20385,10.00361704826355],[10761,10.002319812774658],[7229,10.006688833236694],[41511,10.00105905532837],[26363,10.014817953109741],[19874,10.005920886993408],[20840,10.008239984512329],[11580,10.007267951965332],[4785,10.015996932983398],[38192,10.008686065673828],[25805,10.009644031524658],[21126,10.012439966201782],[19847,10.005903005599976],[11668,10.006350040435791],[6625,10.000449180603027],[40530,10.0018949508667],[26153,10.008808135986328],[19559,10.001487016677856],[19691,10.006425142288208],[11894,10.011055946350098],[5582,10.015676021575928],[42625,10.009887933731079],[26663,10.014431953430176],[22082,10.014058828353882],[20686,10.00311803817749],[11652,10.013705968856812],[5826,10.005088090896606],[54682,10.008898973464966],[38893,10.013706922531128],[-648,10.003134965896606],[28347,10.000782012939453],[15284,10.004565954208374],[-588,10.01693606376648],[56979,10.009633779525757],[37525,10.008454084396362],[30536,10.011294841766357],[27015,10.00729489326477],[16093,10.013782978057861],[-103,10.01453685760498],[61954,10.007633209228516],[33627,10.004725933074951],[30587,10.015399932861328],[28482,10.010361909866333],[15657,10.00108790397644],[-62,10.002578973770142],[58819,10.004914045333862],[39189,10.008326053619385],[33379,10.011729001998901],[27975,10.006124019622803],[16875,10.009728908538818],[-23,10.001168012619019],[56661,10.00518012046814],[33908,10.005874156951904],[-35,10.009773015975952],[27870,10.002443075180054],[15270,10.006645917892456],[-116,10.015064001083374]],"TBO top1 no local search":[[14464,10.002036094665527],[-6887,10.000027894973755],[-13294,10.000246047973633],[7077,10.000088930130005],[-5586,10.000214099884033],[-14304,10.000456094741821],[16259,10.000417947769165],[-4787,10.000524997711182],[-12490,10.000463008880615],[7576,10.001127004623413],[-5256,10.000524997711182],[-11654,10.000025033950806],[17946,10.000370979309082],[-5115,10.000291109085083],[-11411,10.000537872314453],[6676,10.0002601146698],[-3508,10.000472068786621],[-13784,10.000394105911255],[16872,10.000034809112549],[-4466,10.000073909759521],[-8245,10.000914096832275],[7082,10.000284910202026],[-5924,10.001724004745483],[-11694,10.001723051071167],[15482,10.000447988510132],[-5356,10.000118970870972],[-15768,10.00029706954956],[7487,10.000352144241333],[-5308,10.000120878219604],[-11955,10.000578880310059],[35876,10.000150918960571],[-5778,10.000587940216064],[-10134,10.000379800796509],[15654,10.000107049942017],[-4715,10.000385046005249],[-9152,10.001157999038696],[37253,10.00033688545227],[-2817,10.000109910964966],[-13297,10.000060796737671],[15634,10.000197172164917],[-2986,10.001240015029907],[-9609,10.000057935714722],[34857,10.000314950942993],[-3433,10.000918865203857],[-8934,10.000419855117798],[16854,10.000014066696167],[-4879,10.000138998031616],[-10726,10.000499963760376],[37126,10.000438928604126],[-3140,10.001712083816528],[-11699,10.000564813613892],[16697,10.000391960144043],[-6320,10.000247955322266],[-14434,10.000142097473145],[38584,10.000164985656738],[-6087,10.000416040420532],[-9455,10.000953197479248],[16090,10.000176906585693],[-3833,10.000066041946411],[-11607,10.000344038009644],[51541,10.00039005279541],[-3028,10.001139879226685],[-8452,10.00008487701416],[24884,10.000205993652344],[-3698,10.00088882446289],[-8134,10.000406980514526],[54679,10.000062227249146],[-3185,10.000087976455688],[-9203,10.000213861465454],[24763,10.000059127807617],[-2819,10.00056004524231],[-9017,10.000347137451172],[60138,10.00023603439331],[-2162,10.000269889831543],[-8583,10.000491857528687],[25478,10.00048303604126],[-1787,10.000030040740967],[-10113,10.000422954559326],[55851,10.000142097473145],[-2180,10.000476837158203],[-7352,10.000606060028076],[25693,10.000295877456665],[-1667,10.000494956970215],[-7485,10.00048279762268],[53977,10.000248908996582],[-2025,10.000432014465332],[-9162,10.000240087509155],[24372,10.000431060791016],[-3599,10.00164008140564],[-8826,10.000144958496094]],