{"CAC 2 parents fast local search":[[30909,20.735449075698853],[28384,20.004221200942993],[21740,20.000497102737427],[10688,20.003400087356567],[10244,20.002794981002808],[10144,20.00347590446472],[27528,20.000382900238037],[26386,20.00608515739441],[26280,20.001403093338013],[11303,20.000355005264282],[11114,20.000678062438965],[10625,20.004776000976562],[30132,20.00291395187378],[23484,20.005717992782593],[20628,20.001058101654053],[10328,20.002812147140503],[10008,20.00356101989746],[10017,20.000902891159058],[30581,20.001019954681396],[27298,20.00199007987976],[21526,20.000125885009766],[10767,20.0032799243927],[10559,20.00196599960327],[10030,20.004958152770996],[33590,20.003813982009888],[30593,20.00285792350769],[25067,20.00329303741455],[10779,20.00374698638916],[10466,20.003549098968506],[9802,20.003830909729004],[51899,20.006377935409546],[44535,20.00131893157959],[40277,20.001460075378418],[18388,20.004547119140625],[17517,20.00074601173401],[15591,20.00246500968933],[53347,20.002251863479614],[47809,20.00121808052063],[38008,20.001623153686523],[18216,20.002622842788696],[16963,20.000631093978882],[15986,20.00220489501953],[54286,20.000553131103516],[48750,20.000742197036743],[38292,20.002443075180054],[17697,20.0032639503479],[16411,20.001291036605835],[15781,20.001056909561157],[54328,20.00493288040161],[48744,20.000449895858765],[37287,20.00043797492981],[18385,20.002277135849],[17272,20.001270055770874],[16007,20.003592014312744],[54458,20.00027108192444],[49392,20.004096031188965],[38722,20.00478196144104],[17402,20.001049041748047],[17027,20.00369691848755],[15439,20.001022815704346],[78877,20.001764059066772],[64688,20.0020170211792],[52530,20.000072956085205],[23268,20.00089192390442],[21562,20.001512050628662],[18594,20.002147912979126],[76128,20.002346992492676],[59959,20.00017499923706],[54806,20.00062918663025],[23930,20.001394987106323],[22625,20.002642154693604],[18431,20.00347590446472],[73143,20.002501964569092],[70588,20.001638174057007],[57511,20.002851009368896],[23358,20.00434899330139],[21839,20.00407099723816],[18029,20.00152015686035],[80915,20.002254962921143],[67147,20.003169059753418],[66742,20.002936840057373],[23850,20.002293825149536],[22996,20.00067901611328],[19402,20.000858783721924],[68825,20.002180099487305],[62642,20.001757860183716],[53350,20.002485036849976],[21588,20.004595041275024],[19614,20.00414204597473],[17346,20.000017166137695]],"CAC 2 parents no local search":[[29342,20.115587949752808],[26130,20.000032901763916],[19007,20.000093936920166],[9640,20.0000159740448],[8924,20.00042414665222],[6652,20.000054121017456],[25889,20.00006413459778],[24973,20.00004005432129],[24035,20.000085830688477],[10420,20.000001907348633],[9004,20.000033855438232],[8224,20.00002694129944],[28155,20.000004053115845],[20881,20.000087022781372],[17637,20.000096797943115],[8765,20.00000500679016],[9016,20.00004816055298],[6733,20.00002694129944],[27128,20.000083923339844],[25966,20.000035047531128],[18379,20.00003695487976],[9213,20.00006103515625],[8586,20.0000479221344],[7202,20.000087022781372],[32269,20.00002384185791],[26641,20.00004816055298],[22890,20.000002145767212],[9506,20.000635147094727],[9380,20.000096797943115],[8437,20.000012159347534],[50636,20.000056982040405],[43166,20.000020027160645],[39037,20.00010085105896],[17447,20.000489950180054],[16175,20.000077962875366],[12073,20.000075101852417],[51413,20.00009799003601],[44445,20.000051975250244],[35586,20.00002098083496],[16979,20.000010013580322],[15380,20.000041961669922],[13741,20.00006103515625],[53074,20.000078916549683],[46024,20.000012159347534],[34973,20.000013828277588],[16296,20.000070810317993],[13987,20.000664949417114],[11494,20.000090837478638],[52830,20.00011396408081],[46585,20.000056982040405],[34911,20.00005793571472],[16692,20.000303030014038],[15320,20.000063180923462],[12468,20.00010085105896],[52509,20.000081062316895],[47179,20.00006914138794],[36073,20.000049114227295],[16429,20.00008797645569],[14608,20.000074863433838],[12305,20.00011110305786],[76821,20.00004005432129],[62857,20.000054121017456],[49837,20.000044107437134],[22227,20.000007152557373],[20556,20.0000901222229],[15741,20.00005292892456],[74543,20.000070095062256],[58531,20.000038862228394],[52618,20.000088214874268],[22967,20.000062942504883],[20521,20.000036001205444],[16802,20.000055074691772],[71929,20.000009059906006],[68667,20.000098943710327],[55397,20.000067949295044],[22344,20.000036001205444],[20933,20.000019073486328],[15081,20.000098943710327],[79561,20.000503063201904],[65958,20.000025987625122],[64608,20.00002098083496],[22864,20.000009059906006],[20903,20.00008201599121],[16825,20.00011396408081],[67543,20.000061988830566],[61609,20.000030040740967],[51516,20.00000810623169],[20929,20.00007700920105],[18842,20.000017881393433],[14852,20.000008821487427]],"CAC 5 parents no local search":[[29181,20.000080108642578],[24918,20.000066995620728],[18666,20.000039100646973],[8680,20.000126123428345],[8756,20.000025033950806],[6966,20.00014305114746],[25232,20.000146865844727],[24046,20.000170946121216],[23121,20.00008988380432],[10329,20.0000901222229],[9267,20.000006914138794],[7251,20.000142812728882],[27403,20.000051021575928],[20030,20.00014615058899],[18220,20.000109910964966],[9143,20.000030994415283],[8230,20.00010585784912],[7192,20.000025033950806],[28081,20.00012493133545],[25311,20.000014066696167],[17870,20.00001621246338],[9453,20.000051975250244],[8936,20.0002760887146],[5642,20.000077962875366],[31515,20.000056982040405],[26843,20.000118017196655],[22582,20.00018000602722],[9532,20.000004053115845],[8480,20.000129222869873],[7521,20.000019073486328],[49498,20.000092029571533],[41662,20.000046014785767],[37882,20.000010013580322],[17329,20.000146865844727],[15686,20.000021934509277],[12307,20.000032901763916],[50642,20.000119924545288],[42879,20.0003879070282],[34780,20.000246047973633],[16387,20.000122785568237],[15320,20.000120162963867],[11389,20.00007200241089],[52044,20.000109910964966],[45007,20.00015902519226],[35195,20.000094890594482],[16063,20.00014615058899],[13919,20.000054121017456],[11088,20.000046968460083],[52361,20.000102996826172],[46884,20.00005292892456],[35157,20.000056982040405],[16756,20.000054121017456],[14993,20.000030994415283],[12378,20.000078916549683],[52644,20.0000581741333],[45948,20.000124216079712],[36274,20.000030994415283],[16534,20.00015091896057],[15167,20.000145196914673],[12057,20.000126123428345],[77432,20.000046968460083],[62649,20.000087022781372],[50613,20.000004053115845],[21633,20.000097036361694],[19555,20.000145196914673],[15529,20.000153064727783],[74308,20.000112056732178],[58210,20.000108003616333],[51073,20.000082969665527],[22904,20.000088930130005],[20438,20.000078916549683],[15163,20.000067949295044],[71974,20.000000953674316],[68665,20.000051021575928],[54519,20.000128030776978],[21782,20.0001220703125],[20397,20.000014066696167],[15065,20.000107049942017],[79430,20.000029802322388],[64621,20.000118017196655],[64122,20.000688791275024],[22356,20.000005960464478],[21330,20.00008797645569],[17328,20.000108003616333],[67159,20.000112056732178],[60066,20.000015020370483],[50675,20.000091791152954],[20490,20.000036001205444],[18360,20.000071048736572],[13887,20.000013828277588]],