{"CAC 2 parents fast local search":[[30845,10.722856044769287],[28251,10.003691911697388],[21740,10.002009868621826],[10651,10.000746965408325],[10207,10.003151178359985],[10083,10.000830173492432],[27528,10.002398014068604],[26386,10.00222396850586],[26280,10.004270076751709],[11303,10.001158952713013],[11114,10.004239082336426],[10625,10.003111839294434],[30132,10.0016770362854],[23484,10.001562118530273],[20628,10.001787900924683],[10294,10.001849889755249],[9910,10.004150152206421],[10003,10.001808166503906],[30581,10.002007007598877],[27298,10.00252103805542],[21526,10.002693891525269],[10767,10.000595092773438],[10559,10.000355958938599],[10030,10.00248908996582],[33590,10.00437593460083],[30632,10.000365018844604],[25054,10.003767967224121],[10738,10.004122972488403],[10494,10.002262115478516],[9776,10.001469135284424],[51863,10.001452922821045],[44519,10.001247882843018],[40222,10.003207921981812],[18391,10.002743005752563],[17504,10.003397941589355],[15457,10.002104043960571],[53141,10.001115083694458],[47809,10.001367092132568],[38066,10.00333309173584],[18199,10.00293493270874],[16963,10.001957893371582],[15834,10.00440502166748],[54296,10.002782106399536],[48750,10.00099492073059],[38221,10.002684116363525],[17670,10.001281976699829],[16375,10.002958059310913],[15781,10.004167079925537],[54304,10.001513957977295],[48744,10.000494956970215],[37275,10.000670194625854],[18385,10.00314998626709],[17198,10.002257108688354],[15980,10.00259017944336],[54359,10.002111196517944],[49375,10.003001928329468],[38722,10.003058910369873],[17454,10.00180196762085],[17027,10.002652168273926],[15287,10.004014015197754],[78747,10.000607967376709],[64688,10.001825094223022],[52530,10.000120162963867],[23268,10.000083923339844],[21562,10.004384994506836],[18536,10.001063108444214],[76112,10.00221586227417],[59951,10.001857042312622],[54806,10.000311851501465],[23930,10.002470970153809],[22625,10.000672101974487],[18431,10.003782987594604],[73125,10.001424074172974],[70588,10.002188205718994],[57480,10.00009298324585],[23358,10.002721071243286],[21839,10.002191066741943],[18029,10.002493858337402],[80915,10.000293970108032],[67121,10.002448081970215],[66742,10.002032995223999],[23871,10.002671003341675],[22924,10.003154993057251],[19404,10.00002408027649],[68825,10.000026941299438],[62683,10.002593040466309],[53350,10.000362873077393],[21540,10.00017499923706],[19614,10.00133490562439],[17346,10.001897096633911]],"CAC 2 parents no local search":[[28008,10.116288900375366],[24967,10.000070095062256],[17881,10.000097036361694],[9062,10.000050067901611],[8930,10.000001907348633],[7446,10.000012159347534],[25270,10.000072956085205],[23990,10.000076055526733],[22668,10.00003695487976],[9741,10.000010013580322],[8836,10.000104188919067],[5751,10.000029802322388],[27928,10.00000286102295],[20368,10.000001907348633],[17180,10.000048875808716],[9166,10.000043869018555],[8621,10.000049114227295],[7447,10.000036001205444],[28073,10.00006103515625],[24335,10.000012159347534],[18777,10.000081062316895],[9683,10.000020027160645],[9539,10.000080108642578],[7229,10.000070095062256],[31562,10.000015020370483],[28952,10.000022172927856],[23157,10.000041007995605],[8813,10.000020980834961],[9126,10.000066995620728],[7118,10.000080108642578],[50091,10.000044822692871],[42852,10.000055074691772],[37419,10.000082969665527],[17534,10.000030994415283],[15404,10.000030994415283],[12388,10.000110864639282],[51527,10.0000159740448],[45586,10.000001907348633],[34345,10.000056028366089],[16592,10.000011920928955],[14895,10.000087976455688],[12458,10.000027894973755],[52532,10.000027179718018],[46780,10.000017881393433],[35941,10.000075817108154],[15801,10.00003695487976],[15143,10.000091075897217],[13408,10.000083923339844],[52808,10.000078916549683],[44164,10.0000319480896],[34891,10.000004053115845],[17060,10.000057935714722],[15627,10.000105142593384],[10915,10.000034093856812],[52206,10.000091791152954],[46353,10.000086069107056],[35595,10.000025033950806],[16429,10.000097036361694],[15804,10.000028848648071],[12256,10.000525951385498],[77003,10.000096082687378],[63144,10.000072002410889],[50549,10.000117063522339],[21985,10.000082015991211],[20588,10.000030994415283],[16198,10.000039100646973],[74129,10.000027894973755],[58069,10.000004053115845],[52656,10.000060081481934],[23352,10.000030994415283],[21413,10.000074863433838],[16090,10.000072002410889],[72192,10.000030040740967],[68690,10.000064849853516],[55048,10.000059843063354],[22333,10.000099897384644],[20767,10.00000810623169],[15096,10.0000319480896],[80647,10.000082969665527],[65585,10.000104904174805],[65608,10.000075101852417],[23257,10.00002121925354],[21773,10.000046968460083],[17430,10.000116109848022],[67559,10.000044107437134],[60725,10.000082015991211],[51079,10.000079870223999],[21219,10.000078916549683],[18104,10.000041961669922],[14845,10.000025033950806]],"CAC 5 parents no local search":[[28158,10.000016927719116],[24367,10.00006103515625],[19489,10.0001380443573],[9282,10.000142812728882],[8239,10.000151872634888],[7118,10.000065088272095],[25204,10.000033140182495],[22645,10.000128030776978],[23247,10.000128984451294],[9551,10.000056982040405],[9087,10.000010013580322],[5570,10.000032901763916],[27672,10.000001907348633],[19548,10.000070095062256],[17911,10.000082015991211],[8299,10.000020980834961],[7815,10.000104904174805],[6581,10.000136852264404],[27330,10.000519037246704],[24681,10.000140905380249],[18278,10.000021934509277],[9538,10.00000810623169],[7302,10.000125169754028],[6782,10.000082015991211],[31584,10.000027179718018],[27474,10.000082015991211],[22989,10.000146865844727],[8704,10.000154972076416],[9085,10.000113010406494],[6658,10.000254154205322],[50268,10.000051021575928],[42172,10.000006914138794],[36079,10.000178098678589],[17176,10.000082015991211],[15646,10.000094175338745],[12244,10.000034093856812],[50335,10.000098943710327],[43926,10.000108003616333],[34756,10.000132083892822],[16997,10.000118970870972],[15118,10.000110149383545],[12016,10.000144004821777],[52121,10.000069856643677],[45575,10.00006890296936],[33149,10.000027894973755],[16264,10.000003099441528],[13767,10.00001311302185],[11263,10.000078916549683],[52872,10.000112056732178],[46634,10.000020980834961],[33803,10.000067949295044],[17125,10.000056982040405],[14633,10.000093936920166],[10324,10.000162124633789],[51004,10.000126838684082],[46022,10.000030994415283],[34900,10.00019097328186],[16489,10.00055193901062],[14934,10.000151872634888],[11301,10.00012493133545],[76816,10.000054836273193],[62435,10.000026941299438],[50206,10.000050067901611],[21643,10.000082969665527],[19962,10.000097036361694],[16234,10.000093936920166],[74702,10.000050067901611],[58356,10.000051021575928],[53066,10.0000479221344],[22956,10.000036001205444],[21760,10.000051021575928],[14370,10.000003099441528],[71645,10.000041007995605],[67912,10.00003695487976],[55046,10.000130891799927],[22007,10.000136852264404],[20615,10.000009059906006],[14172,10.00050401687622],[79605,10.000136137008667],[65427,10.000010013580322],[63726,10.000034093856812],[22691,10.00012493133545],[21430,10.000075101852417],[15637,10.000149011611938],[66424,10.000143051147461],[60604,10.000078916549683],[50432,10.000118970870972],[20412,10.000110149383545],[17832,10.000092029571533],[14643,10.000010013580322]],