{"CAC 2 parents fast local search":[[85231,20.001784086227417],[78218,20.002193927764893],[67988,20.0064218044281],[28472,20.00528120994568],[26460,20.00631022453308],[26781,20.001483917236328],[76592,20.00508403778076],[74970,20.011157035827637],[60589,20.010589122772217],[28893,20.012957096099854],[26637,20.009255170822144],[26329,20.011449098587036],[81160,20.00529384613037],[70784,20.011152982711792],[61974,20.00809621810913],[27983,20.001133918762207],[27274,20.003556966781616],[26125,20.00820803642273],[81318,20.00102210044861],[80042,20.013067960739136],[66415,20.002234935760498],[27836,20.003804922103882],[26169,20.002811908721924],[25252,20.00627303123474],[81236,20.006556034088135],[70704,20.01040506362915],[61834,20.011770009994507],[28976,20.002743005752563],[27249,20.005812168121338],[25874,20.01046395301819],[152266,20.006196975708008],[130638,20.013411045074463],[127773,20.003851175308228],[48229,20.01053786277771],[44166,20.00144910812378],[40940,20.00463604927063],[137191,20.00055718421936],[131006,20.009946823120117],[119756,20.00237202644348],[47587,20.005388021469116],[44472,20.0017511844635],[41434,20.00824499130249],[143911,20.001199960708618],[133861,20.000115871429443],[102596,20.003061056137085],[47626,20.007093906402588],[43395,20.00159192085266],[42193,20.00281596183777],[138407,20.002273082733154],[119596,20.003674030303955],[107937,20.005429983139038],[47649,20.008852005004883],[43291,20.007690906524658],[40644,20.01226282119751],[136137,20.006581783294678],[128434,20.01097798347473],[114250,20.01112198829651],[48936,20.010058879852295],[45529,20.002084016799927],[43112,20.008182048797607],[220263,20.000890016555786],[193923,20.00624990463257],[161875,20.002828121185303],[60481,20.00620198249817],[53956,20.004146814346313],[48149,20.004873037338257],[199109,20.00202703475952],[164837,20.008415937423706],[174622,20.001470804214478],[61240,20.005470991134644],[55746,20.002849817276],[47399,20.009133100509644],[223862,20.001021146774292],[186253,20.006587028503418],[150388,20.010399103164673],[62444,20.008815050125122],[57217,20.006457090377808],[50441,20.00862693786621],[189563,20.000043153762817],[170775,20.003326892852783],[150010,20.002578020095825],[60825,20.005974054336548],[55666,20.008089065551758],[47229,20.005188941955566],[197775,20.008591890335083],[185707,20.00270915031433],[154287,20.004716873168945],[58948,20.00616717338562],[54430,20.004770040512085],[47438,20.005029916763306]],"CAC 2 parents no local search":[[77836,20.00138807296753],[68516,20.00018000602722],[57613,20.0000479221344],[24888,20.000182151794434],[22860,20.000108003616333],[16152,20.000286102294922],[69837,20.000138998031616],[67917,20.0001859664917],[54549,20.000134229660034],[23790,20.00005602836609],[21462,20.00017499923706],[16402,20.000030040740967],[71949,20.000076055526733],[61620,20.000102043151855],[55852,20.000324010849],[23987,20.000196933746338],[22138,20.00020408630371],[18700,20.00021004676819],[69685,20.00016212463379],[72704,20.000171899795532],[54723,20.000284910202026],[23841,20.000033855438232],[20910,20.000226974487305],[18460,20.000193119049072],[72956,20.000126123428345],[62472,20.000097036361694],[54333,20.00113606452942],[25482,20.00000810623169],[20613,20.000011920928955],[18712,20.00148892402649],[141761,20.00014591217041],[123976,20.000209093093872],[119260,20.000277042388916],[42716,20.000084161758423],[39162,20.000011920928955],[33756,20.000865936279297],[129499,20.000612020492554],[124046,20.000147104263306],[111922,20.000086069107056],[43086,20.0000159740448],[39521,20.000113010406494],[33765,20.000226974487305],[136667,20.0001859664917],[125416,20.000560998916626],[92686,20.000064849853516],[42628,20.000176906585693],[37722,20.000727891921997],[35235,20.00014090538025],[130233,20.000200033187866],[111458,20.000039100646973],[99364,20.000169038772583],[43256,20.000216960906982],[37185,20.00001096725464],[33351,20.000121116638184],[130404,20.000049114227295],[121214,20.000081777572632],[105691,20.000283002853394],[43486,20.000164031982422],[39743,20.000054121017456],[33922,20.000267028808594],[215709,20.000033855438232],[187141,20.001286029815674],[156674,20.000066995620728],[55909,20.000147819519043],[50343,20.000064849853516],[39640,20.0000159740448],[194589,20.00007200241089],[158564,20.000121116638184],[169253,20.0000638961792],[57607,20.000112056732178],[51441,20.00012707710266],[41067,20.0001859664917],[218461,20.000147104263306],[181399,20.00007200241089],[144334,20.00024914741516],[60214,20.00006604194641],[52286,20.00017285346985],[43601,20.000168085098267],[182614,20.000015020370483],[166341,20.000116109848022],[145086,20.00007200241089],[57478,20.00008797645569],[52261,20.000264167785645],[38999,20.000148057937622],[192973,20.00006413459778],[180168,20.000055074691772],[148629,20.0002019405365],[54860,20.000128984451294],[49441,20.00009298324585],[39012,20.000144004821777]],"CAC 5 parents no local search":[[76626,20.000293970108032],[69968,20.00023317337036],[57007,20.000112056732178],[24117,20.00024104118347],[22061,20.000309944152832],[19426,20.00012183189392],[70035,20.00025701522827],[66649,20.00016188621521],[55893,20.00025200843811],[24727,20.000112056732178],[22227,20.00021195411682],[18464,20.000205039978027],[74120,20.000205993652344],[60726,20.000162839889526],[53410,20.000218868255615],[23869,20.000139951705933],[22629,20.000197172164917],[19259,20.000083923339844],[74024,20.00018000602722],[71327,20.000192165374756],[57037,20.000859022140503],[23629,20.00048017501831],[21270,20.000293016433716],[18059,20.000322103500366],[73198,20.000145196914673],[62886,20.00024700164795],[51468,20.000075817108154],[24785,20.000208854675293],[22086,20.0002760887146],[18746,20.00003409385681],[144213,20.000088930130005],[122741,20.00016498565674],[120056,20.000335216522217],[44092,20.000226974487305],[39497,20.000091075897217],[33374,20.00003719329834],[130855,20.000155925750732],[121313,20.00105118751526],[111841,20.001209020614624],[43241,20.000154972076416],[39213,20.000014066696167],[30596,20.00034213066101],[137459,20.00014901161194],[125506,20.000309944152832],[93227,20.000035047531128],[42759,20.00016188621521],[38511,20.00016713142395],[32874,20.000022888183594],[132358,20.00002121925354],[113087,20.000049114227295],[100335,20.000171899795532],[42756,20.000232934951782],[36146,20.000306844711304],[29036,20.000279903411865],[130717,20.000216007232666],[119320,20.000236988067627],[106167,20.00002694129944],[43773,20.00001311302185],[38851,20.000065088272095],[34641,20.000264883041382],[215511,20.00015902519226],[188561,20.000273942947388],[155589,20.000128984451294],[56827,20.001460075378418],[51221,20.000005960464478],[40019,20.000023126602173],[194096,20.000123023986816],[160310,20.000183820724487],[169570,20.000189065933228],[58460,20.000241994857788],[51646,20.00132703781128],[39788,20.000228881835938],[218250,20.000092029571533],[179105,20.000137090682983],[143316,20.000063180923462],[58879,20.000634908676147],[52310,20.000216007232666],[42819,20.000334978103638],[184861,20.00005793571472],[165094,20.00127601623535],[145250,20.000134229660034],[57581,20.000214099884033],[51311,20.000283002853394],[37286,20.000158071517944],[193287,20.000032901763916],[181095,20.000015020370483],[149018,20.00146198272705],[55539,20.000410079956055],[48746,20.000269174575806],[40954,20.000223875045776]],