{"CAC 2 parents fast local search":[[28456,20.00098705291748],[21791,20.001233100891113],[22054,20.001715898513794],[10886,20.002270221710205],[9785,20.00460696220398],[8560,20.002459049224854],[26397,20.001595973968506],[20566,20.0012469291687],[20103,20.00575590133667],[10626,20.002973079681396],[9796,20.001401901245117],[8493,20.002914905548096],[26775,20.000130891799927],[19517,20.000761032104492],[19130,20.0021390914917],[10819,20.002495050430298],[9578,20.0020010471344],[9157,20.00069785118103],[26470,20.00502300262451],[20516,20.000009059906006],[17416,20.00002384185791],[11271,20.002871990203857],[10544,20.000452995300293],[9622,20.002262115478516],[26603,20.00196599960327],[19264,20.004793882369995],[18655,20.001604080200195],[10583,20.003544092178345],[9877,20.00446105003357],[8713,20.00968599319458],[47132,20.004874229431152],[35871,20.00688409805298],[33736,20.000205993652344],[18918,20.001332998275757],[16196,20.005834102630615],[14151,20.010291814804077],[47578,20.00212287902832],[37097,20.00270104408264],[33567,20.00320291519165],[19559,20.001595973968506],[17880,20.00054097175598],[15457,20.003231048583984],[45259,20.006168127059937],[33365,20.00640606880188],[31390,20.000237941741943],[19695,20.00334596633911],[17899,20.001133918762207],[15269,20.003138065338135],[45819,20.002633094787598],[37908,20.002808809280396],[33407,20.004142999649048],[19510,20.000118017196655],[16839,20.003323078155518],[14642,20.000932931900024],[49974,20.002311944961548],[37301,20.00067400932312],[33240,20.000715970993042],[19531,20.002822875976562],[17308,20.002032041549683],[14853,20.004016876220703],[65676,20.004724979400635],[47903,20.005045175552368],[40912,20.002249002456665],[25509,20.00123381614685],[20637,20.007261991500854],[16309,20.00322389602661],[65696,20.002166032791138],[46345,20.000498056411743],[47063,20.005871057510376],[25645,20.003997087478638],[22128,20.004032135009766],[16880,20.005481004714966],[69046,20.000113010406494],[58411,20.00002384185791],[46897,20.004199028015137],[26050,20.000169038772583],[21783,20.000962018966675],[16453,20.003321886062622],[61968,20.00285816192627],[57761,20.000231981277466],[48585,20.00255012512207],[25413,20.000480890274048],[21896,20.00287103652954],[16975,20.005410194396973],[69661,20.0006320476532],[48189,20.000476121902466],[48766,20.00349187850952],[26204,20.00475311279297],[22323,20.00584888458252],[15881,20.003051042556763]],"CAC 2 parents no local search":[[25856,20.0000319480896],[18529,20.00009799003601],[18305,20.000260829925537],[9163,20.00104308128357],[6981,20.000072956085205],[5254,20.000337839126587],[23954,20.0000741481781],[18384,20.000144958496094],[16807,20.00012493133545],[9097,20.00007700920105],[6770,20.002089977264404],[4336,20.00119113922119],[24836,20.000049829483032],[16404,20.000022888183594],[15415,20.000082969665527],[9733,20.00018000602722],[7193,20.000185012817383],[4825,20.000137090682983],[24746,20.00012493133545],[17577,20.000056982040405],[13681,20.00045108795166],[9634,20.00000810623169],[7669,20.000226974487305],[5262,20.000076055526733],[23385,20.000182151794434],[15388,20.0000479221344],[15009,20.000179052352905],[9696,20.000118017196655],[6554,20.000946044921875],[3989,20.0001540184021],[44646,20.000144004821777],[31953,20.00002908706665],[28438,20.00105094909668],[17111,20.00006914138794],[11165,20.000115871429443],[9141,20.001620054244995],[45665,20.000094890594482],[33768,20.001535892486572],[28576,20.000025987625122],[17968,20.000149965286255],[14765,20.0000741481781],[9365,20.00015902519226],[42326,20.00022006034851],[29785,20.001456022262573],[28219,20.0002179145813],[16960,20.00011897087097],[14732,20.00012707710266],[9105,20.000014066696167],[43233,20.00004005432129],[35284,20.000368118286133],[28632,20.000329971313477],[17383,20.000010013580322],[15190,20.000043869018555],[8743,20.0000741481781],[47619,20.000043153762817],[33718,20.00001883506775],[29370,20.000123977661133],[18384,20.00010895729065],[14662,20.0000159740448],[9184,20.00019097328186],[63801,20.000076055526733],[43395,20.00002694129944],[38355,20.000102996826172],[23981,20.000108003616333],[17764,20.000311136245728],[10630,20.000112056732178],[64201,20.000123023986816],[42914,20.000590085983276],[45065,20.000051021575928],[24808,20.000108003616333],[18921,20.00009298324585],[11801,20.000083923339844],[66668,20.00009799003601],[55606,20.000061988830566],[44403,20.000053882598877],[25021,20.000076055526733],[17937,20.00005292892456],[12660,20.000081062316895],[60261,20.00010085105896],[55560,20.000094890594482],[45047,20.000160932540894],[24156,20.00007915496826],[18608,20.000006914138794],[12774,20.000071048736572],[67246,20.000025033950806],[45055,20.00002908706665],[47096,20.000137090682983],[25426,20.000092029571533],[19908,20.000046968460083],[11510,20.00052785873413]],"CAC 5 parents no local search":[[25458,20.00003218650818],[18853,20.000086069107056],[18534,20.000327825546265],[9411,20.000151872634888],[6906,20.00016713142395],[4308,20.000311851501465],[24100,20.000277996063232],[16927,20.000006914138794],[16623,20.000327110290527],[8300,20.00002908706665],[5958,20.000000953674316],[4126,20.000333070755005],[24575,20.00007390975952],[15673,20.000202178955078],[15426,20.000055074691772],[9564,20.00014591217041],[6074,20.001788854599],[4308,20.000168085098267],[24316,20.00020694732666],[16834,20.00002098083496],[13140,20.000168085098267],[9775,20.000178813934326],[7388,20.000036001205444],[4728,20.000080108642578],[23505,20.000200986862183],[16214,20.000752925872803],[15009,20.000118017196655],[9179,20.000030994415283],[6780,20.00008797645569],[4594,20.001993894577026],[46125,20.000001907348633],[31916,20.000185012817383],[28550,20.00222086906433],[17681,20.000079870224],[11310,20.000291109085083],[8517,20.0001859664917],[44819,20.000102996826172],[31252,20.000076055526733],[29749,20.000141859054565],[17783,20.00005602836609],[14084,20.00017213821411],[8820,20.000288009643555],[43397,20.000191926956177],[28289,20.000179052352905],[26646,20.000099897384644],[17441,20.000100135803223],[12932,20.000844955444336],[9496,20.000167846679688],[43303,20.000173091888428],[34652,20.000104904174805],[28195,20.000176906585693],[16732,20.000126123428345],[13739,20.000035047531128],[7101,20.00021481513977],[48322,20.000125885009766],[33651,20.000158071517944],[28537,20.00019407272339],[17951,20.00005316734314],[13505,20.000062942504883],[8163,20.000113010406494],[63956,20.000093936920166],[43992,20.000004053115845],[37160,20.000487089157104],[23857,20.000055074691772],[17250,20.000011920928955],[11621,20.00012493133545],[63756,20.00015902519226],[43418,20.000021934509277],[43593,20.000009059906006],[23898,20.0001540184021],[18372,20.000185012817383],[12263,20.00017499923706],[67579,20.000128030776978],[55735,20.000142097473145],[43318,20.000107049942017],[24765,20.00015091896057],[17618,20.00015091896057],[10279,20.00000810623169],[59786,20.00011396408081],[54157,20.000090837478638],[45715,20.000021934509277],[23861,20.00010108947754],[17495,20.00005006790161],[10728,20.000024795532227],[67260,20.000169038772583],[44814,20.00001811981201],[45482,20.000090837478638],[24828,20.000071048736572],[19066,20.000186920166016],[11770,20.00019884109497]],