{"CAC 2 parents fast local search":[[28345,10.006020069122314],[21599,10.002837181091309],[21935,10.006814956665039],[10744,10.00368595123291],[9917,10.001097917556763],[8210,10.004210948944092],[26382,10.004281997680664],[20478,10.000611066818237],[20103,10.003155946731567],[10525,10.00485110282898],[9610,10.00206708908081],[8377,10.000755071640015],[26818,10.003345966339111],[19272,10.006014108657837],[19133,10.00809097290039],[10841,10.003313064575195],[10000,10.002421140670776],[9152,10.006983041763306],[26487,10.003745079040527],[20485,10.004036903381348],[17392,10.005537986755371],[11202,10.004509925842285],[10510,10.002976894378662],[9622,10.00075888633728],[26603,10.00595998764038],[19264,10.004106998443604],[18619,10.00146198272705],[10488,10.002904891967773],[9877,10.00289797782898],[8745,10.004307985305786],[46986,10.004209041595459],[35871,10.002930164337158],[33736,10.002380132675171],[18957,10.004028081893921],[16008,10.006104946136475],[14151,10.006947040557861],[47538,10.002480030059814],[37004,10.003870010375977],[33467,10.002703189849854],[19545,10.000458002090454],[17811,10.006347894668579],[15490,10.004652976989746],[45172,10.003297805786133],[33357,10.000094890594482],[31371,10.000043869018555],[19695,10.001435041427612],[17810,10.003182888031006],[15097,10.001482009887695],[45868,10.004978895187378],[37836,10.002388000488281],[33321,10.001435041427612],[19419,10.003159046173096],[17021,10.003453969955444],[14506,10.004220962524414],[50073,10.001418113708496],[37429,10.005522966384888],[33238,10.005271911621094],[19531,10.003201007843018],[17202,10.000854969024658],[14853,10.005462884902954],[65643,10.001688003540039],[47903,10.00298810005188],[40969,10.002378940582275],[25472,10.003399133682251],[20637,10.006461143493652],[16309,10.002526998519897],[65677,10.005656003952026],[46345,10.000436067581177],[47022,10.004377841949463],[25645,10.005921125411987],[22059,10.004606008529663],[16880,10.001228094100952],[68816,10.000368118286133],[58394,10.004769086837769],[46992,10.001464128494263],[26050,10.005316972732544],[21748,10.003964900970459],[16453,10.000447034835815],[62036,10.002594947814941],[57632,10.007143020629883],[48508,10.000768184661865],[25369,10.005456924438477],[21963,10.000317096710205],[16975,10.004821062088013],[69529,10.003929138183594],[48189,10.00405216217041],[48825,10.004568099975586],[26204,10.000142097473145],[22323,10.006829023361206],[15887,10.005068063735962]],"CAC 2 parents no local search":[[27059,10.000187158584595],[17935,10.000076055526733],[19076,10.000073194503784],[9830,10.000066995620728],[6832,10.000034093856812],[4785,10.000303030014038],[24336,10.000083923339844],[17664,10.000095844268799],[16254,10.000148057937622],[9619,10.000019073486328],[5735,10.001953125],[4582,10.000050067901611],[24841,10.000051975250244],[16254,10.000053882598877],[15846,10.000001907348633],[9505,10.000062942504883],[6472,10.001975059509277],[4636,10.000229835510254],[23876,10.000087022781372],[17264,10.00171709060669],[14374,10.000146865844727],[9262,10.000109910964966],[8102,10.00009298324585],[5070,10.000725984573364],[23404,10.00014591217041],[16032,10.000021934509277],[15779,10.000149965286255],[8606,10.000025033950806],[5572,10.000141143798828],[5999,10.0000581741333],[45164,10.0001220703125],[30527,10.000087976455688],[31168,10.000153064727783],[18212,10.001624822616577],[12806,10.000144004821777],[6981,10.000168800354004],[45382,10.000166893005371],[33179,10.00019097328186],[29611,10.000005006790161],[18036,10.000133991241455],[14296,10.000160932540894],[11567,10.000067949295044],[42897,10.000066041946411],[29035,10.000081062316895],[26938,10.000021934509277],[18189,10.00005316734314],[14698,10.00009298324585],[9880,10.000039100646973],[43590,10.000082015991211],[35245,10.000056982040405],[29412,10.000112771987915],[18160,10.000105857849121],[14169,10.000098943710327],[9434,10.000039100646973],[47714,10.000006198883057],[33230,10.000271081924438],[30076,10.000524997711182],[17688,10.000109910964966],[13264,10.000154972076416],[10389,10.000151872634888],[64293,10.000040054321289],[44662,10.00006103515625],[38506,10.00014591217041],[25091,10.000064849853516],[17763,10.000048160552979],[11830,10.000379085540771],[63932,10.000005960464478],[42613,10.000022888183594],[44508,10.000091075897217],[24730,10.000079870223999],[18498,10.000136852264404],[12428,10.000097036361694],[67453,10.000081062316895],[55372,10.000136137008667],[43746,10.000074863433838],[25263,10.000010967254639],[18212,10.000089168548584],[12828,10.000545978546143],[59132,10.000082015991211],[55674,10.000082015991211],[45570,10.000095129013062],[24489,10.000441074371338],[18417,10.000056982040405],[12768,10.00052785873413],[67656,10.000039100646973],[43970,10.000070095062256],[45999,10.000123977661133],[24684,10.000061988830566],[19049,10.000389099121094],[12748,10.000141859054565]],"CAC 5 parents no local search":[[26757,10.000140905380249],[17662,10.000180006027222],[18341,10.000127792358398],[9583,10.000001907348633],[7230,10.000195026397705],[5049,10.00235891342163],[23327,10.000153064727783],[16263,10.000021934509277],[16973,10.00016713142395],[9148,10.000017881393433],[5491,10.000005006790161],[4506,10.001572132110596],[24725,10.000049829483032],[14671,10.002350091934204],[15360,10.001594066619873],[8657,10.000159978866577],[5211,10.001297950744629],[5075,10.000274181365967],[23532,10.000032186508179],[16435,10.000126123428345],[12552,10.000038862228394],[10016,10.000183820724487],[7290,10.000140905380249],[2947,10.000159978866577],[23491,10.000156164169312],[16122,10.000051975250244],[14139,10.001832962036133],[9033,10.00180697441101],[4454,10.000102043151855],[4224,10.000241041183472],[45477,10.000205993652344],[31446,10.000112056732178],[29903,10.0001060962677],[17722,10.000291109085083],[11828,10.000014066696167],[8908,10.000158071517944],[45491,10.00008511543274],[32663,10.001787900924683],[28984,10.000411033630371],[18511,10.000084161758423],[13787,10.000121116638184],[10662,10.000014066696167],[42542,10.000113010406494],[28069,10.000221014022827],[26666,10.000118017196655],[17803,10.00018310546875],[13798,10.000042915344238],[5616,10.00051498413086],[43477,10.0000319480896],[33875,10.000137090682983],[29678,10.000035047531128],[17951,10.000025987625122],[13375,10.000017166137695],[9555,10.000623941421509],[48592,10.000174045562744],[33559,10.000156879425049],[28768,10.000109910964966],[18262,10.000083923339844],[12336,10.000195026397705],[9981,10.000017881393433],[64078,10.00004506111145],[44122,10.00069808959961],[37108,10.000180959701538],[23634,10.000041961669922],[17158,10.00018310546875],[11129,10.000049829483032],[64699,10.000117063522339],[41837,10.000002145767212],[43490,10.00003695487976],[24275,10.000048160552979],[18491,10.000011920928955],[10174,10.000183820724487],[66461,10.00002908706665],[53671,10.000095844268799],[41712,10.000202178955078],[24138,10.000159978866577],[17681,10.000022172927856],[11386,10.000107049942017],[59709,10.000106811523438],[54600,10.000057935714722],[45022,10.00019383430481],[24360,10.000175952911377],[17585,10.000040054321289],[11779,10.000200986862183],[65984,10.00011396408081],[44668,10.0000159740448],[44676,10.000163078308105],[23574,10.000087976455688],[19783,10.000039100646973],[12023,10.000020027160645]],