{"CAC 2 parents fast local search":[[19933,10.004049062728882],[13485,10.007602214813232],[10337,10.003488063812256],[10503,10.005500078201294],[6414,10.000810146331787],[4439,10.008003950119019],[20179,10.006495952606201],[12268,10.003350973129272],[9785,10.003541946411133],[11428,10.003145933151245],[6985,10.000722169876099],[3228,10.00946593284607],[21864,10.000283002853394],[15461,10.005987882614136],[9853,10.003328084945679],[11786,10.00288701057434],[6645,10.002723932266235],[-34,10.008917808532715],[20527,10.004004955291748],[12642,10.007710218429565],[8896,10.007789850234985],[11417,10.006454944610596],[6830,10.00888991355896],[3300,10.003194093704224],[20830,10.004475116729736],[13127,10.003237962722778],[-97,10.00614309310913],[11122,10.005692958831787],[6185,10.001922130584717],[-19,10.001080989837646],[40762,10.00244688987732],[27364,10.006757020950317],[22340,10.001926898956299],[20997,10.005424976348877],[13366,10.009353876113892],[9308,10.006701946258545],[42220,10.004295110702515],[27591,10.004371881484985],[21701,10.00620698928833],[21870,10.006633996963501],[14010,10.006592988967896],[8351,10.00080394744873],[39575,10.005722999572754],[27700,10.00383996963501],[22958,10.001842975616455],[21330,10.004595041275024],[13957,10.006377935409546],[9884,10.000834941864014],[41823,10.00266981124878],[28088,10.001126050949097],[21287,10.003590106964111],[21119,10.005359888076782],[13615,10.000440835952759],[9041,10.00642204284668],[43483,10.002869129180908],[28437,10.005988836288452],[23652,10.003037929534912],[21442,10.003679037094116],[13594,10.006441831588745],[8650,10.005939960479736],[55339,10.007108926773071],[40493,10.002322912216187],[-65,10.006188154220581],[29191,10.003951072692871],[17992,10.005619049072266],[-73,10.008813858032227],[58148,10.000828981399536],[38564,10.006937980651855],[31373,10.009588956832886],[28022,10.00093698501587],[17999,10.002825021743774],[10789,10.006277084350586],[63562,10.001121044158936],[35661,10.006968021392822],[31399,10.002214908599854],[29688,10.00023102760315],[18329,10.000796794891357],[8697,10.001874923706055],[59705,10.003051042556763],[40893,10.001763105392456],[34546,10.007225036621094],[28908,10.0036461353302],[19338,10.005247116088867],[10142,10.001481056213379],[57674,10.000725030899048],[35828,10.00539493560791],[29480,10.000854969024658],[29130,10.003317832946777],[18237,10.002625942230225],[9112,10.000192880630493]],"CAC 2 parents no local search":[[18363,10.00011396408081],[9790,10.000221967697144],[-397,10.000396013259888],[8027,10.00348711013794],[2982,10.000133037567139],[-449,10.000066995620728],[18294,10.000152111053467],[8772,10.000041007995605],[-1532,10.001545906066895],[9922,10.000079154968262],[3200,10.000186920166016],[-2052,10.000702142715454],[19668,10.000096082687378],[11637,10.000341892242432],[-1725,10.000229120254517],[9616,10.000293016433716],[4140,10.00042986869812],[-1929,10.00063705444336],[18941,10.002262115478516],[9617,10.00197696685791],[-327,10.000553131103516],[10059,10.000195026397705],[-56,10.003536939620972],[-1401,10.000040054321289],[17603,10.000383853912354],[9976,10.000020027160645],[-3176,10.000319957733154],[10196,10.000015020370483],[-24,10.001104831695557],[-1894,10.000392198562622],[37291,10.000138998031616],[23389,10.000034093856812],[20350,10.0000319480896],[19075,10.00139594078064],[7089,10.003247022628784],[-399,10.000051021575928],[40410,10.00018310546875],[22881,10.003722906112671],[-198,10.000418901443481],[18974,10.000192880630493],[8653,10.00023102760315],[-424,10.001045942306519],[36905,10.000136852264404],[22452,10.000571966171265],[-28,10.000351905822754],[19186,10.00027585029602],[9467,10.000278949737549],[-25,10.000195026397705],[38868,10.000022172927856],[23917,10.000350952148438],[-2920,10.000171184539795],[19555,10.000136137008667],[10361,10.000221014022827],[-306,10.000057935714722],[41214,10.000100135803223],[24347,10.000253915786743],[-457,10.000298976898193],[19189,10.000128030776978],[9029,10.000041961669922],[-277,10.000524044036865],[53430,10.000166893005371],[36496,10.000087022781372],[-1803,10.00025987625122],[27068,10.000105142593384],[13434,10.000274896621704],[-2857,10.000035047531128],[55741,10.000060081481934],[35250,10.000172853469849],[-656,10.000087022781372],[26259,10.000010967254639],[13651,10.000088930130005],[-1562,10.000226974487305],[61145,10.000041007995605],[32325,10.000349998474121],[-2935,10.000144004821777],[27889,10.000158071517944],[12937,10.000185012817383],[-1171,10.000289916992188],[57711,10.000078201293945],[37312,10.000266075134277],[-2247,10.000011920928955],[27648,10.000104188919067],[14846,10.000197887420654],[-1073,10.000301122665405],[55286,10.000211000442505],[33429,10.000253915786743],[-1806,10.000323057174683],[27826,10.000144004821777],[-31,10.000185012817383],[-896,10.00009298324585]],"CAC 5 parents no local search":[[17253,10.000135898590088],[11080,10.003455877304077],[-1976,10.000149011611938],[7963,10.00022292137146],[2803,10.00006914138794],[-1138,10.002281904220581],[18292,10.000012874603271],[-141,10.000563144683838],[-5361,10.000407218933105],[10071,10.000047206878662],[2852,10.000478029251099],[-2543,10.000917196273804],[20195,10.000267028808594],[11136,10.002260208129883],[-2856,10.000481843948364],[8670,10.000166893005371],[2221,10.003751993179321],[-772,10.000615119934082],[18725,10.000255107879639],[-465,10.00032091140747],[-1057,10.000253915786743],[9392,10.000648021697998],[-35,10.000491857528687],[-639,10.003035068511963],[18227,10.000427961349487],[-119,10.000518083572388],[-2674,10.000507116317749],[9349,10.000125885009766],[-278,10.001926183700562],[-2823,10.000241994857788],[38456,10.00034785270691],[23111,10.000197887420654],[-295,10.00014591217041],[17261,10.001419067382812],[7974,10.000166177749634],[-406,10.002487897872925],[38060,10.00031590461731],[23583,10.00002908706665],[-191,10.000106811523438],[18506,10.00005292892456],[8693,10.00009298324585],[-39,10.000639200210571],[36665,10.000101089477539],[22633,10.00000786781311],[-173,10.00193190574646],[18163,10.000118017196655],[7346,10.00026798248291],[-32,10.000295877456665],[39445,10.000044822692871],[22739,10.00012493133545],[-408,10.00053596496582],[19446,10.000202178955078],[8829,10.000303030014038],[-1425,10.000051021575928],[39685,10.00002408027649],[23868,10.000030994415283],[-1876,10.000082969665527],[18256,10.000010967254639],[6657,10.000158071517944],[-943,10.000010013580322],[53222,10.000040054321289],[-296,10.000141143798828],[-5214,10.000303030014038],[27095,10.000200033187866],[-810,10.000038862228394],[-3691,10.00014591217041],[56194,10.000255823135376],[-230,10.000000953674316],[-3572,10.000046014785767],[25332,10.000066995620728],[13482,10.00003719329834],[-1870,10.000125885009766],[61087,10.00006914138794],[-192,10.000118970870972],[-1787,10.00008487701416],[26720,10.00022006034851],[13857,10.00068187713623],[-2060,10.00000786781311],[56690,10.000148057937622],[37887,10.000244855880737],[-1326,10.000273942947388],[26877,10.000765085220337],[14607,10.000115871429443],[-1857,10.000241994857788],[54179,10.000225067138672],[32757,10.000302076339722],[-4003,10.000149011611938],[27942,10.000201940536499],[-249,10.000194072723389],[-1082,10.000082015991211]],