{"CAC 2 parents fast local search":[[63786,10.000370025634766],[37778,10.004631042480469],[33789,10.024000883102417],[30628,10.010454177856445],[22559,10.010358810424805],[20468,10.010555028915405],[61550,10.020668983459473],[40341,10.005263090133667],[35905,10.005754947662354],[29129,10.009778022766113],[22945,10.008582830429077],[21970,10.0050950050354],[63087,10.00985598564148],[42578,10.019037008285522],[39064,10.0118567943573],[30698,10.016151905059814],[23025,10.015995979309082],[22823,10.014179944992065],[62478,10.00580620765686],[38304,10.012457132339478],[34831,10.003161907196045],[29422,10.01656699180603],[22902,10.017231941223145],[21464,10.025792837142944],[63244,10.012892007827759],[37558,10.000205039978027],[34017,10.0070059299469],[29569,10.008656978607178],[22975,10.008520126342773],[20612,10.006415128707886],[111068,10.012274980545044],[80197,10.012784957885742],[71597,10.009752035140991],[54686,10.006197929382324],[41461,10.014256954193115],[36386,10.01144790649414],[114856,10.015311002731323],[74107,10.00697112083435],[64876,10.011584997177124],[53308,10.006686925888062],[40173,10.000526905059814],[38174,10.003246068954468],[110798,10.000869035720825],[80628,10.008720874786377],[70953,10.01686692237854],[52663,10.006537914276123],[41516,10.006393909454346],[35858,10.000457048416138],[115856,10.000430822372437],[76798,10.015522003173828],[67103,10.008902072906494],[55077,10.012726783752441],[40029,10.01029896736145],[35717,10.01912784576416],[115427,10.008080005645752],[78953,10.010703086853027],[73560,10.01587700843811],[51807,10.013708114624023],[39477,10.025407075881958],[35181,10.009797096252441],[159354,10.010164976119995],[104554,10.000665187835693],[96103,10.021233797073364],[67691,10.012866973876953],[50647,10.007380962371826],[40420,10.01188588142395],[167546,10.00847601890564],[110831,10.001204013824463],[92974,10.00458812713623],[70116,10.006407022476196],[49894,10.020118951797485],[41559,10.012525081634521],[160552,10.010674953460693],[107130,10.012866973876953],[83592,10.003173112869263],[71095,10.002554178237915],[51447,10.000845909118652],[38933,10.01410698890686],[160607,10.001657009124756],[110020,10.00559687614441],[96837,10.021543979644775],[73103,10.015159130096436],[50791,10.010550022125244],[41062,10.009109020233154],[155251,10.009059190750122],[108981,10.014894962310791],[92835,10.008409023284912],[70925,10.002864122390747],[51156,10.00645399093628],[40242,10.013076066970825]],"CAC 2 parents no local search":[[58172,10.002003908157349],[28763,10.000264883041382],[24824,10.0017831325531],[26686,10.000479936599731],[12503,10.00031304359436],[4945,10.00020718574524],[54341,10.00067687034607],[31891,10.000743865966797],[27479,10.002286911010742],[25855,10.000154972076416],[12043,10.000014066696167],[6488,10.000633001327515],[56056,10.000036001205444],[34173,10.000350952148438],[29711,10.000460863113403],[25539,10.00047492980957],[12356,10.000633001327515],[8781,10.00084400177002],[56326,10.000494003295898],[30910,10.001991987228394],[26399,10.000007152557373],[24950,10.000118017196655],[11664,10.000771045684814],[7704,10.000143051147461],[56447,10.000101804733276],[27617,10.00221300125122],[27101,10.001117944717407],[23887,10.000171899795532],[11773,10.000010967254639],[4661,10.00256896018982],[101599,10.000230073928833],[70091,10.000645160675049],[59103,10.001108884811401],[48149,10.000375032424927],[26099,10.001566886901855],[18781,10.001390933990479],[108162,10.000438928604126],[63608,10.000344038009644],[52983,10.00202202796936],[47963,10.000050067901611],[27011,10.00059700012207],[16716,10.002535820007324],[101814,10.00022006034851],[68943,10.000082015991211],[59793,10.00112795829773],[46654,10.000195026397705],[26553,10.000833988189697],[16457,10.000947952270508],[110381,10.001032829284668],[64436,10.000880002975464],[56193,10.000792026519775],[49825,10.001150131225586],[22479,10.00017499923706],[16183,10.001075029373169],[105605,10.000449180603027],[68080,10.001736879348755],[60423,10.000077962875366],[46667,10.000398874282837],[25478,10.00059199333191],[16607,10.001121044158936],[153338,10.000614881515503],[94045,10.001789093017578],[88851,10.000571966171265],[62717,10.000221967697144],[36028,10.001487016677856],[26216,10.002187967300415],[159793,10.000157117843628],[99939,10.000560998916626],[84030,10.00034499168396],[64761,10.000133991241455],[38280,10.000268936157227],[25506,10.000091075897217],[153587,10.000382900238037],[95661,10.000698804855347],[75488,10.001716136932373],[64920,10.000350952148438],[38320,10.000625133514404],[24310,10.00028109550476],[153189,10.000340938568115],[101504,10.000097036361694],[89906,10.000178098678589],[68636,10.000347137451172],[39504,10.000833988189697],[24456,10.000549077987671],[149776,10.000554084777832],[100602,10.000090837478638],[84025,10.000569105148315],[66573,10.000151872634888],[37104,10.000689029693604],[27792,10.000428915023804]],"CAC 5 parents no local search":[[55315,10.0015869140625],[29301,10.00075387954712],[24564,10.001187801361084],[24876,10.000117063522339],[11894,10.000566005706787],[3514,10.000494003295898],[56278,10.002126932144165],[31809,10.001108884811401],[27675,10.000179052352905],[23531,10.000663042068481],[9990,10.000532865524292],[4134,10.000776052474976],[56201,10.000284910202026],[32438,10.001851081848145],[28567,10.002234935760498],[24985,10.000242948532104],[9916,10.000917911529541],[7159,10.000054121017456],[55653,10.000622987747192],[29457,10.000335931777954],[25431,10.001079082489014],[24191,10.000315189361572],[11695,10.000869989395142],[5670,10.00045108795166],[56512,10.001505136489868],[30169,10.001431941986084],[24422,10.00107717514038],[23812,10.001780033111572],[10051,10.001399040222168],[7405,10.00140380859375],[103385,10.000176906585693],[68020,10.000678062438965],[58992,10.000424861907959],[48793,10.000401973724365],[28195,10.000864028930664],[14983,10.000725984573364],[105811,10.000941038131714],[63210,10.000853061676025],[53155,10.000257015228271],[48653,10.000418186187744],[24850,10.000103950500488],[14650,10.001590013504028],[103523,10.00022292137146],[66964,10.000488996505737],[58483,10.002347946166992],[45814,10.000478982925415],[28019,10.000196933746338],[13155,10.000283002853394],[109369,10.00046992301941],[64320,10.000679016113281],[52644,10.00057315826416],[48264,10.000057935714722],[23283,10.00050687789917],[14010,10.000662088394165],[107557,10.000051021575928],[67864,10.00122618675232],[60479,10.000717878341675],[46900,10.000093221664429],[24703,10.000672101974487],[15597,10.00098991394043],[155334,10.000339984893799],[95271,10.000789880752563],[87171,10.00036907196045],[62375,10.000049829483032],[35808,10.00017786026001],[23641,10.001114845275879],[162413,10.001589059829712],[100504,10.00047492980957],[85416,10.00202989578247],[65641,10.000241994857788],[38743,10.000846862792969],[26487,10.000932931900024],[155431,10.000131845474243],[98701,10.000836849212646],[75882,10.000365972518921],[65346,10.000218152999878],[36934,10.000618934631348],[22924,10.001860857009888],[153835,10.000123977661133],[98468,10.000582933425903],[89469,10.001022100448608],[66668,10.000802040100098],[38407,10.000429153442383],[23721,10.001739978790283],[151001,10.000212907791138],[98962,10.000831842422485],[84279,10.000450849533081],[65944,10.000000953674316],[36513,10.00065803527832],[21886,10.001132011413574]],