{"Jaya top15 bottom15 no local search":[[29837,10.000038862228394],[27683,10.000005006790161],[21353,10.00038194656372],[10153,10.000324010848999],[9572,10.000378131866455],[9305,10.000113010406494],[26473,10.000061988830566],[25293,10.000442028045654],[25467,10.00016188621521],[10817,10.000042200088501],[10636,10.000209093093872],[9709,10.001596212387085],[29302,10.000009059906006],[22483,10.0000159740448],[19699,10.000128030776978],[9139,10.000185012817383],[9188,10.000140905380249],[9512,10.000234842300415],[30089,10.000252962112427],[27116,10.000371932983398],[20809,10.000035047531128],[9948,10.001780986785889],[10198,10.000415086746216],[8946,10.000977039337158],[33302,10.000600099563599],[29941,10.000175952911377],[23958,10.000239133834839],[10061,10.000016927719116],[9947,10.000218868255615],[9125,10.00022292137146],[51021,10.0000479221344],[43488,10.0001380443573],[39286,10.000272035598755],[17730,10.00015902519226],[16840,10.00022292137146],[14936,10.001168966293335],[52626,10.001424074172974],[47112,10.000251054763794],[36865,10.000349044799805],[17484,10.000449895858765],[15910,10.000025987625122],[14888,10.000317096710205],[52446,10.000128984451294],[47726,10.000245094299316],[38142,10.000146865844727],[17217,10.000418901443481],[15661,10.00002908706665],[15052,10.000341176986694],[53251,10.00029706954956],[47814,10.000070810317993],[36731,10.000088930130005],[17945,10.000433921813965],[16453,10.000310897827148],[15147,10.000084161758423],[53416,10.000195980072021],[48617,10.00023889541626],[38222,10.000092029571533],[16572,10.000216960906982],[15835,10.000230073928833],[13799,10.000098943710327],[78463,10.00034213066101],[63802,10.000019073486328],[51751,10.0002920627594],[22914,10.00024700164795],[21256,10.000303030014038],[18319,10.001617193222046],[75481,10.00002384185791],[59630,10.0001220703125],[54363,10.00050401687622],[23593,10.000411033630371],[22294,10.00025987625122],[17742,10.000417947769165],[72490,10.00002908706665],[70466,10.000432968139648],[56913,10.000262975692749],[23154,10.000030040740967],[21616,10.00009298324585],[16742,10.000155925750732],[80336,10.000318050384521],[67080,10.000101804733276],[66215,10.000065803527832],[23601,10.000386953353882],[22728,10.000123977661133],[18775,10.000231981277466],[68288,10.000232934951782],[62356,10.000055074691772],[53035,10.001569986343384],[21464,10.000066041946411],[19191,10.000254154205322],[16940,10.001811981201172]],"Jaya top1 bottom1 no local search":[[24801,10.126821041107178],[20779,10.000005006790161],[14739,10.000448942184448],[6963,10.000134944915771],[5561,10.000282049179077],[-130,10.000097036361694],[21498,10.00039792060852],[18674,10.00033187866211],[19781,10.000360012054443],[7379,10.000385999679565],[6630,10.000339984893799],[4877,10.00013279914856],[21920,10.000089168548584],[15506,10.00009298324585],[14620,10.000155210494995],[6568,10.000310897827148],[5825,10.000262975692749],[3219,10.000059127807617],[22797,10.00032091140747],[19573,10.000335931777954],[15746,10.000098943710327],[7378,10.000373840332031],[5869,10.000072002410889],[2734,10.001099824905396],[24201,10.002539157867432],[23239,10.00033187866211],[20008,10.000200033187866],[6746,10.000005960464478],[5954,10.000161170959473],[2687,10.00019097328186],[44983,10.000209093093872],[37888,10.000399112701416],[33022,10.000282764434814],[14041,10.000370025634766],[11421,10.00035810470581],[8198,10.00038194656372],[45543,10.000177145004272],[39738,10.000979900360107],[31450,10.000244140625],[12386,10.000430822372437],[11571,10.00033187866211],[6548,10.000108003616333],[46217,10.000447988510132],[40417,10.001719951629639],[31738,10.000354051589966],[12213,10.000164031982422],[10973,10.00000286102295],[7903,10.000346899032593],[46078,10.000010967254639],[42175,10.000060796737671],[31048,10.000284910202026],[13156,10.00005578994751],[11231,10.000094890594482],[6815,10.000119924545288],[44974,10.000065088272095],[41091,10.000188112258911],[32352,10.00035810470581],[11742,10.000385046005249],[11601,10.000245094299316],[8390,10.000055074691772],[72657,10.000018119812012],[58374,10.000387907028198],[46821,10.00180697441101],[18968,10.0001540184021],[17458,10.000050067901611],[11546,10.000406980514526],[69990,10.000028133392334],[54898,10.00244688987732],[-104,10.000346899032593],[19796,10.000075101852417],[19349,10.000077962875366],[9949,10.00047516822815],[68166,10.000473022460938],[64658,10.000288009643555],[51799,10.000242948532104],[20323,10.000280141830444],[17354,10.000056982040405],[-319,10.000287771224976],[75532,10.000404119491577],[61922,10.000201940536499],[61006,10.000350952148438],[19099,10.000212907791138],[19171,10.000241041183472],[10800,10.000227212905884],[62362,10.000156164169312],[56573,10.000434875488281],[48170,10.000247955322266],[16944,10.000264883041382],[15916,10.000245809555054],[12048,10.000155925750732]],"Jaya top1 bottom1 fast local search":[[28911,10.66335415840149],[24619,10.004260063171387],[19369,10.004034996032715],[8374,10.002963066101074],[8391,10.000457048416138],[7111,10.007922887802124],[23460,10.001868963241577],[22914,10.004310846328735],[21843,10.000216007232666],[9354,10.003706932067871],[9460,10.005402088165283],[8168,10.000391960144043],[26256,10.000959157943726],[20312,10.00362491607666],[18637,10.004446029663086],[8873,10.0054030418396],[8660,10.00454306602478],[7388,10.006474018096924],[26506,10.00165605545044],[22937,10.001199960708618],[18777,10.002259016036987],[8425,10.002135992050171],[8360,10.004028081893921],[7543,10.00101113319397],[28951,10.002833127975464],[27306,10.004418134689331],[22838,10.002870082855225],[9373,10.003339052200317],[8498,10.001681089401245],[7930,10.007818937301636],[46004,10.001888036727905],[39968,10.004674911499023],[36483,10.001049041748047],[15421,10.002854824066162],[14310,10.006638050079346],[13218,10.0036039352417],[47013,10.00102710723877],[42433,10.000372171401978],[34881,10.002136945724487],[14220,10.0029878616333],[14663,10.008116006851196],[12922,10.003123998641968],[48465,10.00378680229187],[42277,10.004476070404053],[34170,10.005192041397095],[15072,10.000829935073853],[13040,10.00172209739685],[11686,10.00535798072815],[49610,10.00065302848816],[44323,10.000037908554077],[34159,10.001641035079956],[14692,10.001690149307251],[14621,10.004724979400635],[11955,10.005283117294312],[47480,10.002872943878174],[44833,10.00153398513794],[35947,10.002234935760498],[14044,10.000772953033447],[14338,10.001824855804443],[12684,10.00440502166748],[74490,10.000118017196655],[61661,10.002910852432251],[49252,10.002809047698975],[20818,10.004881858825684],[19198,10.001693964004517],[16976,10.005993127822876],[72166,10.002397775650024],[57339,10.002444982528687],[52409,10.002948999404907],[22578,10.003062009811401],[19833,10.00080919265747],[15459,10.007211923599243],[69938,10.00308895111084],[67177,10.001357078552246],[55331,10.000534057617188],[21095,10.003777027130127],[19889,10.004524946212769],[16979,10.00641417503357],[76672,10.001989126205444],[65371,10.005683183670044],[63266,10.000972986221313],[21665,10.003781080245972],[20665,10.000867128372192],[16957,10.000309944152832],[65296,10.00087308883667],[59413,10.004848003387451],[50477,10.000370979309082],[19286,10.00484013557434],[17259,10.001503944396973],[15115,10.002623081207275]],