{"Jaya top15 bottom15 no local search":[[30083,20.00010895729065],[27472,20.00027585029602],[20956,20.000303983688354],[10365,20.00042700767517],[9750,20.00039291381836],[10037,20.00045108795166],[27079,20.000072956085205],[26023,20.000411987304688],[25766,20.000277996063232],[10911,20.000380039215088],[10599,20.00005006790161],[10231,20.000325918197632],[29326,20.000325918197632],[22872,20.00126004219055],[19605,20.000223875045776],[9981,20.000181913375854],[9193,20.000014066696167],[9578,20.000353813171387],[29886,20.000132083892822],[27026,20.000380039215088],[21057,20.000128984451294],[10611,20.000216007232666],[10069,20.000055074691772],[9268,20.00039005279541],[32533,20.000752925872803],[30281,20.001034021377563],[24610,20.0002019405365],[10302,20.00021505355835],[10355,20.000476837158203],[9250,20.00024104118347],[51385,20.00012993812561],[44064,20.000208139419556],[39881,20.00002694129944],[18057,20.000174045562744],[17107,20.00022292137146],[15337,20.000076055526733],[52715,20.000441074371338],[47276,20.000385999679565],[37696,20.00024700164795],[17790,20.00023102760315],[16478,20.000149965286255],[15227,20.0016348361969],[53285,20.002068042755127],[48233,20.000360012054443],[38157,20.00009298324585],[17585,20.000349044799805],[15947,20.000375032424927],[15511,20.001943826675415],[53674,20.00003409385681],[48074,20.0001220703125],[36516,20.000087022781372],[17831,20.00030016899109],[16719,20.00032687187195],[16007,20.00015091896057],[53686,20.0015070438385],[49028,20.000434160232544],[38358,20.000130891799927],[16906,20.00012707710266],[16538,20.000213146209717],[15040,20.00016713142395],[78877,20.000447034835815],[63486,20.000253915786743],[52026,20.001440048217773],[23268,20.000200033187866],[21230,20.00031805038452],[17980,20.00046396255493],[75676,20.00034999847412],[59853,20.000290155410767],[54254,20.000165939331055],[23830,20.000041007995605],[22268,20.00021195411682],[17919,20.00044298171997],[72703,20.000008821487427],[69741,20.00003409385681],[56714,20.00014901161194],[23161,20.000252962112427],[21599,20.000163078308105],[17794,20.00032687187195],[80442,20.00002098083496],[66973,20.00024104118347],[66260,20.00046420097351],[23856,20.000247955322266],[22881,20.000139951705933],[19254,20.000195026397705],[68222,20.000058889389038],[62247,20.000409841537476],[52893,20.000476121902466],[21363,20.000411987304688],[19392,20.00022006034851],[16990,20.00038194656372]],"Jaya top1 bottom1 no local search":[[24466,20.125751972198486],[21614,20.0002658367157],[16124,20.000144958496094],[6921,20.000074863433838],[6725,20.000315189361572],[3000,20.0000319480896],[20238,20.000086069107056],[19125,20.000104904174805],[21161,20.000263929367065],[7863,20.00037908554077],[4728,20.000346183776855],[2896,20.000245094299316],[22448,20.00034999847412],[17580,20.000357151031494],[14356,20.000241994857788],[7202,20.00028896331787],[4746,20.000262022018433],[-280,20.00040602684021],[21533,20.000184774398804],[20556,20.000288009643555],[14918,20.000191926956177],[6304,20.00006890296936],[6017,20.0004780292511],[3264,20.00040292739868],[26015,20.000274181365967],[23454,20.000221014022827],[18512,20.00036597251892],[7246,20.000370025634766],[6455,20.000191926956177],[4627,20.000144004821777],[44272,20.000081062316895],[37797,20.000214099884033],[32463,20.00062084197998],[11904,20.0000422000885],[11897,20.000251054763794],[6925,20.0002498626709],[45697,20.00008201599121],[38600,20.000443935394287],[-29,20.000468969345093],[13065,20.000038862228394],[11193,20.000071048736572],[7945,20.000123977661133],[47633,20.0001220703125],[42501,20.00007390975952],[29972,20.001003980636597],[12647,20.000293016433716],[10859,20.000123977661133],[7454,20.000248908996582],[47351,20.00036597251892],[42323,20.000225067138672],[30565,20.00032615661621],[13539,20.000388860702515],[12253,20.00025701522827],[5914,20.000396966934204],[46653,20.00017809867859],[41501,20.00013303756714],[32194,20.000191926956177],[12703,20.000266075134277],[11990,20.000282049179077],[8422,20.00027298927307],[73898,20.000035047531128],[57979,20.000361919403076],[49487,20.002334117889404],[19316,20.000203847885132],[16584,20.00009298324585],[13757,20.00025510787964],[70992,20.000043153762817],[54817,20.000420093536377],[49646,20.000209093093872],[20738,20.000082969665527],[17873,20.000051975250244],[-89,20.000221967697144],[65536,20.001662969589233],[64141,20.000344038009644],[-73,20.000118017196655],[19886,20.00037908554077],[16787,20.000261068344116],[11452,20.000230073928833],[75218,20.000212907791138],[62893,20.000409841537476],[61685,20.00176501274109],[20365,20.000046014785767],[18898,20.00022006034851],[12237,20.000997066497803],[62760,20.000086069107056],[57513,20.00170397758484],[47493,20.000007152557373],[17367,20.000165939331055],[15660,20.00007390975952],[9474,20.000396013259888]],"Jaya top1 bottom1 fast local search":[[26861,20.711066007614136],[24844,20.00137996673584],[19585,20.00731587409973],[8994,20.00216794013977],[9009,20.004040956497192],[8381,20.000378847122192],[22955,20.00015115737915],[22799,20.000019073486328],[22948,20.004369020462036],[9476,20.00076699256897],[8786,20.003533124923706],[8044,20.00545907020569],[26100,20.00220799446106],[20942,20.001074075698853],[18242,20.005717039108276],[8309,20.004137992858887],[8270,20.006062030792236],[7440,20.00302219390869],[26214,20.001898050308228],[24027,20.002536058425903],[18130,20.007235050201416],[9300,20.00204086303711],[8387,20.00482201576233],[8248,20.00037908554077],[29311,20.0012309551239],[27598,20.004400968551636],[22625,20.002602100372314],[8662,20.002946138381958],[8540,20.005127906799316],[7943,20.004231929779053],[45710,20.003094911575317],[41559,20.005334854125977],[36685,20.007071018218994],[14388,20.001845121383667],[14377,20.001042127609253],[12930,20.00506615638733],[48328,20.00308585166931],[42885,20.002101182937622],[34868,20.00764489173889],[15265,20.003893852233887],[14543,20.002245903015137],[12988,20.005123138427734],[49934,20.001531839370728],[44671,20.00239396095276],[33989,20.001285076141357],[15031,20.00515389442444],[12535,20.002264976501465],[11741,20.006044149398804],[49730,20.00001287460327],[44297,20.002786874771118],[34422,20.00257396697998],[15360,20.0020911693573],[14865,20.002053022384644],[13625,20.002272129058838],[49413,20.00081205368042],[44488,20.004230976104736],[35393,20.000617027282715],[15056,20.00572109222412],[14408,20.00335693359375],[12980,20.007035970687866],[74520,20.000314950942993],[61777,20.001287937164307],[50114,20.005824089050293],[20911,20.0003080368042],[19034,20.00422716140747],[16111,20.004263162612915],[71895,20.00136113166809],[57054,20.004854917526245],[51720,20.00344491004944],[22059,20.0020489692688],[20243,20.001834869384766],[16695,20.002284049987793],[68309,20.000041961669922],[67434,20.001890897750854],[55102,20.0002338886261],[21235,20.00232195854187],[20211,20.00148606300354],[16778,20.007018089294434],[76540,20.00513792037964],[64641,20.004007816314697],[64351,20.000558137893677],[22069,20.000751972198486],[21948,20.00211000442505],[16715,20.002558946609497],[65900,20.003777980804443],[58912,20.00288200378418],[51784,20.0020809173584],[19631,20.001554012298584],[17985,20.00066900253296],[14911,20.0014169216156]],