{"Jaya top15 bottom15 no local search":[[79461,20.001057863235474],[72816,20.00006604194641],[63867,20.000473976135254],[23806,20.00087308883667],[22733,20.00101089477539],[23368,20.000904083251953],[69480,20.000263929367065],[70264,20.000078916549683],[56227,20.000066995620728],[25054,20.000263929367065],[22045,20.000011920928955],[21500,20.000741004943848],[74926,20.001073837280273],[66148,20.00107717514038],[58389,20.000895023345947],[23484,20.000622987747192],[23149,20.000514030456543],[20688,20.00025701522827],[76435,20.00091290473938],[75143,20.000370025634766],[63324,20.0009868144989],[23285,20.000118017196655],[21027,20.000348806381226],[20890,20.000180959701538],[75271,20.000033855438232],[64801,20.00018000602722],[58038,20.00051999092102],[24467,20.00084400177002],[23313,20.0003559589386],[20724,20.000510931015015],[145744,20.000242948532104],[123990,20.00090193748474],[121915,20.00123405456543],[43753,20.00089192390442],[36982,20.0008761882782],[32430,20.00081515312195],[132825,20.000476121902466],[124210,20.00002098083496],[115793,20.000757932662964],[42345,20.000325202941895],[38367,20.000493049621582],[34729,20.000999927520752],[135291,20.000191926956177],[127890,20.00019097328186],[97381,20.00011396408081],[40852,20.000391006469727],[36693,20.00090003013611],[37041,20.000244140625],[131075,20.00019598007202],[112555,20.001070976257324],[102577,20.00027894973755],[41341,20.000135898590088],[36669,20.000136852264404],[32688,20.00002694129944],[127253,20.000070810317993],[120718,20.000735998153687],[108490,20.001072883605957],[43379,20.00074791908264],[40606,20.00006604194641],[37761,20.000566005706787],[216066,20.000186920166016],[190529,20.00090003013611],[156022,20.00035309791565],[57247,20.00049901008606],[49967,20.001052141189575],[42381,20.00065803527832],[195124,20.000389099121094],[161906,20.000081062316895],[170322,20.000505924224854],[57190,20.000224113464355],[51871,20.000427961349487],[42887,20.000561952590942],[217975,20.00074791908264],[182581,20.00054693222046],[147094,20.00169801712036],[59640,20.00044298171997],[53760,20.000425815582275],[45840,20.001631021499634],[186199,20.00091004371643],[167882,20.000936031341553],[146576,20.001081943511963],[56984,20.000324010849],[52221,20.000521898269653],[44609,20.000250101089478],[193594,20.000608921051025],[182932,20.00050187110901],[152271,20.000720024108887],[56006,20.001049041748047],[50871,20.00030493736267],[42470,20.000212907791138]],"Jaya top1 bottom1 no local search":[[66555,20.000555992126465],[58656,20.000643968582153],[48701,20.00081515312195],[17058,20.000488996505737],[14447,20.000929832458496],[9678,20.000773191452026],[56862,20.000290870666504],[54397,20.00078797340393],[43834,20.00086998939514],[16781,20.00054693222046],[13889,20.000922918319702],[8394,20.00012493133545],[60421,20.000590085983276],[51791,20.000165939331055],[43777,20.000348806381226],[17392,20.00073504447937],[14743,20.000181913375854],[9217,20.00099492073059],[59606,20.000706911087036],[60926,20.00010585784912],[50380,20.000921964645386],[15650,20.000731945037842],[14407,20.000519037246704],[7398,20.00048279762268],[63565,20.000645875930786],[54096,20.00091791152954],[41434,20.000108003616333],[17811,20.00028896331787],[15278,20.00049591064453],[10754,20.000610828399658],[128230,20.00057315826416],[108003,20.00105094909668],[104450,20.00102400779724],[33968,20.000831842422485],[30525,20.00007200241089],[-83,20.00025486946106],[114093,20.00060510635376],[109768,20.000490188598633],[99059,20.001100063323975],[33039,20.001021146774292],[29343,20.000869035720825],[16057,20.00088095664978],[121885,20.00030517578125],[114189,20.000094175338745],[80770,20.0001060962677],[32358,20.000036001205444],[28610,20.000069856643677],[-38,20.000221967697144],[115615,20.00043296813965],[99240,20.00012993812561],[85285,20.000874996185303],[31783,20.000622034072876],[30170,20.000333070755005],[20719,20.00084686279297],[113958,20.000015020370483],[108540,20.00142502784729],[95399,20.00142502784729],[36529,20.000924110412598],[30433,20.000858783721924],[20318,20.0001699924469],[201478,20.00072193145752],[178715,20.000646114349365],[148229,20.00084686279297],[48284,20.000153064727783],[43948,20.000521898269653],[31995,20.000214099884033],[182586,20.000529050827026],[152679,20.000821113586426],[-6,20.000473022460938],[51202,20.00005292892456],[43739,20.00135588645935],[34086,20.00028896331787],[206462,20.00111699104309],[171220,20.00086998939514],[135178,20.00111985206604],[54478,20.001088857650757],[46613,20.00086498260498],[33888,20.0007381439209],[173511,20.000432014465332],[155631,20.00094199180603],[136741,20.000334978103638],[51242,20.00078582763672],[43464,20.000505924224854],[29247,20.0000958442688],[181285,20.001744031906128],[170192,20.00002408027649],[138704,20.001075983047485],[47798,20.001631021499634],[43399,20.00040102005005],[26573,20.00148296356201]],"Jaya top1 bottom1 fast local search":[[68034,20.007806062698364],[64883,20.005378007888794],[55603,20.014291048049927],[20870,20.011633157730103],[18758,20.014732122421265],[18210,20.007519006729126],[61488,20.01401686668396],[60411,20.007081031799316],[51267,20.0050950050354],[21473,20.010786056518555],[18989,20.013800144195557],[19841,20.02556300163269],[64709,20.011844158172607],[58834,20.000818014144897],[49012,20.004297971725464],[20770,20.009546995162964],[19471,20.01480007171631],[18541,20.014878034591675],[66100,20.01327610015869],[66741,20.00417685508728],[57817,20.008740186691284],[20200,20.0015709400177],[19439,20.013633012771606],[18193,20.014880895614624],[66761,20.014669179916382],[59433,20.010493993759155],[50527,20.001042127609253],[21763,20.002821922302246],[19739,20.019372940063477],[17203,20.008344888687134],[130555,20.00283193588257],[114478,20.00357699394226],[115906,20.007328033447266],[36653,20.012880086898804],[34378,20.015377044677734],[30984,20.00664520263672],[118878,20.00940203666687],[114649,20.005500078201294],[105297,20.014219045639038],[37059,20.011055946350098],[35847,20.010051012039185],[29544,20.001993894577026],[125219,20.004432916641235],[118962,20.01510190963745],[88617,20.01585292816162],[37056,20.00474500656128],[31934,20.009945154190063],[30395,20.015109062194824],[118672,20.001001834869385],[104597,20.012124061584473],[93912,20.00095295906067],[35789,20.004311084747314],[34818,20.00583791732788],[28427,20.013624906539917],[115963,20.00703716278076],[110475,20.008947134017944],[102842,20.002355098724365],[39091,20.012475967407227],[36134,20.011765956878662],[32652,20.015978813171387],[204020,20.000926971435547],[183413,20.005033016204834],[151311,20.016324996948242],[52460,20.013876914978027],[46657,20.017423152923584],[40387,20.023028135299683],[185744,20.009395122528076],[154240,20.000937938690186],[164991,20.00435996055603],[54861,20.010053157806396],[46940,20.00015091896057],[39569,20.00446915626526],[210848,20.001368045806885],[173990,20.010246992111206],[139795,20.00502610206604],[56627,20.001951932907104],[48129,20.016217947006226],[43256,20.01079511642456],[175430,20.003936052322388],[157457,20.008315086364746],[142487,20.0054988861084],[53058,20.004891872406006],[47907,20.019994974136353],[37763,20.003488063812256],[183381,20.00343108177185],[174693,20.008057832717896],[143970,20.00737476348877],[51583,20.007572889328003],[47482,20.00850486755371],[39660,20.01027512550354]],