{"Jaya top15 bottom15 no local search":[[27497,20.00010395050049],[20254,20.000205039978027],[21288,20.000264167785645],[10275,20.000098943710327],[9280,20.000226974487305],[7289,20.00004816055298],[25059,20.000457048416138],[19632,20.00036597251892],[18447,20.000609159469604],[10255,20.000356912612915],[8811,20.000252962112427],[7952,20.000153064727783],[25784,20.000074863433838],[18248,20.00005292892456],[18204,20.00011920928955],[10569,20.000248908996582],[8626,20.00025200843811],[8121,20.000062942504883],[25046,20.00016188621521],[19872,20.0000422000885],[16528,20.000466108322144],[10647,20.00028896331787],[9869,20.000337839126587],[8354,20.000107049942017],[25427,20.00157904624939],[17003,20.0000479221344],[18008,20.000426054000854],[10024,20.000370025634766],[9150,20.000463008880615],[7455,20.00023889541626],[45319,20.000259160995483],[33955,20.000203132629395],[32675,20.001365900039673],[18482,20.000306844711304],[14566,20.000323057174683],[13523,20.00001096725464],[45561,20.000476837158203],[35653,20.0001699924469],[32409,20.00028109550476],[18964,20.00101113319397],[16369,20.00047016143799],[15246,20.00189709663391],[43608,20.000315189361572],[32095,20.00026297569275],[30322,20.000252962112427],[19135,20.00036907196045],[16866,20.000066995620728],[14381,20.000054836273193],[44590,20.00017499923706],[36591,20.00045418739319],[32763,20.000142097473145],[19015,20.00103998184204],[15301,20.001744985580444],[14080,20.000235080718994],[48490,20.000055074691772],[36265,20.00003218650818],[31265,20.0001962184906],[19418,20.000306844711304],[15800,20.000147819519043],[14461,20.000293016433716],[64028,20.00005292892456],[46825,20.00046396255493],[39957,20.000471830368042],[25144,20.00025200843811],[19652,20.00139093399048],[15568,20.002706050872803],[64031,20.00019884109497],[46129,20.000976085662842],[45954,20.000120878219604],[25409,20.00002694129944],[20607,20.002044916152954],[15719,20.000454902648926],[67863,20.000006198883057],[57614,20.002573013305664],[46076,20.000324010849],[26006,20.000313997268677],[20998,20.000165939331055],[15077,20.00010085105896],[61331,20.00003695487976],[57274,20.000132083892822],[47660,20.000195026397705],[24932,20.000171899795532],[21455,20.00002908706665],[16312,20.000167846679688],[68682,20.00000500679016],[47432,20.000128030776978],[47635,20.001312017440796],[25966,20.000161170959473],[21381,20.000715017318726],[14752,20.000282049179077]],"Jaya top1 bottom1 no local search":[[21452,20.000033855438232],[14094,20.000370025634766],[-255,20.00032091140747],[6700,20.00014591217041],[-633,20.00040912628174],[-2624,20.001474857330322],[20381,20.00041103363037],[-78,20.000489950180054],[-1103,20.000245094299316],[6232,20.000643968582153],[-802,20.000037908554077],[-495,20.000508069992065],[20862,20.000303030014038],[-972,20.000024795532227],[-1669,20.00182604789734],[7211,20.000094890594482],[-756,20.000184059143066],[-1382,20.00033402442932],[20501,20.00023603439331],[-1323,20.000906944274902],[-1727,20.00010395050049],[6980,20.0004301071167],[3685,20.000269889831543],[-2149,20.000375986099243],[20321,20.00015878677368],[-218,20.00002694129944],[-2416,20.000386953353882],[7401,20.00025486946106],[-656,20.001513957977295],[-1792,20.00024700164795],[39419,20.001108169555664],[-582,20.00010108947754],[-1708,20.000097036361694],[13611,20.001342058181763],[-90,20.000022172927856],[-1623,20.001923084259033],[41318,20.00009298324585],[-1021,20.000099182128906],[-1763,20.000171184539795],[14671,20.000144004821777],[11085,20.000468015670776],[-3058,20.000168085098267],[38063,20.00024700164795],[-266,20.00119686126709],[-3377,20.000503063201904],[13683,20.00000500679016],[-1163,20.000311136245728],[-2059,20.001296043395996],[38796,20.00284695625305],[-20,20.000325918197632],[-2066,20.000385999679565],[14595,20.000303983688354],[-390,20.0000159740448],[-2077,20.000422954559326],[44235,20.000192880630493],[-24,20.000276803970337],[-2242,20.000935792922974],[13635,20.000052213668823],[7350,20.000309944152832],[-1589,20.000483989715576],[61330,20.000360012054443],[41037,20.000062942504883],[-2000,20.000502109527588],[20317,20.0001060962677],[-321,20.000323057174683],[-1344,20.000065088272095],[61382,20.00044298171997],[40993,20.000295877456665],[-606,20.00015902519226],[21877,20.00047492980957],[-42,20.000136137008667],[-1271,20.00020408630371],[64398,20.00045394897461],[-1091,20.00010395050049],[-923,20.00034999847412],[21759,20.000203847885132],[-121,20.000185012817383],[-1225,20.000154972076416],[55999,20.00061798095703],[-508,20.001785039901733],[-2144,20.000459909439087],[21671,20.000153064727783],[-11,20.000420808792114],[-715,20.001728057861328],[62919,20.000110149383545],[40977,20.00005793571472],[-2073,20.000041007995605],[22032,20.000181198120117],[-80,20.000361919403076],[-2133,20.000415086746216]],"Jaya top1 bottom1 fast local search":[[25116,20.005648851394653],[17694,20.007217168807983],[18970,20.003671884536743],[8305,20.002739906311035],[7548,20.005949020385742],[6847,20.00497317314148],[23319,20.002910137176514],[18019,20.007496118545532],[17753,20.010315895080566],[9133,20.005452156066895],[8036,20.006465196609497],[6338,20.010600805282593],[23842,20.004703998565674],[16621,20.002147912979126],[16879,20.00934910774231],[8912,20.001430988311768],[7821,20.004180908203125],[6813,20.009492874145508],[23026,20.002235174179077],[17663,20.002354860305786],[14773,20.002005100250244],[8828,20.007324934005737],[7745,20.00386905670166],[7316,20.00387406349182],[23266,20.00022578239441],[16945,20.001569986343384],[16521,20.00239586830139],[9427,20.005028009414673],[8089,20.000944137573242],[7021,20.00988507270813],[42343,20.004379987716675],[31585,20.002941846847534],[30148,20.009727954864502],[16797,20.002305030822754],[13382,20.00279402732849],[10969,20.0095272064209],[42955,20.002915143966675],[33101,20.00718903541565],[29830,20.00296902656555],[16878,20.002892017364502],[15330,20.00088906288147],[11941,20.007851123809814],[40814,20.003345012664795],[29809,20.0032799243927],[28179,20.00011396408081],[17640,20.006038904190063],[13795,20.00174117088318],[12323,20.008606910705566],[41880,20.001243829727173],[33771,20.00416612625122],[30302,20.007954120635986],[16735,20.00296401977539],[14466,20.003886938095093],[11534,20.007966995239258],[47142,20.004467964172363],[33322,20.00716996192932],[29524,20.001034021377563],[15888,20.002182006835938],[14821,20.001835823059082],[12182,20.00189709663391],[62263,20.002145051956177],[44778,20.00099802017212],[38610,20.00813603401184],[22853,20.001986980438232],[18611,20.007158994674683],[13941,20.00108289718628],[63643,20.000837087631226],[44061,20.00385618209839],[45305,20.001089096069336],[23603,20.001506090164185],[20249,20.00520610809326],[14013,20.004365921020508],[65685,20.00544309616089],[56339,20.003156900405884],[44926,20.005908966064453],[23549,20.000502109527588],[19516,20.001752138137817],[15015,20.006311178207397],[58270,20.001792907714844],[54531,20.000275135040283],[45826,20.006342887878418],[23597,20.00066590309143],[20569,20.00106406211853],[14213,20.001904010772705],[66166,20.00216293334961],[45071,20.00120997428894],[46695,20.000074863433838],[24328,20.006842136383057],[20182,20.007580041885376],[14335,20.00426697731018]],