{"Jaya top15 bottom15 no local search":[[27096,10.0019690990448],[20053,10.000180006027222],[20739,10.000800848007202],[9663,10.000186920166016],[8599,10.000432014465332],[7767,10.00009298324585],[24806,10.000388860702515],[18941,10.000329971313477],[18629,10.000196933746338],[9731,10.001594066619873],[8541,10.000136137008667],[7121,10.000087022781372],[25227,10.00126314163208],[17519,10.000005960464478],[16974,10.000541925430298],[10230,10.000004053115845],[7563,10.000042915344238],[8331,10.000184059143066],[24241,10.000118970870972],[19673,10.000149965286255],[15953,10.000160932540894],[10417,10.000051021575928],[8809,10.000432968139648],[8540,10.000105857849121],[24931,10.000327825546265],[17525,10.000302791595459],[16674,10.000378131866455],[9709,10.000207901000977],[8642,10.000007152557373],[7841,10.000394105911255],[44300,10.000443935394287],[33058,10.000229120254517],[31809,10.000236988067627],[18235,10.00048303604126],[14177,10.000093936920166],[13490,10.00018310546875],[45334,10.000250816345215],[35146,10.000349998474121],[31571,10.000439167022705],[18266,10.000157117843628],[16159,10.000210046768188],[14518,10.000132083892822],[42859,10.00002908706665],[31499,10.000284910202026],[29751,10.000014066696167],[18654,10.000057220458984],[16676,10.000054121017456],[14848,10.000264883041382],[43819,10.001768112182617],[35808,10.000308990478516],[31755,10.000401973724365],[18203,10.000020980834961],[15416,10.000145196914673],[13244,10.000317811965942],[47096,10.000165939331055],[35356,10.000485897064209],[32131,10.000349998474121],[18765,10.0001380443573],[15129,10.000396966934204],[14142,10.000229120254517],[63898,10.000057935714722],[46446,10.000061988830566],[39965,10.000466108322144],[25022,10.000059843063354],[19103,10.000493049621582],[14426,10.00040602684021],[63839,10.000462055206299],[45652,10.0000159740448],[45498,10.00004506111145],[25220,10.00033712387085],[20077,10.000165939331055],[15909,10.000328063964844],[67423,10.00048303604126],[57055,10.000210046768188],[46376,10.0000581741333],[25806,10.000096797943115],[20712,10.000069856643677],[15068,10.000087022781372],[60736,10.00023889541626],[56696,10.000401973724365],[46840,10.000413179397583],[24628,10.000231981277466],[20898,10.00101900100708],[15929,10.000264883041382],[68243,10.00046706199646],[46915,10.000349998474121],[47551,10.000077962875366],[25685,10.000363826751709],[21285,10.000252962112427],[15044,10.000284910202026]],"Jaya top1 bottom1 no local search":[[21687,10.000161170959473],[-69,10.000010013580322],[-1460,10.000009059906006],[6633,10.000255107879639],[4776,10.000264883041382],[-1785,10.00028109550476],[20968,10.000452995300293],[-1034,10.000244855880737],[-1036,10.000468969345093],[6986,10.00003695487976],[-160,10.000200986862183],[-2081,10.000507116317749],[20823,10.0003821849823],[-91,10.000025987625122],[-2103,10.000023126602173],[6574,10.0000741481781],[-777,10.000500917434692],[-2261,10.000247955322266],[20309,10.000420093536377],[-851,10.00050401687622],[-3197,10.000847101211548],[6869,10.000118970870972],[-216,10.000396013259888],[-2598,10.000216960906982],[18636,10.000463962554932],[-246,10.000417947769165],[-2401,10.000366926193237],[6504,10.000227212905884],[-348,10.000115156173706],[-2012,10.00031304359436],[41276,10.000049114227295],[-593,10.00003719329834],[-3623,10.000097036361694],[14033,10.000034093856812],[9373,10.000288009643555],[-2145,10.000295162200928],[41181,10.00024700164795],[-173,10.000380039215088],[-111,10.000335931777954],[13922,10.000463962554932],[-620,10.002012014389038],[-3630,10.000370979309082],[37151,10.000494003295898],[26292,10.000097036361694],[-1688,10.000032901763916],[14630,10.000030994415283],[-365,10.000472068786621],[-1492,10.000127077102661],[38383,10.000450134277344],[-636,10.003078937530518],[-1796,10.000144958496094],[14448,10.001498937606812],[10230,10.000132083892822],[-1559,10.000224113464355],[43074,10.000818967819214],[-188,10.000463962554932],[-602,10.001913785934448],[13938,10.000237941741943],[11154,10.000425100326538],[-1910,10.000272989273071],[59330,10.000090837478638],[-45,10.000380039215088],[-2250,10.000041007995605],[19401,10.000422954559326],[16040,10.000169038772583],[-1952,10.00001311302185],[61633,10.000054121017456],[-490,10.000226974487305],[-3554,10.002277851104736],[20407,10.000087022781372],[-154,10.000425100326538],[-828,10.000489950180054],[65033,10.000132083892822],[-67,10.000425815582275],[-1743,10.000118017196655],[21151,10.00038194656372],[-52,10.000423908233643],[-1312,10.000820875167847],[56647,10.000658988952637],[52420,10.001308917999268],[-3579,10.000062942504883],[21374,10.000272989273071],[-245,10.001094102859497],[-2692,10.000399112701416],[62168,10.000272989273071],[-213,10.000065088272095],[-1658,10.000283002853394],[21712,10.000176191329956],[15887,10.000248908996582],[-17,10.000397205352783]],"Jaya top1 bottom1 fast local search":[[24375,10.005959033966064],[19089,10.003201961517334],[19361,10.004226922988892],[8559,10.006306171417236],[7367,10.005510091781616],[4852,10.002665996551514],[23510,10.002538204193115],[17981,10.000144004821777],[17292,10.002250909805298],[8969,10.00586485862732],[8101,10.000639915466309],[6315,10.004090785980225],[23541,10.00437593460083],[16809,10.003262996673584],[16954,10.005865097045898],[8755,10.00367283821106],[7532,10.008137941360474],[6186,10.002449035644531],[22455,10.004497051239014],[18322,10.009135007858276],[14818,10.008334159851074],[8680,10.00246810913086],[7776,10.002279996871948],[5998,10.00977611541748],[23989,10.006477117538452],[15722,10.002995014190674],[15685,10.00674295425415],[8357,10.004661083221436],[8127,10.00307011604309],[5822,10.008649110794067],[43456,10.001641035079956],[31638,10.001477003097534],[30766,10.00334882736206],[16470,10.004185914993286],[12941,10.003852128982544],[10666,10.005563974380493],[43636,10.003825902938843],[32963,10.005262851715088],[30002,10.004633903503418],[16982,10.00291395187378],[13980,10.00688886642456],[12287,10.004292011260986],[40446,10.001641035079956],[29551,10.005259037017822],[28480,10.00870394706726],[16825,10.002849102020264],[13521,10.008527994155884],[12345,10.00886583328247],[41684,10.003024101257324],[33621,10.000694036483765],[30183,10.000003814697266],[16493,10.003842115402222],[13528,10.005733013153076],[11686,10.004904985427856],[46803,10.002845048904419],[33990,10.006232976913452],[29943,10.005326986312866],[16271,10.0068039894104],[14414,10.000231981277466],[10827,10.006649017333984],[61838,10.001581907272339],[44326,10.001385927200317],[38606,10.004678010940552],[22774,10.004621028900146],[18638,10.00581407546997],[13129,10.003922939300537],[63119,10.003175973892212],[43892,10.004338026046753],[44315,10.002459049224854],[22983,10.004557847976685],[19786,10.005825996398926],[13974,10.001147985458374],[66275,10.001996040344238],[56149,10.000130891799927],[44243,10.007755994796753],[24128,10.002165079116821],[19921,10.006514072418213],[13695,10.006366968154907],[59523,10.005552053451538],[55233,10.006655931472778],[46317,10.000705003738403],[23502,10.00060510635376],[19728,10.003280878067017],[14746,10.002638101577759],[66721,10.001726150512695],[45449,10.008373022079468],[46856,10.006785154342651],[24242,10.001795053482056],[20558,10.000123023986816],[13786,10.000657081604004]],