{"Jaya top15 bottom15 no local search":[[57137,20.00039792060852],[48347,20.000900983810425],[45052,20.000433921813965],[24488,20.000155925750732],[21398,20.000727891921997],[19351,20.000422954559326],[69543,20.000914096832275],[52559,20.000705003738403],[49600,20.000852823257446],[24213,20.000314950942993],[20374,20.00073504447937],[19725,20.001010179519653],[61414,20.000826120376587],[48107,20.00002384185791],[40087,20.000711917877197],[25609,20.00108814239502],[19410,20.00098180770874],[21292,20.002384185791016],[58692,20.00093388557434],[43878,20.000212907791138],[47621,20.001168966293335],[23436,20.00045108795166],[21196,20.001056909561157],[21451,20.00037908554077],[59336,20.000231981277466],[51341,20.001267910003662],[43161,20.000842809677124],[24939,20.00026512145996],[20686,20.001858949661255],[22108,20.00015687942505],[107470,20.000982999801636],[86960,20.00002098083496],[83510,20.00023317337036],[43514,20.000133991241455],[35239,20.00167679786682],[31732,20.00021195411682],[119524,20.00060510635376],[95735,20.000553131103516],[81228,20.00059199333191],[43091,20.000864028930664],[35576,20.001244068145752],[27444,20.00058603286743],[116870,20.00016188621521],[97013,20.000504970550537],[75554,20.00128984451294],[42407,20.00035786628723],[36438,20.000336170196533],[29838,20.000925064086914],[115436,20.001806020736694],[90979,20.000389099121094],[73792,20.001364946365356],[43535,20.000306129455566],[34634,20.00100302696228],[38748,20.00007200241089],[119733,20.00020408630371],[97114,20.00047779083252],[78574,20.000406980514526],[44450,20.00019407272339],[37003,20.000189065933228],[31843,20.000078916549683],[162753,20.000066995620728],[119138,20.00129199028015],[111203,20.002027988433838],[60433,20.001063108444214],[49973,20.001044988632202],[39881,20.000613927841187],[161419,20.000066995620728],[122016,20.000468969345093],[113289,20.00098705291748],[62298,20.000675201416016],[51541,20.000627040863037],[41328,20.00093102455139],[167482,20.000617027282715],[122030,20.002569913864136],[100562,20.002378940582275],[61527,20.00062608718872],[49492,20.00143814086914],[43093,20.00058603286743],[154441,20.000680923461914],[127044,20.00015091896057],[120222,20.000876903533936],[63254,20.000958919525146],[51279,20.00145411491394],[38912,20.001281023025513],[164632,20.001153230667114],[128870,20.000349044799805],[105632,20.001253128051758],[62312,20.00051999092102],[49125,20.000407934188843],[40310,20.001641988754272]],"Jaya top1 bottom1 no local search":[[49682,20.000199794769287],[-986,20.001027822494507],[-2748,20.001189947128296],[18088,20.000560998916626],[8527,20.000828981399536],[-3875,20.000208139419556],[59216,20.000705003738403],[-807,20.000713109970093],[-2621,20.000920057296753],[18398,20.000573873519897],[-936,20.000849962234497],[-1130,20.00077199935913],[55032,20.000877857208252],[-1510,20.000558137893677],[-4231,20.001182079315186],[18020,20.000420093536377],[-682,20.000314950942993],[-3066,20.00049114227295],[51615,20.000615119934082],[37049,20.00010585784912],[-4985,20.000788927078247],[16960,20.002206087112427],[11644,20.001377820968628],[-2040,20.000679969787598],[51631,20.000106811523438],[-202,20.0004780292511],[-2333,20.00030779838562],[18223,20.00103998184204],[-747,20.00011110305786],[-1952,20.000203132629395],[99399,20.000979900360107],[-14,20.000256061553955],[-5664,20.001040935516357],[36472,20.00207495689392],[25826,20.00083303451538],[-3981,20.00099205970764],[110505,20.00001096725464],[-2056,20.000403881072998],[-5538,20.00060200691223],[35074,20.000720977783203],[-758,20.000080108642578],[-6137,20.001228094100952],[108958,20.001559019088745],[-824,20.00126886367798],[-3074,20.00001811981201],[36352,20.000559091567993],[24530,20.000010013580322],[-2037,20.001771926879883],[107240,20.000011920928955],[-66,20.00063681602478],[-2626,20.00185799598694],[37407,20.001012802124023],[-1214,20.000832080841064],[-4219,20.002427101135254],[109231,20.000924825668335],[-481,20.00074315071106],[-3527,20.00067114830017],[37271,20.000322103500366],[24824,20.00007200241089],[-1070,20.001567125320435],[157502,20.00038719177246],[-339,20.00072407722473],[-3497,20.001939058303833],[54277,20.00030493736267],[-1478,20.000627994537354],[-2848,20.00063180923462],[155429,20.001088857650757],[-554,20.0012629032135],[-886,20.00096297264099],[54922,20.00056290626526],[-1231,20.00081706047058],[-4146,20.00136685371399],[160011,20.000420808792114],[114154,20.000866174697876],[-1923,20.000643968582153],[54284,20.00110411643982],[-58,20.000986099243164],[-7577,20.001960039138794],[148954,20.000741958618164],[-751,20.00111699104309],[-3222,20.000956058502197],[55344,20.001117944717407],[38284,20.001569986343384],[-2825,20.001204013824463],[159289,20.000854969024658],[-665,20.00027084350586],[-3437,20.001070976257324],[54747,20.00002908706665],[40814,20.000171899795532],[-5307,20.001176118850708]],"Jaya top1 bottom1 fast local search":[[54868,20.01868486404419],[45797,20.007197856903076],[42814,20.004838943481445],[22199,20.014638900756836],[19706,20.026546001434326],[19153,20.022902011871338],[65130,20.007118940353394],[50069,20.00028705596924],[45247,20.01456093788147],[21424,20.004212141036987],[19730,20.009215116500854],[19398,20.006654024124146],[59787,20.00990605354309],[44658,20.017070055007935],[39903,20.020450830459595],[22764,20.003355979919434],[17562,20.017233848571777],[17929,20.025791883468628],[55205,20.008207082748413],[42681,20.005446910858154],[45425,20.011969089508057],[23256,20.01388907432556],[21361,20.002223014831543],[20639,20.033779859542847],[58524,20.00453495979309],[47251,20.00389313697815],[40816,20.007138967514038],[22453,20.011670112609863],[20008,20.000218152999878],[17781,20.031641960144043],[101740,20.00252890586853],[87112,20.007002115249634],[82197,20.00349187850952],[39837,20.006330966949463],[36178,20.016555070877075],[30103,20.015589952468872],[114686,20.00181007385254],[96005,20.01396107673645],[77337,20.00999903678894],[39914,20.012723922729492],[34124,20.026693105697632],[29971,20.0184428691864],[113233,20.0026638507843],[93801,20.010245084762573],[73920,20.00280499458313],[41784,20.01165008544922],[35814,20.013945817947388],[31098,20.004158973693848],[111900,20.00684380531311],[88144,20.003175020217896],[71533,20.001991033554077],[40629,20.003066062927246],[33921,20.017476797103882],[32955,20.034591913223267],[113187,20.007139921188354],[95296,20.016982793807983],[76885,20.01823902130127],[41781,20.009891033172607],[34964,20.017403841018677],[32374,20.007165908813477],[160360,20.00848078727722],[118247,20.001023054122925],[110038,20.00083613395691],[56735,20.016072034835815],[47080,20.014851093292236],[38994,20.029921054840088],[159427,20.001834869384766],[119319,20.002700090408325],[112358,20.004549026489258],[57129,20.007236003875732],[47226,20.00503921508789],[40803,20.005120038986206],[164253,20.002413034439087],[119932,20.00255513191223],[98702,20.008673191070557],[56899,20.008404970169067],[49274,20.008711099624634],[38018,20.024615049362183],[152114,20.001120805740356],[124990,20.00120496749878],[115205,20.020637035369873],[59516,20.00990891456604],[48906,20.01132297515869],[38126,20.028971910476685],[164120,20.00513505935669],[125397,20.00282311439514],[102741,20.000051975250244],[59636,20.00266695022583],[47515,20.00282597541809],[39038,20.009711027145386]],