{"Jaya top15 bottom15 no local search":[[18395,20.000005960464478],[11828,20.000943183898926],[8555,20.00094485282898],[9912,20.00083589553833],[4862,20.00014591217041],[1702,20.00105309486389],[18937,20.000161170959473],[10728,20.00001096725464],[8826,20.00030279159546],[10957,20.0001380443573],[4611,20.000366926193237],[-273,20.001399993896484],[21220,20.000229120254517],[13726,20.00052785873413],[-587,20.000675916671753],[11066,20.000510215759277],[4986,20.001734972000122],[-101,20.000699996948242],[18628,20.000170946121216],[11596,20.001343965530396],[-3,20.000504970550537],[11118,20.00021505355835],[3925,20.00064706802368],[1849,20.00027298927307],[18927,20.00011897087097],[10820,20.000772953033447],[-610,20.00027894973755],[10592,20.001828908920288],[4251,20.00222110748291],[-386,20.000190019607544],[37941,20.000399112701416],[24190,20.00023102760315],[20239,20.000298023223877],[20330,20.00009298324585],[8566,20.0000581741333],[6305,20.000176191329956],[40231,20.00031614303589],[25215,20.000550031661987],[19204,20.00019598007202],[21192,20.000603914260864],[10130,20.001924991607666],[2568,20.000349044799805],[36613,20.000097036361694],[23864,20.000601053237915],[18802,20.00002098083496],[20700,20.000361919403076],[8989,20.000126123428345],[4538,20.0017831325531],[38232,20.000938177108765],[25924,20.000436067581177],[18944,20.001537084579468],[20725,20.000354051589966],[10464,20.000191926956177],[6800,20.000230073928833],[41994,20.000174045562744],[24837,20.00133991241455],[21349,20.000046014785767],[20976,20.000142812728882],[10471,20.000085830688477],[4698,20.000622987747192],[53903,20.000185012817383],[38005,20.000500917434692],[-277,20.001882076263428],[28850,20.00009512901306],[14453,20.000274896621704],[-991,20.000535011291504],[57125,20.000025033950806],[36850,20.000048875808716],[-108,20.00033688545227],[27774,20.00057291984558],[14336,20.002201080322266],[-78,20.000079870224],[61080,20.000481128692627],[32761,20.00020694732666],[30839,20.000677824020386],[29213,20.000502824783325],[14801,20.00010395050049],[-77,20.000325918197632],[58676,20.000545024871826],[39022,20.000627994537354],[-21,20.00000786781311],[28516,20.000295162200928],[16427,20.000514030456543],[6904,20.000132083892822],[56330,20.0002601146698],[33755,20.00023317337036],[-40,20.000197887420654],[28903,20.00052809715271],[15769,20.000128984451294],[-58,20.00022315979004]],"Jaya top1 bottom1 no local search":[[15195,20.00052499771118],[-11001,20.000418186187744],[-22885,20.00309419631958],[6649,20.000612020492554],[-9623,20.000633001327515],[-21437,20.00002098083496],[14828,20.000123977661133],[-7552,20.000059127807617],[-16045,20.001320838928223],[6535,20.000079870224],[-6759,20.00018286705017],[-18219,20.001378059387207],[16685,20.000254154205322],[-13270,20.00003981590271],[-21501,20.00056219100952],[7063,20.000004053115845],[-10551,20.00023913383484],[-17440,20.0002920627594],[15835,20.00033688545227],[-13096,20.00042700767517],[-16604,20.000516176223755],[7027,20.00057816505432],[-9106,20.000774145126343],[-24199,20.00071096420288],[15130,20.000365018844604],[-7046,20.00037693977356],[-17759,20.00054097175598],[6498,20.00025510787964],[-11809,20.000200986862183],[-16144,20.002158880233765],[34384,20.00004816055298],[-6915,20.000520944595337],[-23543,20.00023603439331],[14773,20.000268936157227],[-14219,20.0011990070343],[-20921,20.000144004821777],[35788,20.0004940032959],[-11328,20.00033712387085],[-26062,20.000096082687378],[16717,20.000126123428345],[-7700,20.000511169433594],[-24726,20.001193046569824],[34224,20.000558853149414],[-11741,20.000607013702393],[-18892,20.000270128250122],[15655,20.000083923339844],[-12272,20.002347946166992],[-15295,20.000529050827026],[36039,20.000380039215088],[-8721,20.000617027282715],[-15977,20.00026798248291],[15581,20.00055503845215],[-7299,20.00004482269287],[-23606,20.000391006469727],[35254,20.000060081481934],[-11545,20.00038194656372],[-13954,20.000447034835815],[15674,20.00084900856018],[-11253,20.000474214553833],[-16850,20.000406980514526],[50640,20.00071096420288],[-11798,20.000305891036987],[-17904,20.00066900253296],[23481,20.00025200843811],[-11436,20.00014090538025],[-15961,20.000838041305542],[53404,20.000362873077393],[-13054,20.00016188621521],[-19538,20.000155210494995],[22460,20.0004620552063],[-11099,20.000438928604126],[-17557,20.001118898391724],[58652,20.002243041992188],[-9012,20.000634908676147],[-18597,20.000613927841187],[23928,20.00089192390442],[-12432,20.000200033187866],[-18429,20.000550985336304],[54710,20.000257968902588],[-8397,20.000283002853394],[-17409,20.00119185447693],[22722,20.00014615058899],[-6968,20.000566005706787],[-19416,20.00023889541626],[52098,20.00114107131958],[-11423,20.002095937728882],[-20460,20.000566959381104],[25153,20.00173592567444],[-4239,20.001346111297607],[-17190,20.00066900253296]],"Jaya top1 bottom1 fast local search":[[17452,20.005298137664795],[11397,20.001692056655884],[-183,20.011353015899658],[9176,20.004183053970337],[4659,20.005083084106445],[-397,20.0005362033844],[17819,20.009105920791626],[11176,20.008496046066284],[-473,20.003401041030884],[8830,20.005422830581665],[4257,20.013267040252686],[-847,20.021461963653564],[19073,20.0069260597229],[13591,20.008840084075928],[-632,20.005362033843994],[9526,20.003118991851807],[4704,20.003572940826416],[-1020,20.012475967407227],[18122,20.000770092010498],[10280,20.005908966064453],[-581,20.011907815933228],[8996,20.003315925598145],[2984,20.000596046447754],[-317,20.009665966033936],[18463,20.00839591026306],[11377,20.001460075378418],[-784,20.013636827468872],[9209,20.00509786605835],[3973,20.004762887954712],[-1502,20.011646032333374],[36828,20.004456996917725],[24477,20.001641035079956],[-513,20.00484609603882],[17587,20.00583791732788],[9010,20.00089406967163],[-121,20.01283597946167],[39097,20.00449299812317],[24504,20.016060829162598],[19247,20.011733055114746],[17442,20.00591802597046],[9500,20.003164052963257],[5552,20.015088081359863],[36796,20.008673906326294],[24308,20.010135173797607],[-4,20.00123882293701],[17847,20.008540868759155],[9434,20.001821994781494],[3347,20.013264894485474],[39213,20.002004861831665],[26195,20.000962018966675],[-82,20.011767148971558],[17916,20.011831998825073],[9226,20.004724979400635],[-274,20.00826406478882],[39111,20.001698970794678],[25424,20.004743814468384],[-374,20.019443035125732],[17991,20.005744218826294],[10187,20.001307010650635],[-15,20.012459993362427],[52724,20.00312900543213],[38533,20.00875496864319],[-1074,20.008247137069702],[26553,20.001905918121338],[15638,20.008255004882812],[-1373,20.003627061843872],[54731,20.005754947662354],[36005,20.012499809265137],[-426,20.00439715385437],[25308,20.00298500061035],[13660,20.011584043502808],[-394,20.01132106781006],[60714,20.00214910507202],[33078,20.011915922164917],[-340,20.004520893096924],[26348,20.001448154449463],[14600,20.00034785270691],[-83,20.007426023483276],[57433,20.004029989242554],[38540,20.00314998626709],[-300,20.015416145324707],[26119,20.005417108535767],[15848,20.002311944961548],[-258,20.01858615875244],[54847,20.007285118103027],[32821,20.00715208053589],[-278,20.003562211990356],[27080,20.00267505645752],[14348,20.005786895751953],[-426,20.009500980377197]],