{"Jaya top15 bottom15 no local search":[[18071,10.002280950546265],[12407,10.000540971755981],[8210,10.000143051147461],[9243,10.000241041183472],[3765,10.000607967376709],[2919,10.000277042388916],[18344,10.00173807144165],[10392,10.00061297416687],[-528,10.003761053085327],[9957,10.000277996063232],[4120,10.000296831130981],[-223,10.000330924987793],[19525,10.00105905532837],[13210,10.000643014907837],[-158,10.000159978866577],[11033,10.000464916229248],[4777,10.000385046005249],[-326,10.000497102737427],[17662,10.000085830688477],[10859,10.000986099243164],[8917,10.00017499923706],[10770,10.000180959701538],[3861,10.000591039657593],[-50,10.000096082687378],[19504,10.000076055526733],[11314,10.000131845474243],[-1140,10.000189065933228],[10330,10.000071048736572],[4307,10.000257968902588],[-448,10.000591039657593],[37669,10.000050067901611],[23598,10.000430822372437],[19503,10.000316858291626],[20375,10.000128984451294],[8136,10.000223875045776],[4404,10.001285076141357],[39206,10.0001540184021],[24185,10.000075101852417],[19300,10.000213146209717],[20916,10.00019097328186],[9968,10.000544786453247],[4053,10.000091075897217],[36155,10.000296831130981],[23802,10.00006890296936],[20049,10.001571893692017],[20335,10.000133037567139],[9263,10.000159978866577],[4463,10.000190019607544],[38460,10.002046823501587],[24242,10.00056791305542],[-76,10.00040602684021],[19797,10.002074003219604],[9797,10.000601768493652],[-18,10.000113010406494],[39879,10.002060890197754],[24889,10.000123977661133],[20847,10.000382900238037],[19636,10.000123023986816],[9780,10.000530004501343],[5034,10.000012159347534],[53404,10.000496864318848],[37989,10.001975059509277],[-1131,10.002217054367065],[28626,10.000434875488281],[14634,10.000133037567139],[-803,10.000128030776978],[56495,10.000221967697144],[36682,10.000495910644531],[30161,10.000681161880493],[27371,10.00048279762268],[14863,10.000196933746338],[9224,10.000072002410889],[60776,10.000483989715576],[33490,10.00046181678772],[-64,10.000638961791992],[29328,10.000492095947266],[14751,10.000522136688232],[-147,10.000440835952759],[58369,10.000257015228271],[38331,10.001542091369629],[33200,10.000231981277466],[28342,10.00025486946106],[15199,10.000632047653198],[-218,10.000580072402954],[55799,10.000571966171265],[33459,10.0000159740448],[29440,10.001562118530273],[28659,10.000339984893799],[14835,10.000030994415283],[-312,10.001670122146606]],"Jaya top1 bottom1 no local search":[[15624,10.000010967254639],[-9279,10.001244068145752],[-24377,10.000406980514526],[5885,10.000529050827026],[-9125,10.000525951385498],[-14111,10.001062154769897],[15301,10.000546932220459],[-6608,10.001037836074829],[-20184,10.001112937927246],[7004,10.000411987304688],[-11194,10.0003080368042],[-20221,10.000931024551392],[16275,10.000389814376831],[-12080,10.000123977661133],[-19093,10.000281810760498],[7379,10.000643014907837],[-9322,10.00038194656372],[-20282,10.000431060791016],[15481,10.001405954360962],[-13680,10.00023102760315],[-19351,10.000602006912231],[7546,10.00040888786316],[-9061,10.00057315826416],[-21003,10.00065803527832],[15395,10.000277996063232],[-7932,10.000241994857788],[-20694,10.000431060791016],[6666,10.000418186187744],[-12202,10.000041007995605],[-21824,10.000455856323242],[33944,10.000534772872925],[-10303,10.00058388710022],[-25630,10.000064134597778],[14466,10.0003821849823],[-11230,10.000459909439087],[-26221,10.000422954559326],[36164,10.001792192459106],[-12017,10.000509023666382],[-20101,10.000679969787598],[15119,10.00045108795166],[-9534,10.000650882720947],[-18627,10.000140905380249],[33451,10.000458002090454],[-9256,10.00036096572876],[-18030,10.001410961151123],[14689,10.000645875930786],[-10614,10.000041007995605],[-15971,10.00062108039856],[34657,10.000221014022827],[-11111,10.000055074691772],[-19354,10.001261949539185],[14852,10.000241041183472],[-12027,10.00015902519226],[-17195,10.000545978546143],[37301,10.000070095062256],[-15524,10.000532150268555],[-17308,10.000149011611938],[15357,10.00040602684021],[-9087,10.000349044799805],[-21470,10.00004506111145],[49445,10.00036096572876],[-12449,10.00025200843811],[-17677,10.000005006790161],[24840,10.001682043075562],[-7344,10.000326871871948],[-15704,10.000571966171265],[52530,10.001559019088745],[-9675,10.000329971313477],[-22535,10.000210046768188],[22820,10.000025033950806],[-13311,10.000345945358276],[-17805,10.000125169754028],[58490,10.000464916229248],[-14667,10.000436782836914],[-20681,10.00041913986206],[23617,10.000566005706787],[-13621,10.000282049179077],[-19868,10.000448942184448],[54945,10.000504970550537],[-8658,10.000172853469849],[-16675,10.000639200210571],[24096,10.000018835067749],[-8535,10.000538110733032],[-23432,10.000176191329956],[50568,10.000032901763916],[-9109,10.00202202796936],[-17909,10.001007080078125],[23848,10.000027179718018],[-11107,10.000053882598877],[-19810,10.00061297416687]],"Jaya top1 bottom1 fast local search":[[17234,10.009804010391235],[11020,10.005303859710693],[7997,10.00998592376709],[8179,10.008676052093506],[3630,10.001590013504028],[-209,10.009021043777466],[17855,10.006190061569214],[10014,10.009435892105103],[-992,10.006210088729858],[9349,10.008375883102417],[3879,10.024408102035522],[-1254,10.0153169631958],[19655,10.003090143203735],[12871,10.004047870635986],[-1178,10.031572103500366],[9653,10.012655973434448],[4770,10.003736019134521],[-571,10.002779006958008],[18170,10.002971887588501],[10518,10.010088920593262],[-465,10.004366874694824],[9049,10.002000093460083],[3376,10.015796899795532],[-660,10.000947952270508],[18294,10.00470519065857],[-7,10.002826929092407],[-1255,10.009997129440308],[9031,10.003820896148682],[2391,10.005134105682373],[-690,10.006900072097778],[37927,10.005411863327026],[24140,10.007619142532349],[-314,10.020673036575317],[17098,10.004238843917847],[9706,10.00252389907837],[-596,10.019938230514526],[38633,10.00065803527832],[23571,10.012485027313232],[-44,10.021063089370728],[18304,10.004966020584106],[9670,10.01399278640747],[-64,10.00660514831543],[36355,10.007774114608765],[22957,10.011282920837402],[-93,10.008430004119873],[17780,10.008685111999512],[9657,10.000601053237915],[-59,10.008885145187378],[37640,10.007786989212036],[24907,10.000088930130005],[-282,10.00891399383545],[16675,10.004947900772095],[9676,10.011568069458008],[-432,10.004268169403076],[41310,10.003087997436523],[25208,10.003731966018677],[-51,10.00736689567566],[17384,10.001304864883423],[9420,10.00663685798645],[-131,10.008527040481567],[52484,10.008692026138306],[36983,10.002032995223999],[-1677,10.011207103729248],[26367,10.00260877609253],[-56,10.00867509841919],[-1740,10.000828981399536],[56174,10.001675128936768],[36184,10.009910821914673],[-388,10.002316951751709],[25505,10.003046989440918],[-2,10.0054349899292],[-608,10.000427007675171],[61244,10.004643201828003],[32883,10.013958930969238],[-455,10.012379884719849],[26314,10.00601315498352],[15328,10.00157904624939],[-473,10.005393028259277],[57307,10.006078958511353],[38291,10.005849838256836],[-218,10.011080026626587],[25803,10.003027200698853],[15024,10.003032922744751],[8517,10.000180959701538],[54691,10.005949974060059],[32787,10.010742902755737],[-709,10.014320850372314],[26400,10.000041007995605],[14021,10.0123929977417],[-819,10.01271104812622]],