{"Jaya top15 bottom15 no local search":[[53205,20.000612020492554],[29608,20.000832080841064],[26433,20.000099897384644],[24826,20.0004780292511],[10872,20.001502990722656],[5479,20.003528118133545],[51246,20.00071907043457],[30724,20.000314950942993],[27116,20.000869035720825],[23565,20.00118088722229],[12071,20.000004053115845],[7414,20.000877141952515],[53320,20.002238035202026],[33261,20.000503063201904],[29934,20.00126314163208],[25220,20.002822875976562],[12640,20.00096607208252],[7911,20.003309965133667],[52638,20.00035309791565],[29231,20.00071692466736],[25467,20.000704050064087],[23597,20.00023889541626],[11567,20.000550031661987],[3118,20.000585079193115],[54841,20.001322984695435],[30272,20.000355005264282],[24998,20.001497983932495],[23525,20.000715970993042],[11485,20.00198984146118],[5997,20.00040316581726],[98135,20.00125813484192],[66961,20.001676082611084],[57962,20.001215934753418],[47803,20.00052309036255],[25159,20.00108003616333],[13663,20.000538110733032],[99889,20.002573013305664],[60648,20.00004816055298],[-34,20.00193190574646],[46042,20.001013040542603],[23738,20.0030620098114],[15881,20.00170397758484],[98835,20.000783920288086],[67091,20.001853942871094],[58111,20.00167489051819],[45077,20.00083017349243],[25575,20.00142192840576],[-302,20.00131607055664],[102283,20.001724004745483],[64756,20.000142097473145],[52576,20.001943111419678],[48652,20.000147104263306],[22602,20.001667022705078],[12049,20.00010895729065],[103139,20.00084400177002],[65107,20.00063395500183],[58593,20.000231981277466],[45288,20.002769947052002],[22249,20.00172996520996],[13016,20.001922130584717],[150071,20.000937938690186],[95617,20.001694202423096],[86757,20.000650882720947],[61946,20.000776052474976],[36574,20.00198984146118],[25609,20.001967906951904],[158980,20.001362085342407],[99764,20.000826120376587],[83083,20.001413106918335],[65509,20.000015020370483],[36207,20.00023102760315],[21328,20.001662969589233],[151399,20.0014910697937],[96894,20.000638008117676],[74603,20.00149703025818],[67092,20.000290870666504],[37483,20.000783920288086],[22015,20.003041982650757],[151380,20.0001699924469],[100715,20.002068042755127],[89289,20.000108003616333],[68484,20.000941038131714],[38301,20.00024104118347],[23513,20.00014090538025],[146488,20.00203585624695],[98771,20.000789165496826],[83522,20.00146794319153],[65923,20.00093412399292],[35639,20.000380992889404],[22786,20.001966953277588]],"Jaya top1 bottom1 no local search":[[48692,20.001423835754395],[-16584,20.000722885131836],[-32756,20.001641988754272],[20066,20.000602960586548],[-12814,20.000075817108154],[-21637,20.000538110733032],[45148,20.001379013061523],[-14363,20.002953052520752],[-25514,20.00166392326355],[17843,20.00054407119751],[-18051,20.000598907470703],[-32927,20.00323510169983],[46370,20.00086498260498],[-21037,20.000416040420532],[-28198,20.00122618675232],[17491,20.00056290626526],[-19778,20.000550985336304],[-29608,20.003371953964233],[48208,20.001819849014282],[-13318,20.001413106918335],[-33376,20.001510858535767],[18479,20.00047993659973],[-13847,20.00029683113098],[-28789,20.003540992736816],[47080,20.001260995864868],[-15128,20.0013530254364],[-17764,20.000317811965942],[17668,20.00145697593689],[-17864,20.000314950942993],[-23746,20.001140117645264],[92888,20.00029993057251],[-14427,20.001515865325928],[-28946,20.001325130462646],[38566,20.000493049621582],[-18882,20.002310037612915],[-37519,20.000895023345947],[93345,20.00188422203064],[-17432,20.00080394744873],[-32742,20.000633001327515],[38989,20.0000479221344],[-22478,20.000135898590088],[-28818,20.002243995666504],[91070,20.001079082489014],[-15906,20.00155806541443],[-23601,20.003102779388428],[36349,20.001260995864868],[-14454,20.00086498260498],[-31863,20.003862857818604],[96235,20.00092387199402],[-20804,20.00257897377014],[-32127,20.000407934188843],[38068,20.000671863555908],[-16165,20.0014750957489],[-34090,20.00181818008423],[95301,20.000317096710205],[-17402,20.00167989730835],[-30786,20.00024104118347],[37305,20.001077890396118],[-14604,20.00067710876465],[-39946,20.001641035079956],[144158,20.000537157058716],[-12380,20.000909090042114],[-27209,20.00004816055298],[55855,20.001379013061523],[-15512,20.001986026763916],[-33931,20.001852989196777],[153405,20.00036883354187],[-19685,20.000137090682983],[-29693,20.000689029693604],[57312,20.000366926193237],[-9219,20.00064992904663],[-25196,20.000916957855225],[145543,20.00085186958313],[-11014,20.001417875289917],[-26540,20.003472089767456],[57319,20.00004816055298],[-12852,20.000729084014893],[-30694,20.003177881240845],[146861,20.000389099121094],[-11153,20.000826120376587],[-23597,20.00199007987976],[59124,20.002179861068726],[-14957,20.00069308280945],[-27728,20.00157904624939],[143041,20.002249002456665],[-19142,20.000005960464478],[-37366,20.000179052352905],[58670,20.00104308128357],[-19915,20.00254797935486],[-38045,20.000684022903442]],"Jaya top1 bottom1 fast local search":[[54724,20.003572940826416],[30229,20.0211501121521],[26067,20.04271388053894],[22422,20.012609004974365],[15744,20.01343297958374],[7856,20.00740694999695],[54361,20.000168085098267],[32807,20.028860092163086],[26592,20.027508974075317],[21110,20.01677918434143],[13563,20.03303289413452],[9018,20.03543186187744],[52303,20.007527112960815],[34526,20.033303022384644],[30216,20.0052649974823],[23004,20.016520977020264],[15248,20.026475191116333],[7033,20.05724000930786],[53364,20.006222009658813],[30960,20.028568029403687],[25592,20.040493965148926],[22654,20.002058029174805],[13668,20.01222801208496],[7455,20.00651788711548],[54841,20.006097078323364],[31478,20.0243501663208],[26602,20.023913860321045],[22113,20.018733024597168],[13977,20.02104902267456],[8264,20.038989067077637],[99129,20.006246089935303],[67705,20.041736125946045],[60437,20.03424596786499],[43817,20.007609128952026],[28793,20.009088039398193],[15457,20.048035860061646],[100853,20.015057802200317],[62087,20.020532846450806],[55406,20.01380205154419],[42635,20.011010885238647],[28017,20.008506059646606],[16755,20.036720991134644],[98552,20.008085012435913],[69896,20.026231050491333],[60906,20.062155961990356],[42192,20.024610996246338],[28390,20.009222984313965],[16774,20.0395770072937],[101773,20.01090717315674],[67585,20.01638102531433],[57068,20.054545879364014],[43442,20.004478931427002],[28364,20.05117392539978],[14965,20.049909114837646],[102722,20.021629095077515],[68238,20.00394296646118],[60995,20.03983998298645],[42749,20.01951313018799],[26601,20.00690484046936],[16028,20.026198863983154],[149448,20.001825094223022],[96241,20.016093015670776],[88028,20.031087160110474],[59696,20.001221895217896],[40036,20.000872135162354],[24502,20.045313835144043],[157360,20.005288124084473],[100721,20.006226062774658],[85464,20.047429084777832],[60844,20.000957012176514],[41444,20.022078037261963],[26943,20.004826068878174],[150123,20.016000986099243],[98601,20.011335134506226],[75496,20.048026084899902],[61969,20.001774072647095],[38995,20.02459192276001],[23863,20.00840997695923],[150313,20.02351212501526],[102212,20.023624181747437],[89464,20.008546829223633],[64518,20.006083965301514],[38361,20.00503706932068],[25142,20.027424812316895],[146213,20.002867221832275],[101468,20.022737979888916],[86151,20.01560378074646],[59861,20.005074977874756],[39657,20.012192010879517],[26042,20.02465796470642]],