{"Jaya top15 bottom15 no local search":[[51350,10.000019073486328],[27822,10.000852823257446],[23538,10.001938104629517],[25061,10.000574111938477],[10296,10.001312971115112],[2645,10.002385139465332],[51421,10.00060510635376],[31074,10.003262042999268],[24787,10.003936767578125],[21997,10.002087116241455],[10807,10.000771045684814],[6416,10.000281810760498],[50760,10.001945972442627],[32891,10.001528978347778],[-16,10.001391887664795],[23869,10.000904083251953],[10569,10.000435829162598],[-238,10.001002073287964],[51836,10.00073790550232],[28410,10.000680923461914],[25480,10.002955913543701],[21911,10.00049114227295],[10243,10.00097918510437],[-84,10.000807046890259],[52373,10.001504898071289],[27745,10.000777006149292],[25670,10.000410079956055],[22830,10.000655889511108],[11472,10.000778913497925],[5767,10.001276969909668],[98024,10.002233982086182],[65705,10.00048303604126],[57015,10.002655029296875],[45169,10.000271081924438],[23836,10.00083589553833],[12868,10.001848936080933],[101859,10.000373125076294],[59901,10.003536939620972],[-190,10.00016713142395],[43874,10.000848054885864],[23120,10.000087976455688],[-308,10.000538110733032],[98398,10.003112077713013],[66429,10.000598907470703],[-493,10.000823974609375],[43123,10.001515865325928],[24291,10.001811027526855],[-53,10.001786947250366],[102730,10.001228094100952],[62766,10.001062154769897],[-95,10.000594139099121],[45809,10.00137710571289],[22529,10.000306844711304],[-106,10.002060890197754],[100676,10.002837181091309],[64944,10.000040054321289],[60093,10.000713109970093],[42679,10.000694990158081],[22448,10.001374959945679],[-71,10.001973867416382],[149731,10.002840042114258],[94188,10.000689029693604],[-173,10.002295017242432],[60133,10.000391960144043],[34811,10.000911951065063],[-400,10.001998901367188],[156698,10.000768899917603],[100081,10.001229047775269],[-179,10.001322984695435],[63406,10.00110912322998],[37299,10.002575874328613],[-123,10.001940965652466],[149152,10.002271890640259],[95192,10.001168012619019],[74096,10.001937866210938],[65381,10.0012788772583],[37292,10.000005006790161],[21568,10.000675916671753],[149238,10.000936031341553],[99122,10.001515865325928],[87012,10.001480102539062],[67398,10.000070095062256],[36064,10.001287937164307],[23349,10.002110004425049],[145150,10.002445220947266],[97487,10.000884056091309],[82244,10.000349998474121],[64307,10.00142216682434],[38069,10.002838134765625],[-161,10.003314971923828]],"Jaya top1 bottom1 no local search":[[47566,10.00078296661377],[-15044,10.000171899795532],[-28408,10.002418041229248],[17315,10.00139307975769],[-17172,10.001005172729492],[-22786,10.001333951950073],[47991,10.00106406211853],[-21392,10.000885963439941],[-34804,10.000592947006226],[18464,10.000407934188843],[-18137,10.000094890594482],[-31581,10.003338098526001],[46849,10.00084114074707],[-10454,10.000586986541748],[-33495,10.003037929534912],[17662,10.001888036727905],[-12051,10.000226974487305],[-29004,10.000801086425781],[45655,10.001159906387329],[-16068,10.000902891159058],[-25517,10.00078797340393],[17234,10.001170873641968],[-15435,10.00258207321167],[-36592,10.000431060791016],[47981,10.00102686882019],[-13214,10.001179933547974],[-25205,10.001487016677856],[17783,10.000632047653198],[-14240,10.001686096191406],[-29164,10.00237512588501],[92565,10.000468015670776],[-21839,10.000121116638184],[-30888,10.000303983688354],[38712,10.000493049621582],[-21008,10.000661849975586],[-32451,10.000884056091309],[93759,10.000488996505737],[-20042,10.000250101089478],[-41980,10.001543998718262],[39842,10.000041961669922],[-16561,10.000618934631348],[-34047,10.001776933670044],[93597,10.002034187316895],[-19611,10.000213861465454],[-35383,10.002339124679565],[37573,10.001481056213379],[-15574,10.000179052352905],[-36612,10.001765966415405],[96339,10.001110076904297],[-19234,10.001413106918335],[-35337,10.000272989273071],[39111,10.001163005828857],[-14902,10.00112009048462],[-33713,10.001187086105347],[96673,10.000223875045776],[-22695,10.001433849334717],[-35109,10.00025200843811],[34966,10.001103162765503],[-22809,10.00271201133728],[-36985,10.000046014785767],[144863,10.00139307975769],[-15620,10.00148892402649],[-38670,10.00114917755127],[55257,10.000717163085938],[-21771,10.000432968139648],[-35590,10.001208066940308],[152127,10.0000901222229],[-12326,10.00046706199646],[-31258,10.000075101852417],[56509,10.000118017196655],[-16388,10.00048017501831],[-28753,10.002065896987915],[143918,10.001301050186157],[-19478,10.000982999801636],[-30269,10.002128839492798],[58020,10.00032901763916],[-8578,10.001160144805908],[-31797,10.001614093780518],[145916,10.001020908355713],[-19320,10.00156307220459],[-18284,10.0015389919281],[60242,10.000251054763794],[-15235,10.000411987304688],[-33614,10.000608921051025],[142336,10.000945091247559],[-15989,10.001281023025513],[-29031,10.002064943313599],[57242,10.00082516670227],[-21296,10.001039028167725],[-32605,10.00035285949707]],"Jaya top1 bottom1 fast local search":[[54545,10.017873048782349],[29901,10.037806034088135],[25679,10.043108940124512],[22765,10.007997035980225],[13897,10.042351007461548],[10739,10.039784908294678],[51455,10.01262903213501],[33395,10.035325050354004],[27993,10.016522884368896],[21709,10.008380889892578],[14798,10.009440898895264],[5396,10.054676055908203],[53566,10.004279136657715],[34115,10.006062984466553],[30496,10.02245807647705],[21618,10.015563011169434],[13277,10.01891803741455],[9349,10.012362003326416],[53552,10.018998861312866],[30997,10.000557899475098],[28351,10.055644989013672],[21727,10.017093896865845],[12416,10.027842998504639],[8342,10.033627986907959],[53500,10.015117168426514],[30535,10.00565481185913],[26223,10.023414134979248],[20707,10.020148992538452],[13903,10.0000901222229],[8947,10.026564836502075],[98593,10.000303030014038],[67836,10.036076068878174],[59259,10.061309814453125],[43788,10.021621227264404],[28913,10.032754898071289],[13879,10.02322006225586],[101935,10.003291130065918],[63284,10.050961017608643],[54224,10.003302097320557],[44455,10.013808012008667],[27619,10.019644021987915],[19491,10.015383958816528],[97057,10.017849922180176],[68418,10.009571075439453],[59830,10.02040696144104],[41531,10.003089189529419],[28190,10.016893148422241],[16609,10.018287897109985],[101568,10.007375001907349],[66168,10.003722190856934],[55508,10.053056001663208],[43851,10.017274141311646],[24653,10.039834976196289],[18064,10.000074863433838],[103210,10.013930082321167],[67530,10.00114393234253],[63653,10.039884090423584],[41619,10.009990930557251],[28865,10.002820014953613],[16319,10.027115106582642],[149152,10.006011009216309],[95980,10.010567903518677],[87785,10.016080141067505],[58529,10.011341094970703],[38094,10.017669916152954],[23144,10.021851062774658],[155464,10.004456043243408],[103054,10.008620977401733],[85014,10.033155918121338],[60897,10.00304102897644],[39201,10.031614780426025],[29478,10.037950038909912],[151096,10.009428977966309],[97484,10.017059087753296],[75730,10.023935079574585],[60923,10.017026901245117],[40956,10.034054040908813],[23568,10.007853984832764],[151034,10.009206056594849],[102061,10.02993106842041],[89270,10.037500858306885],[64109,10.020464897155762],[39447,10.030864953994751],[25632,10.029711961746216],[146400,10.012194156646729],[99620,10.023807048797607],[83645,10.018094062805176],[61258,10.00867509841919],[40114,10.009075164794922],[24706,10.019752025604248]],