{"Rao1 top15 bottom15 no local search":[[28203,20.000666856765747],[24529,20.00047993659973],[18585,20.00093698501587],[9804,20.000837087631226],[8796,20.0007541179657],[6689,20.00034189224243],[24300,20.000147104263306],[23052,20.000341176986694],[24336,20.000253915786743],[9543,20.00001287460327],[8996,20.00243902206421],[5622,20.000361919403076],[27731,20.00063681602478],[19180,20.000420093536377],[17316,20.000770092010498],[8478,20.00057816505432],[8711,20.000548124313354],[7474,20.00053906440735],[27873,20.000595808029175],[24020,20.000575065612793],[18839,20.000589847564697],[8207,20.000566005706787],[8692,20.000858068466187],[7071,20.00069499015808],[30277,20.000848054885864],[28203,20.00078296661377],[23144,20.00074601173401],[9638,20.00059700012207],[8153,20.000938892364502],[6042,20.00028705596924],[49778,20.000486850738525],[42049,20.00009512901306],[37440,20.000295877456665],[16611,20.00084400177002],[14901,20.000486135482788],[10838,20.00044083595276],[49997,20.000157833099365],[45212,20.00119400024414],[34858,20.00019598007202],[16538,20.00062108039856],[14913,20.000638008117676],[11495,20.000149965286255],[52612,20.00055694580078],[44668,20.000051975250244],[35806,20.000491857528687],[15995,20.000473976135254],[14072,20.00048804283142],[11946,20.000322103500366],[52690,20.00072693824768],[45037,20.000285148620605],[33562,20.000165939331055],[16093,20.000242948532104],[15324,20.000020027160645],[9404,20.0003399848938],[52550,20.000502824783325],[45098,20.00025200843811],[35736,20.000900983810425],[14877,20.00193214416504],[15445,20.000850915908813],[11186,20.00003695487976],[77331,20.000762939453125],[63113,20.000261068344116],[49436,20.00071883201599],[22488,20.00071382522583],[19831,20.00022792816162],[16695,20.000577926635742],[73461,20.000100135803223],[57627,20.00072193145752],[52668,20.000054121017456],[22507,20.00062108039856],[21220,20.000349044799805],[14639,20.00092911720276],[71431,20.0001859664917],[68743,20.00001621246338],[55414,20.000303983688354],[21807,20.0000319480896],[19958,20.00062584877014],[12968,20.000504970550537],[79082,20.000032901763916],[64666,20.00002884864807],[64611,20.000941038131714],[23287,20.000411987304688],[20385,20.00057101249695],[15783,20.001893043518066],[67230,20.000435829162598],[59245,20.00002694129944],[51534,20.00029706954956],[20016,20.00005602836609],[17727,20.00028920173645],[16002,20.00043797492981]],"Rao1 top15 bottom15 fast local search":[[30909,20.00225305557251],[28223,20.00535297393799],[21740,20.005922079086304],[10646,20.003567934036255],[10379,20.003469228744507],[10263,20.00319004058838],[27528,20.00059199333191],[26386,20.005976915359497],[26275,20.004770040512085],[11255,20.000926971435547],[11114,20.000602960586548],[10625,20.001825094223022],[30108,20.00145196914673],[23484,20.000815868377686],[20628,20.000935077667236],[10328,20.00533103942871],[10001,20.00570297241211],[10080,20.001702070236206],[30581,20.000516891479492],[27298,20.00009799003601],[21547,20.000663995742798],[10767,20.003880977630615],[10567,20.00091290473938],[10030,20.002384901046753],[33594,20.001524209976196],[30632,20.004225969314575],[25067,20.004787921905518],[10779,20.004853010177612],[10658,20.00170588493347],[9776,20.002444982528687],[51864,20.001978874206543],[44535,20.00362992286682],[40299,20.002418994903564],[18388,20.00237798690796],[17498,20.00174379348755],[15578,20.000955820083618],[53298,20.002279043197632],[47809,20.003790140151978],[38066,20.00382900238037],[18216,20.003729104995728],[16963,20.001569986343384],[15986,20.003677129745483],[54301,20.00010395050049],[48755,20.00155210494995],[38229,20.001216888427734],[17697,20.002978086471558],[16411,20.00006604194641],[15741,20.006550073623657],[54328,20.001641988754272],[48744,20.000710010528564],[37189,20.002811908721924],[18385,20.00181484222412],[17272,20.002723932266235],[16115,20.004825115203857],[54359,20.00399684906006],[49375,20.007528066635132],[38722,20.005945920944214],[17453,20.00223994255066],[17109,20.004356861114502],[15279,20.00758194923401],[78795,20.001224994659424],[64688,20.00116491317749],[52525,20.00561285018921],[23268,20.00007915496826],[21562,20.002694129943848],[18536,20.00368309020996],[76112,20.00224804878235],[59951,20.006574869155884],[54731,20.00138282775879],[23930,20.00411295890808],[22625,20.002038955688477],[18431,20.0040340423584],[73143,20.00278615951538],[70588,20.00011682510376],[57511,20.005279064178467],[23358,20.002060890197754],[21839,20.000102996826172],[18029,20.000510931015015],[80993,20.00255298614502],[67120,20.003308057785034],[66776,20.002842903137207],[23871,20.000776052474976],[22924,20.007036209106445],[19404,20.00032901763916],[68825,20.005578994750977],[62683,20.004761934280396],[53350,20.00286293029785],[21588,20.002521991729736],[19614,20.005090951919556],[17346,20.003459930419922]],"Rao1 top1 bottom1 fast local search":[[30894,20.712635040283203],[28384,20.005645036697388],[21691,20.00258994102478],[10688,20.00313901901245],[10192,20.00127387046814],[10083,20.001466035842896],[27375,20.00129008293152],[26386,20.000545978546143],[26275,20.003877878189087],[11215,20.001667976379395],[11114,20.00714612007141],[10625,20.000741958618164],[29990,20.00633192062378],[23424,20.003404140472412],[20628,20.002516984939575],[10226,20.000362157821655],[9910,20.004723072052002],[10119,20.00180196762085],[30581,20.00569987297058],[27298,20.00190806388855],[21526,20.004223823547363],[10660,20.001458883285522],[10559,20.003745794296265],[9925,20.001832008361816],[33559,20.004042148590088],[30608,20.003662109375],[25067,20.000267028808594],[10738,20.0034019947052],[10412,20.001916885375977],[9775,20.006125926971436],[51806,20.000641107559204],[44535,20.000088214874268],[40218,20.00702214241028],[18377,20.00476598739624],[17537,20.00423002243042],[15591,20.001427173614502],[53347,20.00136685371399],[47733,20.0003662109375],[38007,20.005381107330322],[18216,20.00606894493103],[16829,20.00056004524231],[15882,20.001344203948975],[54257,20.004140853881836],[48633,20.000168800354004],[38259,20.002230167388916],[17670,20.000458002090454],[16353,20.00694990158081],[15712,20.001157999038696],[54296,20.000437021255493],[48744,20.000755071640015],[37175,20.002209901809692],[18385,20.005478858947754],[17064,20.001155853271484],[15966,20.001439094543457],[54261,20.002570867538452],[49373,20.001434087753296],[38722,20.000015020370483],[17396,20.001187086105347],[17027,20.006632089614868],[15223,20.00642490386963],[78877,20.00238800048828],[64688,20.00085687637329],[52530,20.00481390953064],[23176,20.00480318069458],[21562,20.001219034194946],[18382,20.00547504425049],[75994,20.00121784210205],[59959,20.004354000091553],[54731,20.00263500213623],[23930,20.00086498260498],[22625,20.003169059753418],[18343,20.00495195388794],[73143,20.002787113189697],[70588,20.004249095916748],[57461,20.002254962921143],[23358,20.003578186035156],[21839,20.002107858657837],[18029,20.00094985961914],[80915,20.000478982925415],[67060,20.003751039505005],[66742,20.004520177841187],[23850,20.000524044036865],[22996,20.004188776016235],[19402,20.00108504295349],[68825,20.00037384033203],[62683,20.001774072647095],[53350,20.00082278251648],[21496,20.000952005386353],[19523,20.004215955734253],[17216,20.00276207923889]],