{"Rao1 top15 bottom15 no local search":[[28261,10.000871896743774],[24787,10.001979112625122],[19128,10.000117063522339],[8897,10.000744104385376],[8414,10.000261068344116],[6659,10.000027894973755],[24816,10.000317811965942],[23541,10.000515937805176],[22111,10.000822067260742],[10326,10.000539064407349],[8800,10.000195026397705],[7704,10.000851154327393],[27660,10.000111103057861],[20414,10.000715017318726],[16944,10.000267028808594],[8909,10.000388145446777],[8196,10.000506162643433],[6031,10.000325202941895],[28039,10.00040888786316],[24534,10.000571012496948],[18383,10.00075387954712],[8891,10.00078821182251],[7414,10.000349998474121],[6034,10.000718116760254],[32073,10.0002281665802],[28242,10.001989841461182],[22601,10.000725030899048],[9324,10.000918865203857],[9052,10.000828981399536],[7039,10.000014066696167],[50694,10.000179052352905],[41895,10.000488042831421],[37190,10.000652074813843],[16002,10.000498056411743],[14480,10.00075387954712],[10719,10.000323057174683],[51351,10.000573873519897],[43497,10.00019097328186],[34653,10.000458002090454],[16186,10.002171993255615],[15045,10.000525951385498],[10574,10.00072693824768],[50258,10.000438928604126],[44370,10.000304937362671],[34070,10.000184059143066],[15334,10.000293970108032],[13460,10.000030040740967],[12620,10.002575159072876],[52573,10.000164031982422],[45222,10.000033140182495],[33403,10.000195026397705],[16232,10.000674962997437],[15750,10.001430034637451],[9912,10.000432968139648],[52029,10.00043797492981],[44913,10.000006198883057],[35183,10.00079894065857],[15180,10.000688076019287],[14550,10.000795125961304],[11721,10.000489950180054],[77495,10.000097036361694],[62882,10.000077962875366],[49896,10.000108003616333],[21373,10.000922918319702],[18816,10.000139951705933],[16001,10.000380039215088],[74362,10.000618934631348],[56822,10.000115871429443],[51821,10.00091290473938],[22719,10.000574111938477],[20450,10.000150203704834],[15417,10.000864028930664],[71795,10.000059843063354],[68051,10.0002920627594],[55617,10.000578880310059],[22777,10.00031590461731],[19720,10.00062608718872],[14718,10.000577211380005],[79449,10.000639915466309],[65049,10.000416994094849],[63837,10.000739097595215],[22436,10.000617980957031],[21501,10.000239133834839],[17240,10.000596046447754],[67424,10.000402927398682],[60402,10.000570058822632],[51085,10.000303983688354],[20439,10.000246047973633],[17954,10.000233173370361],[14638,10.000631093978882]],"Rao1 top15 bottom15 fast local search":[[30894,10.003595113754272],[28251,10.002182960510254],[21691,10.001098155975342],[10640,10.003686904907227],[10241,10.006303787231445],[10083,10.000125885009766],[27336,10.005544900894165],[26386,10.005152940750122],[26280,10.000744819641113],[11255,10.002751111984253],[11114,10.004878044128418],[10625,10.002063035964966],[30075,10.001127004623413],[23484,10.00344204902649],[20628,10.001179933547974],[10226,10.000725030899048],[9968,10.000363826751709],[10032,10.000208139419556],[30581,10.004220962524414],[27298,10.003278970718384],[21496,10.003177881240845],[10767,10.006556987762451],[10559,10.00602388381958],[10030,10.000916957855225],[33523,10.005767107009888],[30632,10.001214027404785],[25054,10.002551078796387],[10779,10.001852989196777],[10412,10.00314998626709],[9776,10.004060983657837],[51872,10.003067970275879],[44538,10.003473997116089],[40086,10.001995086669922],[18391,10.00343108177185],[17543,10.001075983047485],[15547,10.00375485420227],[53372,10.000951051712036],[47837,10.00435996055603],[38007,10.001329898834229],[18216,10.007721900939941],[16963,10.002500057220459],[15834,10.000211954116821],[54239,10.001147031784058],[48750,10.00325608253479],[38221,10.000039100646973],[17659,10.000858068466187],[16375,10.004354000091553],[15741,10.000800848007202],[54287,10.002856016159058],[48744,10.003849029541016],[37222,10.000332832336426],[18302,10.000709056854248],[17272,10.000368118286133],[15966,10.003270864486694],[54458,10.004698038101196],[49392,10.00345492362976],[38708,10.007194995880127],[17454,10.003878116607666],[17065,10.003233909606934],[15287,10.002084016799927],[78775,10.000185012817383],[64688,10.005295991897583],[52525,10.000561952590942],[23268,10.002196073532104],[21562,10.003208875656128],[18423,10.003629922866821],[75869,10.002997875213623],[59951,10.006092071533203],[54591,10.003457069396973],[23930,10.000548839569092],[22625,10.00440502166748],[18431,10.002393007278442],[73143,10.003261804580688],[70588,10.00427508354187],[57480,10.003016948699951],[23358,10.000699996948242],[21827,10.001203060150146],[18029,10.000087976455688],[80812,10.004029989242554],[67120,10.00414514541626],[66793,10.001534223556519],[23871,10.000005960464478],[22924,10.001962900161743],[19397,10.00062608718872],[68802,10.003716945648193],[62683,10.002177953720093],[53350,10.002023935317993],[21588,10.00047492980957],[19541,10.004878044128418],[17216,10.002984046936035]],"Rao1 top1 bottom1 fast local search":[[30593,10.66696286201477],[28183,10.000049114227295],[21642,10.001406908035278],[10640,10.006561994552612],[10230,10.006484985351562],[10144,10.00229001045227],[27434,10.003361940383911],[26386,10.003612995147705],[26280,10.004301071166992],[11303,10.002734899520874],[11114,10.001398086547852],[10625,10.00189995765686],[30132,10.00551700592041],[23424,10.001491069793701],[20628,10.004807949066162],[10252,10.006198167800903],[9968,10.003947019577026],[10017,10.002234935760498],[30504,10.000672817230225],[27253,10.002068996429443],[21465,10.001510858535767],[10740,10.002652168273926],[10559,10.003108024597168],[9880,10.000379800796509],[33518,10.000891923904419],[30601,10.007229804992676],[25054,10.004278898239136],[10717,10.000555038452148],[10522,10.001476049423218],[9773,10.001474142074585],[51661,10.003139972686768],[44535,10.004304885864258],[40123,10.000205993652344],[18361,10.000701904296875],[17403,10.003190994262695],[15522,10.00385594367981],[53298,10.00027585029602],[47719,10.00221300125122],[38066,10.006511926651001],[18216,10.00436806678772],[16879,10.00607681274414],[15799,10.005468845367432],[54269,10.005241870880127],[48750,10.00230622291565],[38221,10.00416898727417],[17669,10.00357699394226],[16348,10.004083156585693],[15703,10.001582145690918],[54241,10.000420093536377],[48744,10.004345893859863],[37215,10.003078937530518],[18302,10.001923084259033],[17093,10.003005981445312],[15980,10.000330924987793],[54458,10.001819133758545],[49375,10.005051851272583],[38735,10.002726078033447],[17454,10.00450611114502],[17027,10.001397132873535],[15182,10.005868911743164],[78877,10.001634120941162],[64515,10.000591039657593],[52525,10.00414490699768],[23268,10.001774072647095],[21562,10.000307083129883],[18467,10.001377820968628],[76112,10.006448030471802],[59951,10.003055095672607],[54759,10.003623962402344],[23930,10.002156019210815],[22625,10.002592086791992],[18359,10.00407600402832],[73115,10.004401922225952],[70588,10.003493070602417],[57461,10.002431869506836],[23348,10.002202987670898],[21830,10.003201007843018],[17998,10.00364899635315],[80804,10.001417875289917],[67003,10.000952005386353],[66742,10.002185821533203],[23856,10.003251075744629],[22924,10.003233909606934],[19334,10.002022981643677],[68802,10.000635862350464],[62683,10.002219915390015],[53350,10.002867937088013],[21588,10.002831935882568],[19558,10.00084900856018],[17346,10.005316019058228]],