{"Rao1 top15 bottom15 no local search":[[25985,20.000364065170288],[19512,20.000226974487305],[18469,20.00069785118103],[9701,20.000468015670776],[7077,20.000503063201904],[5077,20.000920057296753],[24433,20.00066900253296],[16312,20.000036001205444],[17089,20.000946044921875],[8689,20.001033782958984],[6969,20.000657081604004],[5155,20.00066900253296],[22632,20.000165939331055],[16193,20.000643968582153],[16230,20.000861883163452],[9211,20.00063180923462],[5620,20.00080704689026],[5728,20.000590085983276],[25006,20.000499963760376],[16756,20.00028705596924],[13915,20.000864028930664],[9277,20.000524044036865],[5792,20.00031280517578],[4898,20.000147104263306],[23587,20.000051021575928],[16500,20.000195026397705],[15454,20.000286102294922],[9143,20.000555992126465],[6897,20.000823974609375],[3526,20.00041389465332],[43415,20.00059199333191],[31096,20.002376079559326],[28464,20.000842809677124],[16565,20.000848054885864],[11631,20.000231981277466],[7616,20.002121925354004],[45614,20.00057601928711],[32235,20.000732898712158],[27687,20.00055503845215],[16954,20.000004053115845],[13676,20.00001096725464],[10471,20.000332832336426],[42507,20.00206708908081],[28916,20.000317096710205],[26854,20.00062584877014],[17141,20.000110864639282],[12659,20.000216007232666],[8635,20.000017166137695],[42255,20.000679969787598],[35280,20.000247955322266],[29440,20.000977993011475],[17941,20.000135898590088],[12337,20.000433921813965],[9883,20.00065302848816],[47552,20.00044298171997],[32774,20.000536918640137],[30705,20.00005292892456],[16620,20.00056505203247],[13036,20.000738859176636],[8966,20.00092887878418],[63048,20.000813961029053],[44718,20.00048804283142],[38019,20.000213146209717],[23466,20.000532865524292],[18269,20.00076985359192],[10260,20.00033402442932],[63189,20.00053310394287],[42110,20.000800848007202],[44203,20.000036001205444],[22256,20.000179052352905],[18239,20.000450134277344],[11640,20.00166082382202],[67320,20.000558137893677],[56272,20.000290870666504],[43725,20.000631093978882],[23135,20.000503063201904],[18353,20.000885009765625],[10951,20.000159978866577],[60435,20.000144958496094],[53578,20.000895977020264],[44831,20.000421047210693],[24408,20.001857042312622],[18982,20.00028395652771],[10722,20.000261068344116],[66570,20.00090193748474],[44454,20.00025701522827],[45754,20.00041699409485],[24834,20.001228094100952],[18890,20.000004053115845],[12977,20.000756978988647]],"Rao1 top15 bottom15 fast local search":[[28504,20.001216173171997],[21694,20.004371881484985],[21948,20.000468015670776],[10937,20.001374006271362],[10018,20.002426147460938],[8560,20.007956981658936],[26507,20.003014087677002],[20553,20.006227016448975],[20103,20.004241943359375],[10626,20.00668692588806],[9690,20.004775047302246],[8493,20.00259804725647],[26692,20.001816987991333],[19272,20.000324964523315],[19219,20.00159502029419],[10841,20.003679037094116],[9630,20.0057430267334],[9158,20.005539894104004],[26342,20.002792835235596],[20485,20.005714893341064],[17392,20.004178047180176],[11272,20.001433849334717],[10510,20.003979921340942],[9707,20.004411935806274],[26603,20.006070852279663],[19264,20.008095026016235],[18644,20.007388830184937],[10483,20.004486799240112],[9904,20.00615096092224],[8747,20.000423908233643],[47040,20.002843856811523],[35635,20.002820014953613],[33640,20.00182604789734],[19012,20.001924991607666],[16174,20.004881858825684],[14151,20.004868984222412],[47627,20.0051748752594],[37004,20.0037100315094],[33567,20.001511096954346],[19514,20.005610942840576],[17823,20.004666090011597],[15517,20.00194501876831],[45175,20.003949880599976],[33374,20.00430393218994],[31402,20.005470991134644],[19760,20.00131607055664],[17851,20.005005836486816],[15249,20.00554609298706],[45809,20.002686977386475],[37741,20.000383138656616],[33309,20.004589080810547],[19477,20.00445795059204],[17070,20.00445294380188],[14694,20.007526874542236],[50107,20.00128197669983],[37373,20.000226974487305],[33252,20.00043296813965],[19483,20.00028920173645],[17273,20.00746488571167],[14853,20.000792980194092],[65676,20.00128197669983],[47903,20.007934093475342],[40912,20.00752592086792],[25472,20.002059936523438],[20637,20.0026957988739],[16309,20.00576090812683],[65730,20.007032871246338],[46345,20.00182008743286],[47039,20.004552841186523],[25645,20.003064155578613],[21897,20.004793882369995],[16868,20.00616192817688],[68896,20.000216007232666],[58394,20.003591060638428],[46992,20.00161099433899],[26050,20.002196073532104],[21783,20.005566120147705],[16453,20.004750967025757],[61968,20.000776052474976],[57761,20.006173133850098],[48561,20.005069971084595],[25369,20.000536918640137],[21959,20.003124952316284],[16975,20.005631923675537],[69430,20.004240036010742],[48189,20.0013689994812],[48816,20.002908945083618],[26204,20.00484013557434],[22288,20.002120971679688],[15938,20.00101900100708]],"Rao1 top1 bottom1 fast local search":[[28504,20.000967979431152],[21791,20.00026297569275],[21875,20.00359606742859],[10820,20.006596088409424],[9793,20.003330945968628],[8314,20.00444507598877],[26391,20.00454020500183],[20430,20.005604028701782],[20103,20.006158113479614],[10555,20.001427173614502],[9602,20.004414081573486],[8493,20.004091024398804],[26654,20.006030082702637],[19299,20.00099205970764],[19208,20.00309109687805],[10769,20.00097894668579],[9593,20.004062175750732],[9157,20.001107215881348],[26470,20.00656294822693],[20485,20.003791093826294],[17416,20.003450870513916],[11167,20.0031840801239],[10510,20.005879878997803],[9602,20.004058122634888],[26603,20.005515098571777],[19173,20.008152961730957],[18569,20.001101970672607],[10466,20.00048804283142],[9842,20.003488063812256],[8764,20.00364589691162],[46931,20.006217002868652],[35635,20.004340887069702],[33704,20.00934100151062],[19012,20.004790782928467],[15755,20.001245975494385],[14151,20.006648063659668],[47760,20.001689910888672],[37149,20.004249095916748],[33567,20.00105381011963],[19587,20.001888036727905],[17765,20.00748586654663],[15517,20.00210690498352],[45421,20.002224922180176],[33374,20.000208139419556],[31471,20.005398988723755],[19695,20.00475311279297],[17862,20.001244068145752],[15242,20.001047134399414],[45794,20.00357699394226],[37832,20.003695011138916],[33344,20.00518798828125],[19419,20.001342058181763],[16979,20.004822969436646],[14379,20.00484800338745],[50163,20.003077030181885],[37298,20.00187110900879],[33234,20.001373052597046],[19486,20.001644134521484],[17075,20.003551959991455],[14853,20.00208878517151],[65693,20.001895904541016],[47749,20.004021167755127],[40969,20.007061004638672],[25491,20.002808094024658],[20574,20.005184173583984],[16258,20.005088806152344],[65558,20.002931833267212],[46345,20.00266122817993],[46937,20.00201106071472],[25645,20.00427508354187],[21773,20.00305700302124],[16880,20.0047550201416],[68653,20.001709938049316],[58313,20.004981994628906],[46855,20.005860090255737],[26050,20.003796815872192],[21744,20.00019598007202],[16383,20.002285957336426],[62036,20.00235104560852],[57658,20.005677938461304],[48375,20.00407385826111],[25322,20.002081155776978],[21959,20.00259494781494],[16820,20.00359797477722],[69661,20.005120038986206],[47819,20.00145196914673],[48806,20.007007122039795],[26204,20.001754999160767],[22280,20.00475287437439],[15960,20.00301504135132]],