{"Rao1 top15 bottom15 no local search":[[23839,10.000401973724365],[18976,10.000203132629395],[19830,10.000298023223877],[9214,10.000980138778687],[6411,10.00092101097107],[5137,10.000360012054443],[24038,10.000944137573242],[17567,10.000417947769165],[16902,10.000354051589966],[9047,10.000778913497925],[6978,10.000319957733154],[3279,10.001099109649658],[23955,10.00029706954956],[17068,10.000185012817383],[16644,10.000013828277588],[9084,10.000123977661133],[6693,10.000816106796265],[3577,10.000357151031494],[23313,10.000915050506592],[16360,10.000385999679565],[12460,10.00048017501831],[9414,10.00212812423706],[8361,10.000884056091309],[3773,10.000237941741943],[22650,10.000793933868408],[17107,10.000728845596313],[15618,10.000999212265015],[8889,10.000526905059814],[6315,10.000346899032593],[4035,10.000163078308105],[43622,10.000699043273926],[30811,10.000908851623535],[29670,10.000930070877075],[16525,10.000053882598877],[12415,10.000613927841187],[9055,10.00066590309143],[43194,10.000387907028198],[32656,10.003418922424316],[28542,10.000439167022705],[16971,10.00053095817566],[13171,10.000938892364502],[8683,10.003208875656128],[42679,10.000401973724365],[27964,10.00081992149353],[26887,10.000438928604126],[17968,10.000905990600586],[12910,10.000597953796387],[8218,10.00063705444336],[41313,10.000641822814941],[33802,10.000499963760376],[29058,10.000389099121094],[17543,10.000003814697266],[13838,10.00084400177002],[9740,10.001039981842041],[45355,10.000799179077148],[34027,10.000202894210815],[28942,10.000098943710327],[17591,10.001511096954346],[12916,10.000482082366943],[9947,10.000741004943848],[63780,10.00051212310791],[45149,10.000190019607544],[37361,10.000164031982422],[23220,10.00065016746521],[17656,10.0001540184021],[11158,10.000722885131836],[62772,10.000280141830444],[43071,10.00023889541626],[45286,10.000195026397705],[24032,10.000597953796387],[18450,10.000034093856812],[11953,10.000844955444336],[66658,10.000947952270508],[56337,10.000370025634766],[44454,10.000032901763916],[24055,10.000447034835815],[18698,10.0004141330719],[11856,10.00027585029602],[59077,10.000509023666382],[54004,10.000988006591797],[44453,10.000689029693604],[24466,10.000023126602173],[20036,10.000646114349365],[13050,10.000601053237915],[67402,10.000004053115845],[44250,10.000678062438965],[45189,10.00049090385437],[24822,10.000895977020264],[17561,10.000185012817383],[13385,10.000687837600708]],"Rao1 top15 bottom15 fast local search":[[28456,10.004196882247925],[21715,10.001564979553223],[21935,10.007628202438354],[10744,10.000310897827148],[10000,10.003095149993896],[8199,10.004178047180176],[26382,10.002376079559326],[20553,10.000153064727783],[20103,10.004280090332031],[10583,10.004886865615845],[9678,10.005942821502686],[8377,10.001810073852539],[26679,10.00265121459961],[19262,10.001899003982544],[19143,10.004945039749146],[10819,10.001077890396118],[9522,10.005721092224121],[9157,10.000627040863037],[26470,10.006484985351562],[20485,10.006179094314575],[17344,10.002067804336548],[11156,10.00158405303955],[10510,10.000884056091309],[9823,10.00147819519043],[26656,10.005259037017822],[19233,10.002130031585693],[18607,10.005459070205688],[10525,10.006136894226074],[9878,10.001102924346924],[8745,10.006743907928467],[47059,10.004020929336548],[35671,10.00074291229248],[33637,10.004677772521973],[18994,10.003566026687622],[16138,10.004225015640259],[14035,10.004825115203857],[47632,10.00344705581665],[36964,10.001254081726074],[33467,10.005036115646362],[19523,10.002783060073853],[17906,10.00096607208252],[15513,10.002734899520874],[45173,10.005385875701904],[33357,10.004325151443481],[31402,10.005185842514038],[19650,10.003499984741211],[17862,10.002364873886108],[15242,10.00230598449707],[45819,10.002179861068726],[38019,10.002321004867554],[33407,10.005120992660522],[19510,10.007038116455078],[16789,10.006633043289185],[14510,10.005103826522827],[50073,10.001200199127197],[37429,10.005057096481323],[33240,10.007122039794922],[19419,10.005483865737915],[17200,10.005031108856201],[14853,10.002042055130005],[65676,10.003422021865845],[47734,10.002218008041382],[40969,10.003288984298706],[25509,10.005188941955566],[20515,10.000397205352783],[16307,10.000038862228394],[65736,10.0035560131073],[46345,10.000484943389893],[47199,10.004733085632324],[25645,10.006071090698242],[21924,10.003880977630615],[16880,10.004045009613037],[68716,10.007489204406738],[58313,10.004455089569092],[46992,10.002742052078247],[26050,10.00550103187561],[21744,10.0018949508667],[16348,10.000826120376587],[61968,10.003479957580566],[57732,10.005880117416382],[48508,10.001407146453857],[25322,10.002273797988892],[21886,10.004796028137207],[16975,10.001067161560059],[69529,10.000042915344238],[48189,10.001769065856934],[48816,10.002887964248657],[26204,10.002007007598877],[22323,10.002429962158203],[15960,10.003428220748901]],"Rao1 top1 bottom1 fast local search":[[28367,10.002840042114258],[21599,10.001511096954346],[21935,10.00602102279663],[10722,10.001890897750854],[9781,10.001044988632202],[8165,10.005614995956421],[26382,10.00563097000122],[20397,10.002115964889526],[19925,10.004041194915771],[10542,10.008113145828247],[9558,10.004891872406006],[8307,10.0018470287323],[26818,10.00617003440857],[19215,10.002593994140625],[19190,10.003917932510376],[10671,10.002971887588501],[9630,10.001498937606812],[9152,10.001087188720703],[26239,10.007816076278687],[20535,10.005544185638428],[17372,10.002868890762329],[11202,10.002365112304688],[10544,10.004405975341797],[9484,10.00543999671936],[26377,10.001943826675415],[19233,10.004371166229248],[18523,10.004996061325073],[10499,10.001044988632202],[9877,10.004760026931763],[8745,10.000430822372437],[46958,10.00456190109253],[35486,10.000872135162354],[33703,10.005989074707031],[18725,10.003462791442871],[15750,10.003024101257324],[14124,10.00401496887207],[47443,10.00089406967163],[36816,10.00222396850586],[33318,10.00149917602539],[19559,10.002228021621704],[17678,10.005160093307495],[15474,10.007337093353271],[45126,10.005764961242676],[33319,10.003484010696411],[31454,10.006592035293579],[19695,10.00600004196167],[17862,10.001137971878052],[15249,10.001935005187988],[45770,10.005661964416504],[37622,10.002631902694702],[33309,10.006691932678223],[19374,10.004889965057373],[16952,10.002895832061768],[14694,10.002443075180054],[49963,10.000603914260864],[37388,10.006174802780151],[33186,10.005331039428711],[19382,10.003484010696411],[17128,10.00717306137085],[14853,10.005706071853638],[65518,10.005229949951172],[47678,10.002561807632446],[40903,10.003296852111816],[25509,10.003203868865967],[20780,10.001206159591675],[16307,10.007615804672241],[65603,10.001588106155396],[46345,10.002660989761353],[46904,10.007219076156616],[25633,10.001585960388184],[21948,10.005169868469238],[16845,10.001483917236328],[68737,10.004472970962524],[58239,10.003448009490967],[46802,10.0051109790802],[26050,10.002288818359375],[21748,10.003114938735962],[16262,10.000542163848877],[61968,10.003988981246948],[57681,10.00268292427063],[48585,10.000447988510132],[25378,10.002044916152954],[21829,10.005414009094238],[16820,10.000036001205444],[69397,10.003638982772827],[48189,10.007086992263794],[48782,10.002683877944946],[26105,10.006041049957275],[22270,10.002043962478638],[15800,10.001767873764038]],