{"Rao1 top15 bottom15 no local search":[[56314,20.001391887664795],[43776,20.002017974853516],[42036,20.003879070281982],[23345,20.002944946289062],[15728,20.000051021575928],[11529,20.00089406967163],[66342,20.001596927642822],[49571,20.001554012298584],[43649,20.00240993499756],[24301,20.00080180168152],[15516,20.00039505958557],[14238,20.00144100189209],[57442,20.001507997512817],[42483,20.00336003303528],[38896,20.00193500518799],[20387,20.00159502029419],[15172,20.001661777496338],[10156,20.000428915023804],[56763,20.00154185295105],[43426,20.001431941986084],[43810,20.001137018203735],[23419,20.00226902961731],[18489,20.00218415260315],[12986,20.000355005264282],[58973,20.001525163650513],[46702,20.001177072525024],[41159,20.001852989196777],[21730,20.000500917434692],[17156,20.001522064208984],[14260,20.001929998397827],[105522,20.000847101211548],[85485,20.00028705596924],[79278,20.000513076782227],[42679,20.00181007385254],[31915,20.001468181610107],[23379,20.0014808177948],[118204,20.0001220703125],[98867,20.001487016677856],[74127,20.002283096313477],[41322,20.00184392929077],[32863,20.00037407875061],[21968,20.00088095664978],[113235,20.000364065170288],[93197,20.001757860183716],[71142,20.002010107040405],[41006,20.00180697441101],[34908,20.000557899475098],[21994,20.002275943756104],[117018,20.000569105148315],[84681,20.001555919647217],[70999,20.000789880752563],[44059,20.001461029052734],[35090,20.000319957733154],[23968,20.001290798187256],[115968,20.000916004180908],[95817,20.001333951950073],[75758,20.00039005279541],[41407,20.00045084953308],[33172,20.001330137252808],[23026,20.00102400779724],[161813,20.001140832901],[116520,20.000648021697998],[108464,20.001571893692017],[61237,20.00164794921875],[43955,20.00070595741272],[30835,20.00240206718445],[157986,20.000203132629395],[119894,20.000828981399536],[109953,20.000298023223877],[59981,20.00176215171814],[47311,20.00132703781128],[34194,20.002288103103638],[167037,20.001946926116943],[120736,20.00218391418457],[97511,20.00058388710022],[60185,20.000752210617065],[47224,20.002222061157227],[30615,20.000468015670776],[153934,20.000902891159058],[126189,20.001063108444214],[117262,20.000115156173706],[63283,20.00056505203247],[46162,20.001182079315186],[29228,20.001506805419922],[163525,20.001424074172974],[124367,20.000513792037964],[102974,20.00103998184204],[60512,20.002213954925537],[43244,20.000120878219604],[31808,20.000733137130737]],"Rao1 top15 bottom15 fast local search":[[65901,20.00870394706726],[56113,20.005064010620117],[52007,20.00763511657715],[29119,20.01414394378662],[26231,20.001625061035156],[26354,20.007757902145386],[76605,20.005743980407715],[59290,20.012689113616943],[53352,20.00480318069458],[29616,20.004060983657837],[26321,20.009936809539795],[25520,20.01229214668274],[69110,20.006595849990845],[54302,20.012858152389526],[46295,20.00580382347107],[29337,20.014675855636597],[25176,20.00853204727173],[26043,20.01370882987976],[66857,20.011103868484497],[51806,20.013415813446045],[54529,20.003225088119507],[29472,20.0035879611969],[26596,20.00205683708191],[25714,20.01469087600708],[68397,20.014451026916504],[57413,20.020040035247803],[49225,20.011481046676636],[29509,20.006206035614014],[26364,20.00474500656128],[26171,20.001916885375977],[117798,20.003150939941406],[98999,20.00023102760315],[92566,20.000972032546997],[51323,20.00644588470459],[45790,20.014453172683716],[41706,20.005247831344604],[130027,20.014650106430054],[107637,20.012789964675903],[88997,20.006535053253174],[50235,20.008468866348267],[44896,20.01832604408264],[42182,20.011570930480957],[127663,20.003745079040527],[107554,20.005234003067017],[85278,20.00819492340088],[50249,20.00123906135559],[44635,20.015779972076416],[41484,20.007654905319214],[126161,20.00325608253479],[101141,20.01178812980652],[84271,20.00324010848999],[51117,20.00601291656494],[45238,20.00215482711792],[42664,20.010429859161377],[129684,20.00389289855957],[106963,20.02158808708191],[86864,20.005359888076782],[51126,20.00885510444641],[44844,20.009773015975952],[41701,20.012791872024536],[168033,20.002010822296143],[126837,20.01578998565674],[117156,20.0054190158844],[65415,20.006107091903687],[54808,20.00703001022339],[44458,20.002556085586548],[169054,20.001186847686768],[128754,20.002918004989624],[120035,20.007622957229614],[65294,20.008105039596558],[55345,20.00435185432434],[46178,20.004681825637817],[173623,20.012342929840088],[129012,20.00406002998352],[107561,20.01044797897339],[66164,20.002274990081787],[55250,20.021679162979126],[45668,20.014371871948242],[162217,20.003501892089844],[133070,20.01407289505005],[125148,20.01661205291748],[67533,20.00254988670349],[56248,20.011595964431763],[45287,20.002676963806152],[172951,20.010722875595093],[134789,20.007340908050537],[111429,20.011327981948853],[66081,20.002745151519775],[55503,20.014873027801514],[45179,20.002094984054565]],"Rao1 top1 bottom1 fast local search":[[65419,20.020737886428833],[55653,20.002953052520752],[51512,20.016003131866455],[29043,20.006273984909058],[26055,20.004106044769287],[26537,20.003082990646362],[76641,20.01321792602539],[58955,20.003364086151123],[53155,20.013768911361694],[29524,20.002742052078247],[26057,20.017390966415405],[25271,20.005440950393677],[68866,20.007025003433228],[53914,20.01889204978943],[46211,20.018511056900024],[29132,20.000420808792114],[24905,20.00337505340576],[25821,20.014420986175537],[66267,20.008888006210327],[51232,20.019885063171387],[54503,20.00684404373169],[29340,20.002562999725342],[26036,20.00175380706787],[25897,20.011353969573975],[68253,20.014079093933105],[57686,20.00066304206848],[48875,20.029536962509155],[29186,20.008962154388428],[26100,20.016139030456543],[26059,20.015563011169434],[117679,20.00718379020691],[98725,20.00042486190796],[92411,20.01102304458618],[51091,20.014639139175415],[45491,20.00153613090515],[41481,20.01054310798645],[129067,20.0034339427948],[107290,20.016573190689087],[87958,20.00311017036438],[49862,20.007378101348877],[44765,20.0056209564209],[41953,20.012405157089233],[127723,20.00129008293152],[107497,20.01772403717041],[84632,20.00890302658081],[50102,20.006292819976807],[44768,20.00982093811035],[41222,20.009941816329956],[125420,20.007249116897583],[101230,20.01913094520569],[84153,20.001614093780518],[50606,20.00311589241028],[45048,20.018924951553345],[42230,20.02335786819458],[129376,20.001357078552246],[106724,20.004395961761475],[86523,20.00300884246826],[50858,20.008205890655518],[44437,20.00084900856018],[41909,20.020708084106445],[167873,20.008583068847656],[127236,20.002490997314453],[116734,20.022889137268066],[65173,20.00897192955017],[54668,20.01654314994812],[44342,20.00559902191162],[168602,20.0011990070343],[128502,20.0125789642334],[119893,20.01040291786194],[65080,20.005151987075806],[55570,20.014754056930542],[46055,20.00403594970703],[173005,20.008219003677368],[128356,20.01832103729248],[107354,20.0155930519104],[66030,20.00563097000122],[54951,20.003445863723755],[45524,20.01664900779724],[161956,20.01188898086548],[132858,20.009881019592285],[125080,20.011714935302734],[67394,20.00533699989319],[56186,20.01008892059326],[45107,20.009729862213135],[172532,20.006818056106567],[134956,20.008567094802856],[111291,20.010051012039185],[65937,20.005994081497192],[55674,20.00903296470642],[45038,20.009674072265625]],