{"Rao1 top15 bottom15 no local search":[[18215,20.000025987625122],[10486,20.000112056732178],[-107,20.001522064208984],[8490,20.000847816467285],[3478,20.000061988830566],[-24,20.001007795333862],[17327,20.000967025756836],[9117,20.000981092453003],[-1921,20.001365900039673],[10240,20.001086950302124],[3404,20.003509044647217],[-1763,20.00301694869995],[18846,20.000317096710205],[-19,20.00045895576477],[-1367,20.000797033309937],[8565,20.00072693824768],[2839,20.00020980834961],[-1778,20.00125503540039],[18291,20.001060009002686],[9540,20.000770807266235],[-701,20.000196933746338],[9276,20.00071096420288],[-319,20.000531911849976],[-908,20.000110864639282],[18672,20.002509117126465],[-429,20.000558137893677],[-2076,20.000586986541748],[9140,20.000768184661865],[-213,20.001131057739258],[-4911,20.00091290473938],[37641,20.000452995300293],[22524,20.000959873199463],[-1127,20.000765085220337],[17518,20.001216173171997],[8155,20.00025510787964],[-1871,20.0018048286438],[39653,20.000036001205444],[23238,20.000503063201904],[-39,20.000169038772583],[19684,20.000334978103638],[9609,20.00070095062256],[-315,20.001156091690063],[36269,20.0002920627594],[24170,20.000777006149292],[-1239,20.000245809555054],[17813,20.000383138656616],[8830,20.00116801261902],[4657,20.001070976257324],[38177,20.000173091888428],[24435,20.00032615661621],[-1589,20.000131130218506],[18898,20.000238180160522],[8587,20.00085210800171],[-200,20.001832008361816],[41305,20.001014947891235],[24400,20.00187611579895],[-393,20.001019954681396],[19142,20.00106406211853],[8536,20.001852989196777],[-515,20.001352787017822],[51176,20.000776052474976],[-33,20.000198125839233],[-1782,20.000077962875366],[27226,20.002596139907837],[13575,20.00047206878662],[-3163,20.000627040863037],[56399,20.001014947891235],[-36,20.000097036361694],[-730,20.00005316734314],[26194,20.000075817108154],[-2560,20.00093698501587],[-3045,20.000242948532104],[60224,20.00017499923706],[31610,20.001295804977417],[-1018,20.000880002975464],[27508,20.00048804283142],[13492,20.00072193145752],[-823,20.00038981437683],[57326,20.000586986541748],[37350,20.002607107162476],[-1001,20.00007200241089],[27070,20.002908945083618],[14622,20.00095009803772],[-511,20.000890970230103],[55019,20.000901222229004],[32545,20.000088930130005],[-3409,20.00006604194641],[28662,20.001569032669067],[-131,20.000428915023804],[-1798,20.000532865524292]],"Rao1 top15 bottom15 fast local search":[[20062,20.002996921539307],[13854,20.001060962677002],[10269,20.005941152572632],[10504,20.00191307067871],[6485,20.00241780281067],[4698,20.00843596458435],[20017,20.004464149475098],[12217,20.009462118148804],[9785,20.001750946044922],[11444,20.004981994628906],[6715,20.009539127349854],[3228,20.002362966537476],[21979,20.00289511680603],[15333,20.008592128753662],[-7,20.009809970855713],[11704,20.009228944778442],[6821,20.009504079818726],[1990,20.012642860412598],[20634,20.009140014648438],[12545,20.006006002426147],[9717,20.004862070083618],[11622,20.00206685066223],[6964,20.001767873764038],[3825,20.011558055877686],[20770,20.00784993171692],[13079,20.00521206855774],[-34,20.00912094116211],[11070,20.00113797187805],[6670,20.000258922576904],[2597,20.010761976242065],[40729,20.003155946731567],[27222,20.002349138259888],[22584,20.007004022598267],[21094,20.00123405456543],[13544,20.004767894744873],[9886,20.007716178894043],[42505,20.00601100921631],[27658,20.001091957092285],[21814,20.005309104919434],[21818,20.00617504119873],[13838,20.004171133041382],[9264,20.005258083343506],[39756,20.00766110420227],[27838,20.00687599182129],[22847,20.00555992126465],[21229,20.002140045166016],[14271,20.000102996826172],[10346,20.005134105682373],[41586,20.00109601020813],[28371,20.007853984832764],[21400,20.000406980514526],[21006,20.004390001296997],[13938,20.005790948867798],[8841,20.007848024368286],[43439,20.005836009979248],[28444,20.00849199295044],[23400,20.009403944015503],[21453,20.00240993499756],[13639,20.00372290611267],[8826,20.002420902252197],[55329,20.007649898529053],[40495,20.00236701965332],[-99,20.008931875228882],[29191,20.002575874328613],[17967,20.000197887420654],[-66,20.0055570602417],[58162,20.00357699394226],[38928,20.001158952713013],[31276,20.003658056259155],[28081,20.007219076156616],[18482,20.00837206840515],[10279,20.00513792037964],[63430,20.007349014282227],[35464,20.004366874694824],[31580,20.002166032791138],[29624,20.00417995452881],[17990,20.004179000854492],[9201,20.006135940551758],[59482,20.001579999923706],[40893,20.002501964569092],[34505,20.001691102981567],[28908,20.00028920173645],[18832,20.006630897521973],[10224,20.002604961395264],[57712,20.000762939453125],[36220,20.0064959526062],[29820,20.006336212158203],[29130,20.004431009292603],[18030,20.00378108024597],[8739,20.006606817245483]],"Rao1 top1 bottom1 fast local search":[[20151,20.002099990844727],[13241,20.01042890548706],[9680,20.013224124908447],[10448,20.010802030563354],[6435,20.007760047912598],[4139,20.002206802368164],[19901,20.01083993911743],[12177,20.006479024887085],[9385,20.005396127700806],[11456,20.010053157806396],[6985,20.007418870925903],[3228,20.000014066696167],[22025,20.002524852752686],[15107,20.00715708732605],[8148,20.008984088897705],[11665,20.003908157348633],[6821,20.005084991455078],[-12,20.0053071975708],[20375,20.004420042037964],[12472,20.01346516609192],[9784,20.001358032226562],[11622,20.001286029815674],[5653,20.01130700111389],[3477,20.002357959747314],[20783,20.005584001541138],[12882,20.0068359375],[-104,20.002357006072998],[11070,20.00372314453125],[6118,20.004423141479492],[-104,20.000868797302246],[40618,20.006999969482422],[27485,20.003570795059204],[22440,20.00911593437195],[20997,20.00216794013977],[12924,20.00106692314148],[10029,20.0000958442688],[42310,20.00014591217041],[27584,20.005423069000244],[21371,20.010847806930542],[21786,20.00891613960266],[13446,20.00749397277832],[7731,20.002105951309204],[39553,20.00538396835327],[27558,20.004080057144165],[22729,20.003885984420776],[21292,20.00584101676941],[13824,20.007424116134644],[9157,20.000139951705933],[41622,20.00269103050232],[27754,20.0054190158844],[21086,20.002266883850098],[20935,20.003477811813354],[13472,20.006130933761597],[6610,20.013545036315918],[43384,20.008852005004883],[27873,20.001083850860596],[23295,20.007158994674683],[21442,20.001009941101074],[13362,20.007786989212036],[7630,20.00582194328308],[55219,20.008130073547363],[39801,20.005096912384033],[-99,20.005493879318237],[29191,20.003545999526978],[17563,20.003602981567383],[-106,20.00699281692505],[58194,20.002635955810547],[38605,20.00045108795166],[31126,20.006558895111084],[28022,20.001971006393433],[17602,20.002899169921875],[10321,20.006551027297974],[63557,20.00368905067444],[35434,20.00250816345215],[30925,20.00763702392578],[29688,20.00329899787903],[17713,20.00255584716797],[9492,20.006155967712402],[59786,20.000483989715576],[40753,20.005418062210083],[34223,20.009418964385986],[28908,20.007370948791504],[18995,20.006778955459595],[9252,20.00248885154724],[57674,20.001996994018555],[35525,20.004647970199585],[29424,20.007596969604492],[29130,20.006006002426147],[17785,20.002591848373413],[9449,20.008519887924194]],