{"Rao1 top15 bottom15 no local search":[[16553,10.001110076904297],[10302,10.000830888748169],[-322,10.001410007476807],[8253,10.001426935195923],[3160,10.000525951385498],[-1221,10.001280069351196],[18457,10.00241994857788],[-62,10.000117063522339],[-1412,10.000908851623535],[9740,10.003424882888794],[4363,10.00015902519226],[-2644,10.000895023345947],[19720,10.00098705291748],[12728,10.000702857971191],[-3306,10.000579118728638],[9430,10.000458002090454],[3136,10.000005006790161],[-3983,10.000874996185303],[18190,10.000245094299316],[-245,10.000115156173706],[-1270,10.000479936599731],[8990,10.00064492225647],[-41,10.00101113319397],[-3318,10.00130581855774],[18068,10.000270128250122],[10462,10.000444889068604],[-2423,10.000621795654297],[8513,10.000464916229248],[-7,10.001098155975342],[-1210,10.000977039337158],[37965,10.000936031341553],[23234,10.004285097122192],[-421,10.001117944717407],[18845,10.000250101089478],[-45,10.001060009002686],[-130,10.000133991241455],[39869,10.00022292137146],[23222,10.000416040420532],[-766,10.000032901763916],[18993,10.001680135726929],[7834,10.001094818115234],[-132,10.000872135162354],[35698,10.000506162643433],[23451,10.000537157058716],[-1258,10.002243995666504],[19608,10.002217054367065],[5602,10.000283002853394],[-205,10.000370025634766],[38850,10.000627994537354],[23348,10.000992059707642],[-732,10.000983953475952],[16616,10.00084900856018],[7024,10.000924110412598],[-1449,10.000262975692749],[40315,10.000998973846436],[25026,10.001422882080078],[-206,10.00037693977356],[18532,10.000150918960571],[9056,10.000576972961426],[-1158,10.000731945037842],[53194,10.000693798065186],[-416,10.000379085540771],[-1811,10.001205921173096],[25278,10.000980138778687],[-228,10.000436067581177],[-2130,10.001028776168823],[56555,10.00025486946106],[36275,10.000437021255493],[-1670,10.000625133514404],[25236,10.001936912536621],[14055,10.000677108764648],[-701,10.000821113586426],[60992,10.000830888748169],[32516,10.000806093215942],[-2360,10.000817060470581],[27417,10.000235795974731],[12562,10.0000319480896],[-895,10.00060486793518],[55200,10.000418901443481],[38116,10.000062942504883],[-4286,10.00089693069458],[26137,10.000571966171265],[14666,10.000237941741943],[-2553,10.000334978103638],[55169,10.00077486038208],[32247,10.000877141952515],[-1196,10.00008487701416],[26671,10.000914096832275],[-53,10.000761985778809],[-2002,10.000716924667358]],"Rao1 top15 bottom15 fast local search":[[20175,10.005069971084595],[13352,10.009826898574829],[10205,10.011194944381714],[10435,10.001443862915039],[6434,10.001428127288818],[4376,10.011373043060303],[20154,10.005100965499878],[12363,10.00239896774292],[9397,10.000706911087036],[11548,10.003620147705078],[6984,10.000253915786743],[2315,10.006316900253296],[21897,10.001697063446045],[15414,10.005584955215454],[-21,10.006338119506836],[11704,10.002331018447876],[6556,10.002883911132812],[3033,10.00084376335144],[20492,10.001203060150146],[12672,10.005335092544556],[9008,10.008054971694946],[11360,10.006937026977539],[6722,10.004021883010864],[3885,10.009634017944336],[20911,10.008533954620361],[12958,10.015621900558472],[-42,10.00946307182312],[11122,10.009306907653809],[6035,10.007735967636108],[1570,10.009953022003174],[40640,10.005669116973877],[27342,10.009538888931274],[22284,10.008123874664307],[21053,10.006943941116333],[13225,10.00118088722229],[8845,10.001698017120361],[42263,10.001882076263428],[27637,10.008255004882812],[21399,10.008630990982056],[21783,10.00404405593872],[13884,10.00468897819519],[8712,10.000410079956055],[39329,10.00779914855957],[27966,10.001580953598022],[22731,10.000932931900024],[21379,10.002908945083618],[14083,10.004053831100464],[9750,10.007406949996948],[41505,10.00144100189209],[28096,10.0070960521698],[21901,10.006188869476318],[21116,10.006574869155884],[13568,10.005350112915039],[8274,10.005871057510376],[43306,10.000111103057861],[28437,10.001280069351196],[23439,10.003393173217773],[21357,10.005614995956421],[13948,10.000127077102661],[8864,10.007936000823975],[55281,10.001904010772705],[40094,10.003091096878052],[-65,10.008208990097046],[29191,10.004621028900146],[17917,10.004016160964966],[-153,10.010165929794312],[58280,10.003243923187256],[38623,10.003355026245117],[31554,10.004587888717651],[28082,10.004693031311035],[17735,10.004724025726318],[9576,10.006380081176758],[63541,10.006734848022461],[35455,10.002935886383057],[30930,10.005244016647339],[29688,10.001948833465576],[17840,10.005446910858154],[8916,10.001729011535645],[59482,10.004045963287354],[40893,10.001938104629517],[34280,10.001735210418701],[28901,10.002432107925415],[18684,10.00160002708435],[10116,10.001589059829712],[57696,10.002722024917603],[35886,10.005773067474365],[29480,10.011532068252563],[29130,10.0056791305542],[17099,10.005656957626343],[8739,10.006350040435791]],"Rao1 top1 bottom1 fast local search":[[19989,10.00595498085022],[13385,10.000180959701538],[9810,10.013922929763794],[10353,10.00673508644104],[6436,10.001031160354614],[3590,10.012455940246582],[20055,10.004418849945068],[12259,10.007292985916138],[9785,10.008004188537598],[11421,10.003139019012451],[6571,10.001337051391602],[3228,10.003698825836182],[21926,10.008366823196411],[15122,10.001433849334717],[9332,10.007559061050415],[11642,10.006448030471802],[6520,10.006424903869629],[-43,10.006554126739502],[20485,10.0038161277771],[12482,10.007625102996826],[9088,10.005125045776367],[11622,10.002191066741943],[6131,10.006896018981934],[2726,10.004786014556885],[20658,10.009286165237427],[12654,10.001682043075562],[-143,10.010547161102295],[11010,10.0068039894104],[5918,10.007050037384033],[-273,10.011423110961914],[40531,10.006289005279541],[26423,10.01269006729126],[21106,10.004853963851929],[21013,10.003618001937866],[12830,10.001291036605835],[7676,10.00373101234436],[42059,10.002337217330933],[27527,10.000371932983398],[20976,10.00877594947815],[21716,10.000040054321289],[13716,10.008352994918823],[7355,10.01059103012085],[39409,10.005956888198853],[27638,10.004163026809692],[21934,10.007361888885498],[21052,10.002217054367065],[13772,10.00477385520935],[9436,10.007091999053955],[41243,10.001374006271362],[27768,10.00108003616333],[21040,10.007063865661621],[21045,10.005959033966064],[13409,10.00253701210022],[5848,10.013969898223877],[43182,10.007413864135742],[28331,10.006455183029175],[23207,10.003645181655884],[21352,10.008819103240967],[13352,10.006214141845703],[7892,10.01466989517212],[55200,10.002537965774536],[40270,10.005685091018677],[-160,10.002822875976562],[29191,10.005683898925781],[17758,10.002251148223877],[-65,10.00788402557373],[57904,10.004761934280396],[38928,10.003290891647339],[31496,10.00308609008789],[28022,10.00410509109497],[17204,10.00715708732605],[9821,10.000372886657715],[63299,10.005029201507568],[35263,10.003082990646362],[31546,10.001124143600464],[29611,10.00329303741455],[17496,10.002885818481445],[8008,10.007182121276855],[59600,10.00603699684143],[40893,10.001081943511963],[33743,10.006211042404175],[28901,10.00192904472351],[18975,10.00434398651123],[9116,10.011841058731079],[57712,10.005929946899414],[35693,10.006003141403198],[29361,10.000159978866577],[29130,10.000880002975464],[17561,10.009274959564209],[7048,10.010637044906616]],