{"Rao1 top15 bottom15 no local search":[[56055,10.002161026000977],[29053,10.003968954086304],[23683,10.003068923950195],[24376,10.00095009803772],[11521,10.0004301071167],[8414,10.001933097839355],[52609,10.002032995223999],[31330,10.000838994979858],[27329,10.003117799758911],[22322,10.001557111740112],[11826,10.001147985458374],[2354,10.002541065216064],[54082,10.00157904624939],[33046,10.000488042831421],[28867,10.002394914627075],[24167,10.002113103866577],[11402,10.002676963806152],[5451,10.002238035202026],[53512,10.000829219818115],[27855,10.001569032669067],[26672,10.000281810760498],[21829,10.004024028778076],[9885,10.004016160964966],[-553,10.000711917877197],[54266,10.000606060028076],[29157,10.000201940536499],[-222,10.001526832580566],[21366,10.000728845596313],[10978,10.003573179244995],[6795,10.00030517578125],[99264,10.001218795776367],[67493,10.004186153411865],[57879,10.004728078842163],[46254,10.00010085105896],[24593,10.002038955688477],[18980,10.001325845718384],[102698,10.001213073730469],[60707,10.000349044799805],[53542,10.00450611114502],[41821,10.001825094223022],[26141,10.00004506111145],[15582,10.002676963806152],[95248,10.000736951828003],[66284,10.001597881317139],[58804,10.000028133392334],[42904,10.001163005828857],[24527,10.000171899795532],[14842,10.003108978271484],[104400,10.001547813415527],[63552,10.00100302696228],[55563,10.001157999038696],[45676,10.004288911819458],[24437,10.00207805633545],[-236,10.002279043197632],[103028,10.000507831573486],[63432,10.002124071121216],[61481,10.001325845718384],[43258,10.001535177230835],[21361,10.002920866012573],[16591,10.001888990402222],[152266,10.000133991241455],[95653,10.000720977783203],[88784,10.000670909881592],[59379,10.001015901565552],[38306,10.000128984451294],[-97,10.00272822380066],[155716,10.00104808807373],[101278,10.001448154449463],[84219,10.002729892730713],[62713,10.001731157302856],[37490,10.000595092773438],[22026,10.000402927398682],[151670,10.001812934875488],[96595,10.002110958099365],[74019,10.003320932388306],[60839,10.002120018005371],[39443,10.002342939376831],[20633,10.00434684753418],[152041,10.001662969589233],[100055,10.000699996948242],[88054,10.001343011856079],[68099,10.00151515007019],[37231,10.000248908996582],[23504,10.002985954284668],[146945,10.00240421295166],[96818,10.002227067947388],[83686,10.002991199493408],[64210,10.00255012512207],[34071,10.002570152282715],[26556,10.003327131271362]],"Rao1 top15 bottom15 fast local search":[[63403,10.008543014526367],[36803,10.023921012878418],[33682,10.026633024215698],[30455,10.018778085708618],[20684,10.000998973846436],[17951,10.003955841064453],[61334,10.000517845153809],[39736,10.018072843551636],[34476,10.013803005218506],[28886,10.020386219024658],[21427,10.02747106552124],[19260,10.013168096542358],[62259,10.01392912864685],[41694,10.003555059432983],[36026,10.025037050247192],[30478,10.007599115371704],[22000,10.008584976196289],[22257,10.009663820266724],[61816,10.014494180679321],[37975,10.00782585144043],[33216,10.00960898399353],[29200,10.002425909042358],[21393,10.017282009124756],[20004,10.00188398361206],[62382,10.009874820709229],[36960,10.00693392753601],[33307,10.013328075408936],[29159,10.008002042770386],[21802,10.015653848648071],[19815,10.022402048110962],[110422,10.004477977752686],[78783,10.02115797996521],[67741,10.005115032196045],[54553,10.021379947662354],[39574,10.015545845031738],[31838,10.025840997695923],[112964,10.018866062164307],[74140,10.015554904937744],[60013,10.035022974014282],[52991,10.011335134506226],[39194,10.021970987319946],[31231,10.019483804702759],[109613,10.019170999526978],[78533,10.007599115371704],[66289,10.031271934509277],[52246,10.002449035644531],[37909,10.00288701057434],[26839,10.00426697731018],[114918,10.01069712638855],[74636,10.000266075134277],[64398,10.000094890594482],[54629,10.013365983963013],[37317,10.01294493675232],[29389,10.026878118515015],[114005,10.018488883972168],[78237,10.020313024520874],[68825,10.039594173431396],[51717,10.020933151245117],[37593,10.020417213439941],[31349,10.035537004470825],[158635,10.01084589958191],[103292,10.011668920516968],[95381,10.008245944976807],[67401,10.012117147445679],[49594,10.018719911575317],[37438,10.011120796203613],[167253,10.011260986328125],[110130,10.004465103149414],[91526,10.024839878082275],[70105,10.004426956176758],[49725,10.015955924987793],[38931,10.017243146896362],[160337,10.01508617401123],[106404,10.004021167755127],[82096,10.014133930206299],[71132,10.000909090042114],[49906,10.019006967544556],[37949,10.01378083229065],[160480,10.011244058609009],[108953,10.010389804840088],[94700,10.025718927383423],[73212,10.000810146331787],[49326,10.021054029464722],[35966,10.004325866699219],[154252,10.008256912231445],[108561,10.015748023986816],[90290,10.000042915344238],[70800,10.00218915939331],[50217,10.007405996322632],[37588,10.00856900215149]],"Rao1 top1 bottom1 fast local search":[[62301,10.012178182601929],[35277,10.030143022537231],[31278,10.01955795288086],[30130,10.010164976119995],[21020,10.003773927688599],[14444,10.009135961532593],[58997,10.019758939743042],[38947,10.007478952407837],[33095,10.03047800064087],[28652,10.002465009689331],[20427,10.031773090362549],[16081,10.007238149642944],[61425,10.02363395690918],[38864,10.026072978973389],[36026,10.001121044158936],[29958,10.011857986450195],[20554,10.018050909042358],[18417,10.009927988052368],[61145,10.015825033187866],[36292,10.000815153121948],[29972,10.006715059280396],[29280,10.003403186798096],[19947,10.011871099472046],[16580,10.016063928604126],[60997,10.028694152832031],[36081,10.025363206863403],[30564,10.032480001449585],[28713,10.0030198097229],[21237,10.010245084762573],[15849,10.029178857803345],[109028,10.016524076461792],[77636,10.012017965316772],[67361,10.032235860824585],[54029,10.018063068389893],[37531,10.008651971817017],[28302,10.05725908279419],[111768,10.023413896560669],[71512,10.011297225952148],[58260,10.03616213798523],[52472,10.016460180282593],[36480,10.011483907699585],[31187,10.021524906158447],[108826,10.002056121826172],[74889,10.018787145614624],[63469,10.036331176757812],[51533,10.00278902053833],[36314,10.045912027359009],[22942,10.026983976364136],[113234,10.020271062850952],[72796,10.00079894065857],[61538,10.041706085205078],[53715,10.00649094581604],[35949,10.02551794052124],[25409,10.017329931259155],[113942,10.022836208343506],[75034,10.023778200149536],[68426,10.019124031066895],[51555,10.016116857528687],[35701,10.042094945907593],[25944,10.025516986846924],[158046,10.00761604309082],[102603,10.026794910430908],[93526,10.051902055740356],[67215,10.008838891983032],[46496,10.009949207305908],[33021,10.064426898956299],[166805,10.015772104263306],[108146,10.020083904266357],[88653,10.004837989807129],[69903,10.012761116027832],[48023,10.002334833145142],[34973,10.04208493232727],[160140,10.007229089736938],[105265,10.01640009880066],[81186,10.010944128036499],[71036,10.004081010818481],[47496,10.036113977432251],[34165,10.004580020904541],[159347,10.018241882324219],[107640,10.000442028045654],[92889,10.032701969146729],[72739,10.003623962402344],[49467,10.02160382270813],[35969,10.026856899261475],[153584,10.020349979400635],[107327,10.006535053253174],[89271,10.013468027114868],[70297,10.017026901245117],[48526,10.021228075027466],[30010,10.034762859344482]],