{"Rao1 top15 bottom15 no local search":[[54956,20.001601934432983],[27891,20.001182079315186],[24594,20.00181293487549],[24682,20.000643014907837],[11994,20.001436948776245],[5152,20.00196385383606],[53535,20.00128698348999],[31607,20.002197980880737],[26714,20.003145217895508],[22534,20.000131130218506],[12522,20.00045895576477],[8234,20.000312089920044],[53192,20.002362966537476],[33612,20.002383947372437],[30063,20.00117802619934],[22909,20.00144600868225],[11217,20.002302885055542],[6528,20.00251793861389],[50562,20.00075888633728],[28630,20.00105905532837],[26342,20.002089023590088],[21490,20.000691175460815],[11321,20.002092123031616],[-43,20.004318952560425],[52069,20.003662109375],[28181,20.00238609313965],[24457,20.001428842544556],[23635,20.003037929534912],[10906,20.002619981765747],[3685,20.003082990646362],[99468,20.001991033554077],[66724,20.001041889190674],[60559,20.002665042877197],[46348,20.001545906066895],[24621,20.001247882843018],[16100,20.003121852874756],[103204,20.0033118724823],[62008,20.002727031707764],[53084,20.002199172973633],[41390,20.001874208450317],[23659,20.001039028167725],[17614,20.001208066940308],[101081,20.00185489654541],[66503,20.001509189605713],[58120,20.002058029174805],[43241,20.00128722190857],[25138,20.00144100189209],[13457,20.000284910202026],[105125,20.002727031707764],[63677,20.000476837158203],[55368,20.000343084335327],[43821,20.000750064849854],[23247,20.00290608406067],[10695,20.00095796585083],[100225,20.00005602836609],[67019,20.00143313407898],[63707,20.000640869140625],[40976,20.001111030578613],[20156,20.000887155532837],[14635,20.001596927642822],[149831,20.000463008880615],[94577,20.00192093849182],[87375,20.00206208229065],[60495,20.002211093902588],[34420,20.001708030700684],[23735,20.002259969711304],[159125,20.000542163848877],[98623,20.001100063323975],[82525,20.002925157546997],[64101,20.001549005508423],[38112,20.00388789176941],[-38,20.00136709213257],[153738,20.002506017684937],[96539,20.001073122024536],[77216,20.000715970993042],[66259,20.00222611427307],[40389,20.00230312347412],[23198,20.003364086151123],[153177,20.001779079437256],[101110,20.00071692466736],[87468,20.00102400779724],[66148,20.002190828323364],[37177,20.002586126327515],[24035,20.0017569065094],[147453,20.00104594230652],[99264,20.002495050430298],[83285,20.003057956695557],[62237,20.00072479248047],[35968,20.00148105621338],[28108,20.001014947891235]],"Rao1 top15 bottom15 fast local search":[[63401,20.018290042877197],[37565,20.023205995559692],[34343,20.01394295692444],[30499,20.02041721343994],[22237,20.023759126663208],[20423,20.01534605026245],[61566,20.009512186050415],[40582,20.003676891326904],[35817,20.00236201286316],[29176,20.018278121948242],[22881,20.015435934066772],[21822,20.016921997070312],[63109,20.009927988052368],[42458,20.002084970474243],[38137,20.018245935440063],[30662,20.011761903762817],[23102,20.00087881088257],[23187,20.002875804901123],[62786,20.0064959526062],[37802,20.020112991333008],[34704,20.007510900497437],[29251,20.011377096176147],[22874,20.0155770778656],[21297,20.009912967681885],[63027,20.004803895950317],[37928,20.001816034317017],[34405,20.022260904312134],[29599,20.015882968902588],[23016,20.0260009765625],[19795,20.00246500968933],[110900,20.004147052764893],[80259,20.006518125534058],[71627,20.013806104660034],[54713,20.006337881088257],[40692,20.003616094589233],[35425,20.018542051315308],[114166,20.0188729763031],[74520,20.007404088974],[63110,20.026546001434326],[53212,20.009055137634277],[40160,20.005977869033813],[38046,20.006662130355835],[111205,20.004889965057373],[79666,20.01354193687439],[70497,20.0385959148407],[52707,20.014654874801636],[40943,20.01761794090271],[34392,20.01480007171631],[115430,20.014913082122803],[76038,20.01670813560486],[65908,20.019503831863403],[55219,20.008457899093628],[39277,20.015457153320312],[34747,20.029150009155273],[115379,20.003412008285522],[79491,20.021288871765137],[71877,20.03038787841797],[52107,20.002858877182007],[39763,20.016462087631226],[33865,20.02878189086914],[158943,20.006057024002075],[104438,20.017759084701538],[96755,20.025021076202393],[67631,20.006770133972168],[50651,20.003334999084473],[40113,20.014078855514526],[167495,20.008040189743042],[110701,20.011963844299316],[93058,20.005846977233887],[70240,20.006808042526245],[50408,20.01298189163208],[41211,20.006968021392822],[160615,20.01040005683899],[106981,20.006645917892456],[83552,20.001755952835083],[71189,20.001753091812134],[51728,20.015361070632935],[38931,20.023623943328857],[160450,20.017208099365234],[110145,20.009380102157593],[96451,20.025599002838135],[73135,20.004924058914185],[50428,20.015520095825195],[40941,20.014981985092163],[154801,20.006311893463135],[108874,20.016430854797363],[92297,20.00045108795166],[70847,20.01473116874695],[50221,20.00592803955078],[39127,20.01606512069702]],"Rao1 top1 bottom1 fast local search":[[62292,20.009399890899658],[37223,20.02432608604431],[33037,20.01308298110962],[30259,20.002283811569214],[21930,20.028112173080444],[17338,20.036969900131226],[61105,20.009082078933716],[39486,20.017670154571533],[34390,20.02786898612976],[28787,20.00977110862732],[22264,20.0308620929718],[20677,20.021619081497192],[61882,20.012825965881348],[42326,20.01491117477417],[37439,20.02440595626831],[30289,20.002729892730713],[21669,20.01461911201477],[22990,20.00599503517151],[61529,20.024518966674805],[36816,20.007404088974],[32733,20.031351804733276],[29380,20.005478143692017],[20890,20.013214826583862],[20257,20.047040939331055],[61923,20.024101972579956],[36416,20.008129835128784],[31444,20.019090175628662],[29203,20.02169895172119],[22233,20.04131579399109],[19730,20.024891138076782],[110722,20.021821975708008],[79162,20.018900156021118],[68297,20.012200117111206],[54166,20.012943029403687],[38196,20.03692388534546],[29820,20.019453048706055],[113531,20.020069122314453],[73563,20.027320861816406],[60146,20.022035837173462],[53286,20.01047110557556],[38458,20.039783000946045],[34659,20.039783000946045],[109806,20.029596090316772],[78747,20.00566005706787],[69453,20.010865926742554],[52370,20.003626108169556],[39488,20.0037260055542],[31798,20.005780935287476],[114486,20.0008761882782],[74488,20.00385880470276],[64110,20.018503189086914],[54877,20.004225969314575],[37637,20.004755973815918],[32539,20.045072078704834],[114151,20.01085901260376],[77928,20.012488842010498],[71296,20.022964000701904],[51539,20.01513385772705],[37593,20.013086080551147],[31462,20.02743101119995],[158728,20.007969856262207],[103137,20.020521879196167],[94369,20.002962112426758],[67467,20.000560998916626],[49865,20.012470960617065],[38071,20.019235849380493],[166901,20.00553011894226],[110596,20.012171983718872],[90644,20.031347036361694],[70159,20.012516975402832],[49714,20.01633310317993],[40853,20.000494956970215],[160129,20.00856900215149],[106559,20.02458095550537],[81772,20.023885011672974],[71081,20.005495071411133],[49949,20.011045932769775],[35071,20.00589609146118],[160112,20.009838104248047],[109556,20.01606512069702],[94883,20.01111888885498],[73003,20.01246190071106],[50539,20.019304037094116],[37085,20.02945613861084],[154090,20.011965036392212],[108579,20.030192852020264],[90449,20.01785182952881],[70580,20.007272958755493],[49905,20.00830316543579],[36743,20.01135802268982]],