{"Rao1 top1 bottom1 repair operator":[[18003,120.33470392227173],[11441,120.02129483222961],[8119,120.00271701812744],[8982,120.01524186134338],[4760,120.04417586326599],[-170,120.02690291404724],[18371,120.0093560218811],[10177,120.02884483337402],[-873,120.00037002563477],[9386,120.01253700256348],[5493,120.03560185432434],[-79,120.02489686012268],[19161,120.03029298782349],[13543,120.02577900886536],[-110,120.04722785949707],[9247,120.04265809059143],[4226,120.04673409461975],[-225,120.04025793075562],[17017,120.0315351486206],[11171,120.02837896347046],[-124,120.09115386009216],[9027,120.01795506477356],[-46,120.00375604629517],[-161,120.03000903129578],[18479,120.02008199691772],[11235,120.03886318206787],[-773,120.0454511642456],[8690,120.0100691318512],[4874,120.02025890350342],[-223,120.01974582672119],[37490,120.01658797264099],[24626,120.05585718154907],[20170,120.04915499687195],[18293,120.02168393135071],[9885,120.01256012916565],[7460,120.0765380859375],[37982,120.00596809387207],[25766,120.02366209030151],[19018,120.00776290893555],[19255,120.02176094055176],[11335,120.00497579574585],[4942,120.09768581390381],[37419,120.00271391868591],[25209,120.04591488838196],[18454,120.06003594398499],[18052,120.0161349773407],[10751,120.00637197494507],[5579,120.06544208526611],[39029,120.02580785751343],[25534,120.02538895606995],[18852,120.05627179145813],[18105,120.01896405220032],[11037,120.02670502662659],[-38,120.06861805915833],[40212,120.00074100494385],[26425,120.00098299980164],[20454,120.04614996910095],[17880,120.01135396957397],[11976,120.03491806983948],[6896,120.09708499908447],[53102,120.00311994552612],[37758,120.01578211784363],[-1004,120.07592701911926],[26319,120.01848483085632],[14201,120.02144980430603],[-1035,120.02277398109436],[53495,120.0416898727417],[36231,120.05515098571777],[-373,120.00154495239258],[25535,120.0168240070343],[13964,120.0068371295929],[-475,120.1074891090393],[58244,120.04011511802673],[33277,120.04140305519104],[-244,120.05277419090271],[24747,120.01048302650452],[13896,120.04687094688416],[-205,120.02384281158447],[55619,120.02263689041138],[38880,120.02563500404358],[32795,120.01951885223389],[25414,120.026850938797],[16763,120.02926707267761],[-42,120.05604004859924],[55345,120.03209900856018],[33248,120.03814482688904],[-283,120.00762510299683],[24150,120.0258321762085],[13079,120.03690791130066],[-78,120.06409287452698]],"Rao1 top15 bottom15 fast local search":[[19694,120.0052261352539],[13263,120.02178001403809],[9981,120.03107213973999],[10148,120.01021385192871],[6522,120.03915214538574],[3918,120.04852509498596],[19884,120.04088807106018],[11269,120.04283905029297],[9482,120.0181839466095],[11129,120.01922607421875],[5895,120.00453186035156],[-18,120.03888702392578],[21471,120.00261616706848],[15107,120.01142597198486],[9630,120.0194730758667],[11665,120.01138281822205],[5929,120.00389695167542],[3256,120.03929996490479],[19808,120.01529097557068],[11403,120.01835298538208],[9140,120.00959300994873],[10855,120.00439095497131],[4806,120.00255918502808],[3288,120.03839993476868],[20426,120.01787209510803],[13002,120.03832006454468],[-145,120.00254392623901],[10980,120.00641393661499],[6213,120.00821495056152],[504,120.03689789772034],[40064,120.03662610054016],[26589,120.01289987564087],[21843,120.03848886489868],[20863,120.0125789642334],[11981,120.00863909721375],[8821,120.06726503372192],[41931,120.01881194114685],[27323,120.00792479515076],[21373,120.0104751586914],[21697,120.0312979221344],[12402,120.0243968963623],[7294,120.11493396759033],[38680,120.00258183479309],[26963,120.00678396224976],[21528,120.03329205513],[20840,120.03588700294495],[12021,120.00848293304443],[8408,120.0267379283905],[41029,120.01166486740112],[27466,120.01245307922363],[21389,120.05246305465698],[20844,120.02020406723022],[13164,120.02891206741333],[7461,120.068039894104],[43045,120.03442692756653],[27007,120.01592803001404],[22315,120.00279808044434],[20652,120.00976490974426],[13100,120.02236008644104],[8402,120.00372910499573],[55031,120.03628706932068],[39195,120.02958607673645],[-315,120.00636005401611],[29066,120.01690101623535],[16972,120.02090001106262],[-266,120.03010606765747],[57783,120.02581810951233],[37858,120.00346302986145],[-3,120.01346898078918],[27921,120.00474214553833],[17520,120.02989411354065],[9745,120.05047798156738],[62525,120.01542401313782],[34024,120.02526307106018],[30525,120.03473591804504],[29611,120.03953504562378],[17642,120.01354098320007],[8683,120.02697801589966],[59569,120.02475690841675],[40464,120.0201530456543],[34097,120.02673101425171],[28455,120.00672197341919],[18186,120.01676416397095],[9558,120.07058310508728],[57340,120.01630187034607],[34489,120.04184603691101],[-40,120.00376296043396],[28888,120.03251600265503],[17567,120.0192141532898],[9055,120.05098104476929]],"Rao1 top5 bottom5 repair operator":[[19518,120.03715515136719],[12604,120.04514813423157],[9382,120.00893688201904],[9963,120.02227687835693],[5350,120.00150418281555],[4657,120.00893306732178],[19716,120.03965997695923],[11549,120.03579187393188],[-91,120.00023913383484],[10824,120.04016995429993],[5107,120.01923298835754],[-70,120.03429412841797],[21139,120.01368308067322],[15253,120.0042519569397],[-2,120.0239930152893],[11431,120.0144829750061],[5527,120.01401901245117],[2480,120.0260910987854],[19947,120.00889587402344],[11379,120.0086190700531],[-12,120.04867887496948],[10321,120.00181698799133],[4784,120.0351550579071],[-18,120.05377197265625],[20461,120.01584100723267],[12626,120.01572394371033],[-161,120.02928590774536],[10417,120.00339603424072],[5858,120.02657794952393],[-120,120.03427982330322],[39870,120.00892210006714],[26896,120.05605602264404],[21511,120.02524900436401],[20418,120.01057004928589],[11600,120.00384902954102],[8147,120.06781506538391],[41562,120.00976395606995],[26900,120.02424216270447],[20427,120.09794306755066],[20979,120.00409412384033],[12563,120.02921986579895],[7440,120.03495121002197],[38719,120.01598691940308],[26178,120.03821992874146],[21221,120.04333400726318],[20767,120.03594303131104],[11911,120.03691792488098],[7412,120.04524397850037],[40376,120.02100205421448],[26749,120.00130295753479],[21085,120.05384111404419],[20076,120.02820086479187],[13131,120.02259588241577],[7951,120.01057195663452],[42560,120.00269794464111],[26924,120.03869414329529],[22322,120.07209706306458],[20373,120.02142000198364],[11679,120.00961494445801],[8229,120.05063605308533],[50986,120.00945591926575],[38793,120.0177640914917],[-266,120.05017805099487],[26874,120.0249228477478],[15331,120.00569891929626],[-370,120.01937198638916],[52687,120.003653049469],[37665,120.02070808410645],[29465,120.00810194015503],[25041,120.04100799560547],[16096,120.00925993919373],[-26,120.00313186645508],[59603,120.01837086677551],[33556,120.01769614219666],[-29,120.0314199924469],[26703,120.01837205886841],[13938,120.02027988433838],[8424,120.00521898269653],[59205,120.03533411026001],[40130,120.02041816711426],[34097,120.01792907714844],[28142,120.00012803077698],[17763,120.00529193878174],[8230,120.01795196533203],[53991,120.02746200561523],[34109,120.02179098129272],[30071,120.00560212135315],[25864,120.01319789886475],[17057,120.00463008880615],[6901,120.0407931804657]],