{"Rao1 top1 bottom1 repair operator":[[28004,120.25092887878418],[25449,120.011234998703],[18346,120.03997492790222],[8317,120.00297093391418],[8382,120.0113480091095],[7298,120.02520108222961],[23236,120.0135498046875],[23054,120.02596116065979],[23187,120.00267887115479],[9447,120.0091118812561],[8069,120.00639486312866],[7048,120.00874376296997],[26710,120.00503706932068],[19958,120.02614998817444],[18620,120.00702500343323],[8276,120.00538301467896],[8142,120.01565909385681],[6933,120.01642799377441],[26721,120.0437319278717],[23976,120.03549194335938],[18235,120.00018191337585],[8022,120.0091941356659],[7665,120.00392818450928],[7527,120.00956797599792],[30122,120.00770616531372],[26919,120.0045862197876],[22873,120.01441383361816],[8164,120.03949499130249],[8040,120.00997686386108],[6448,120.02285385131836],[49732,120.01438903808594],[40698,120.0312991142273],[37500,120.04256010055542],[12289,120.07717323303223],[14863,120.05003190040588],[10973,120.04073596000671],[45699,120.00414180755615],[39191,120.0341100692749],[34851,120.01128196716309],[12997,120.04012799263],[12756,120.02112007141113],[10586,120.03971982002258],[49329,120.02942895889282],[41550,120.03852581977844],[33940,120.02984714508057],[12944,120.03256583213806],[13110,120.03590893745422],[10726,120.03175592422485],[47935,120.03173899650574],[42417,120.0389130115509],[33299,120.00356197357178],[14110,120.00718402862549],[14008,120.05454111099243],[10119,120.01110315322876],[44520,120.02898907661438],[43419,120.05057907104492],[33881,120.03126001358032],[13652,120.02925300598145],[13569,120.0031669139862],[12139,120.00105690956116],[73417,120.0035879611969],[63196,120.0251259803772],[50432,120.00146698951721],[18345,120.05668807029724],[19662,120.00379490852356],[15729,120.03209400177002],[69791,120.02259302139282],[57224,120.02203822135925],[52578,120.01639294624329],[20741,120.02355909347534],[20383,120.02272987365723],[15863,120.01352715492249],[70706,120.01670408248901],[66288,120.02214503288269],[55792,120.02989387512207],[20585,120.04587411880493],[19967,120.03133583068848],[14529,120.00980401039124],[74747,120.01877307891846],[62257,120.00573086738586],[64829,120.0014181137085],[20214,120.0391321182251],[20422,120.03444910049438],[14125,120.03791213035583],[63273,120.00996494293213],[58985,120.03870797157288],[52284,120.02162718772888],[17078,120.01920509338379],[17487,120.02309799194336],[13581,120.03608894348145]],"Rao1 top30 bottom30 repair operator":[[30602,120.00915789604187],[27984,120.00214505195618],[20886,120.00847697257996],[10257,120.0246901512146],[9389,120.01616597175598],[8665,120.01888680458069],[26997,120.03109908103943],[25374,120.00390005111694],[25091,120.0167829990387],[9781,120.01270914077759],[9537,120.01675510406494],[8254,120.0045690536499],[29464,120.0102641582489],[22484,120.02505397796631],[19237,120.00211310386658],[9018,120.03911209106445],[8986,120.01150584220886],[8424,120.00852513313293],[30021,120.00794911384583],[25704,120.00433802604675],[19573,120.01333093643188],[9708,120.00227808952332],[9072,120.02382802963257],[8324,120.01563215255737],[33408,120.02204918861389],[30226,120.03872895240784],[24017,120.01845812797546],[9495,120.03376603126526],[9501,120.00756907463074],[8173,120.000657081604],[50153,120.01656603813171],[42229,120.0080201625824],[38177,120.00644397735596],[16555,120.02470207214355],[15031,120.02593398094177],[10630,120.01945304870605],[52425,120.00466680526733],[45240,120.00137996673584],[35049,120.00958800315857],[18083,120.01756310462952],[15019,120.03798198699951],[11399,120.0006217956543],[52841,120.02104687690735],[46512,120.01161909103394],[36175,120.01176500320435],[17299,120.0012571811676],[14861,120.02512383460999],[13453,120.00798487663269],[53704,120.00673198699951],[48195,120.00446820259094],[36393,120.01334500312805],[17816,120.00185704231262],[15985,120.02120113372803],[14984,120.01364803314209],[53876,120.02298092842102],[48636,120.03650617599487],[38505,120.03733801841736],[16137,120.04123902320862],[16397,120.03792595863342],[14507,120.00352597236633],[78708,120.0060601234436],[64327,120.02685594558716],[51583,120.01243114471436],[21290,120.01664090156555],[21306,120.03252291679382],[18423,120.01608204841614],[73406,120.03600311279297],[57675,120.04483485221863],[54806,120.01785206794739],[22940,120.04086899757385],[22345,120.01490497589111],[18309,120.02290487289429],[72540,120.00648593902588],[69913,120.01932382583618],[57290,120.0169529914856],[22090,120.00358009338379],[21537,120.01855182647705],[16459,120.00460910797119],[80737,120.01633286476135],[66312,120.02097296714783],[66570,120.02251100540161],[23212,120.01661014556885],[22626,120.006667137146],[18849,120.02539396286011],[68151,120.0140860080719],[61219,120.02853012084961],[53347,120.01060914993286],[20650,120.03630185127258],[19207,120.02281999588013],[16395,120.02774691581726]],"Rao1 top30 bottom30 fast local search":[[30781,120.0284309387207],[28105,120.00096607208252],[21049,120.0057418346405],[10543,120.01601314544678],[9556,120.04907202720642],[9687,120.03525185585022],[26958,120.0359239578247],[25749,120.03743410110474],[25127,120.014888048172],[10267,120.00378203392029],[10286,120.01419806480408],[10067,120.0174150466919],[29802,120.02734804153442],[22930,120.01121783256531],[19442,120.03286600112915],[9042,120.02423810958862],[9703,120.0225670337677],[9685,120.0154550075531],[30240,120.02727699279785],[27298,120.01567697525024],[19891,120.02029991149902],[10352,120.0052580833435],[10087,120.01718282699585],[9352,120.0102710723877],[33408,120.03386998176575],[30099,120.00812292098999],[23642,120.00703001022339],[10010,120.01717901229858],[9787,120.018061876297],[8998,120.04026484489441],[49715,120.0050139427185],[42687,120.04182004928589],[37715,120.01615905761719],[16887,120.00944089889526],[16534,120.00982785224915],[13618,120.01515007019043],[52595,120.04640102386475],[46053,120.00296807289124],[35646,120.02212405204773],[16645,120.01673698425293],[16384,120.04221487045288],[14999,120.01225686073303],[53759,120.04620695114136],[48508,120.01350903511047],[36483,120.0124340057373],[17439,120.03410601615906],[15016,120.02324891090393],[15251,120.01142287254333],[53830,120.058424949646],[48493,120.0113217830658],[36453,120.01755499839783],[18054,120.02132296562195],[15695,120.00677585601807],[15174,120.00913095474243],[54068,120.04036092758179],[48825,120.01281905174255],[38600,120.04176807403564],[17319,120.02817988395691],[16193,120.00076413154602],[14526,120.0351049900055],[78565,120.01123309135437],[64290,120.0365800857544],[51583,120.02638792991638],[22579,120.00212097167969],[21306,120.04494214057922],[18019,120.02339792251587],[75561,120.04339814186096],[59556,120.00687503814697],[54806,120.00558304786682],[22859,120.02276611328125],[22326,120.02798795700073],[18309,120.01656317710876],[72917,120.00208592414856],[70042,120.02056789398193],[57468,120.0232949256897],[22789,120.00393986701965],[21582,120.03814601898193],[17355,120.03877997398376],[80780,120.02545213699341],[66087,120.0224039554596],[66742,120.016361951828],[22791,120.01621699333191],[22859,120.00754404067993],[18854,120.03880882263184],[68386,120.04790592193604],[61976,120.02036619186401],[53299,120.00125503540039],[20960,120.03997206687927],[19103,120.00085711479187],[16340,120.01448798179626]],