{"Rao1 top1 bottom1 repair operator":[[23513,120.33429980278015],[19139,120.03070402145386],[18857,120.03471493721008],[8885,120.01147103309631],[6604,120.04274201393127],[6731,120.09584307670593],[23469,120.01483607292175],[18279,120.01097202301025],[17786,120.05352020263672],[6760,120.08776211738586],[7297,120.02603197097778],[5011,120.03720498085022],[22864,120.02227091789246],[17251,120.03700089454651],[16880,120.03988099098206],[8310,120.01743006706238],[7901,120.03967213630676],[6280,120.02238512039185],[21912,120.00223588943481],[18001,120.00797986984253],[14978,120.05747699737549],[9370,120.04076814651489],[7999,120.03129696846008],[7574,120.05593395233154],[21304,120.00695705413818],[16706,120.0367259979248],[16543,120.01265001296997],[8390,120.02461791038513],[6531,120.01868295669556],[5966,120.059809923172],[40584,120.02517700195312],[31613,120.00526595115662],[31668,120.02884984016418],[12994,120.03853487968445],[13071,120.0297920703888],[10178,120.00650906562805],[45070,120.0492250919342],[31765,120.01675605773926],[31020,120.05967807769775],[15739,120.02413702011108],[13991,120.00393199920654],[12169,120.067950963974],[36120,120.02080178260803],[31454,120.02097487449646],[29200,120.00217700004578],[16274,120.01162600517273],[12409,120.02534008026123],[11851,120.01932311058044],[39449,120.02729821205139],[32353,120.00620007514954],[30624,120.05476498603821],[16194,120.04541802406311],[13181,120.03175091743469],[10046,120.07477307319641],[47420,120.03611612319946],[32855,120.00688099861145],[30106,120.0220890045166],[15075,120.0590889453888],[13769,120.02448797225952],[10110,120.03008103370667],[64886,120.05114102363586],[43469,120.01834297180176],[38490,120.04001903533936],[22399,120.03770995140076],[17547,120.0070161819458],[13720,120.0479748249054],[59801,120.02087306976318],[42106,120.00843596458435],[45452,120.03175806999207],[23387,120.0383288860321],[19354,120.0472960472107],[13754,120.010498046875],[65184,120.02559518814087],[54277,120.03762292861938],[45296,120.02804279327393],[23552,120.01921510696411],[17891,120.00921201705933],[13232,120.0209789276123],[58529,120.02431297302246],[53844,120.00364589691162],[45845,120.0238950252533],[21634,120.00520300865173],[17557,120.01494407653809],[13811,120.00243091583252],[66932,120.01618981361389],[43353,120.02118611335754],[47287,120.06585907936096],[23236,120.00778007507324],[20986,120.02824211120605],[12340,120.00225806236267]],"Rao1 top30 bottom30 repair operator":[[28099,120.06331586837769],[21395,120.0248658657074],[21481,120.04680895805359],[10150,120.034588098526],[8801,120.04410099983215],[7327,120.07493591308594],[25938,120.02358484268188],[19834,120.01068711280823],[19099,120.0658929347992],[9663,120.06548404693604],[8732,120.02541899681091],[6823,120.05078411102295],[26769,120.0295979976654],[18760,120.01249599456787],[18810,120.02882099151611],[10618,120.01041793823242],[9289,120.02806401252747],[8989,120.04054403305054],[26084,120.03060507774353],[19928,120.03220510482788],[16185,120.02200412750244],[10286,120.01675701141357],[9528,120.01982092857361],[8628,120.02822709083557],[26048,120.00237321853638],[18933,120.03619599342346],[17623,120.05543684959412],[10184,120.02060008049011],[8731,120.01885890960693],[8234,120.01434803009033],[46369,120.02686381340027],[35533,120.02426719665527],[33264,120.04860496520996],[18188,120.01474404335022],[13957,120.0076310634613],[12188,120.02365803718567],[47343,120.01795315742493],[36707,120.0388081073761],[32958,120.05811095237732],[18724,120.02778792381287],[16903,120.04570388793945],[15441,120.03920888900757],[43587,120.04300904273987],[32344,120.0474579334259],[31154,120.01552891731262],[18745,120.00227499008179],[17485,120.0347650051117],[14216,120.00034880638123],[44934,120.00253391265869],[35753,120.04761815071106],[33075,120.01806688308716],[18853,120.00631904602051],[16343,120.00019598007202],[13887,120.02022886276245],[49405,120.00277400016785],[36423,120.06480503082275],[32512,120.03997421264648],[18726,120.04021382331848],[16785,120.00333094596863],[13090,120.03556299209595],[65360,120.00174403190613],[47758,120.00855302810669],[40478,120.03270196914673],[25096,120.00014090538025],[20217,120.02041983604431],[15827,120.01277899742126],[64795,120.00768995285034],[45051,120.01167297363281],[46803,120.04831910133362],[24779,120.00188994407654],[21602,120.01807308197021],[15901,120.0298240184784],[68352,120.03365206718445],[57744,120.03214693069458],[46745,120.02590608596802],[25467,120.03768992424011],[20437,120.00566411018372],[16279,120.03290915489197],[60706,120.04236888885498],[55388,120.02533292770386],[46768,120.02399015426636],[24626,120.01634693145752],[21725,120.00253796577454],[16387,120.03940105438232],[69158,120.01760005950928],[44854,120.03304600715637],[48548,120.07029604911804],[25151,120.0363998413086],[21800,120.02210283279419],[14785,120.0432481765747]],"Rao1 top30 bottom30 fast local search":[[28267,120.02377796173096],[21058,120.03163504600525],[21481,120.06212902069092],[10322,120.01168298721313],[9223,120.03020906448364],[7696,120.06170010566711],[26266,120.01988291740417],[19834,120.03555107116699],[18974,120.01554894447327],[10063,120.01622009277344],[9108,120.01003980636597],[7841,120.03655886650085],[26508,120.02370381355286],[18898,120.00483822822571],[18953,120.04419994354248],[10627,120.03976607322693],[9252,120.03679895401001],[8989,120.05463814735413],[26084,120.03232216835022],[20069,120.01208281517029],[16379,120.0123450756073],[10198,120.03117299079895],[9925,120.03889513015747],[9100,120.01707816123962],[26109,120.050852060318],[19003,120.02629780769348],[17795,120.0374047756195],[10069,120.0418450832367],[9390,120.02106714248657],[8588,120.06083083152771],[46444,120.00287985801697],[35455,120.02733302116394],[32870,120.00363087654114],[18634,120.059415102005],[14981,120.01751589775085],[13727,120.01779699325562],[47386,120.01600408554077],[36662,120.05320596694946],[33036,120.01153993606567],[19446,120.00325322151184],[17102,120.02126097679138],[15441,120.00651788711548],[44900,120.06108403205872],[32804,120.01320099830627],[31206,120.03758382797241],[19478,120.03948402404785],[17510,120.03530311584473],[14819,120.01522994041443],[45489,120.04748916625977],[37566,120.02362084388733],[33200,120.05828189849854],[19252,120.02518200874329],[16496,120.01839208602905],[14049,120.01707601547241],[49905,120.04998803138733],[37061,120.0136251449585],[32740,120.04473805427551],[19238,120.00758409500122],[16933,120.03880405426025],[14129,120.0501229763031],[65319,120.03912496566772],[47131,120.04304695129395],[40912,120.03413701057434],[25362,120.02637100219727],[20520,120.00285911560059],[16309,120.01719903945923],[65005,120.01290607452393],[45272,120.03314185142517],[47022,120.05136799812317],[25425,120.03114008903503],[21747,120.02153182029724],[16317,120.01069211959839],[68484,120.00242209434509],[57635,120.00398111343384],[46699,120.05826187133789],[25826,120.04672908782959],[21500,120.02665996551514],[16279,120.0310218334198],[60909,120.00603103637695],[56570,120.01529812812805],[48265,120.04687786102295],[25001,120.00133204460144],[21845,120.01383399963379],[16728,120.03406620025635],[69296,120.0187361240387],[47789,120.00470781326294],[48810,120.00261378288269],[25790,120.05016493797302],[21852,120.03684687614441],[15463,120.02613186836243]],