{"Rao1 top1 bottom1 repair operator":[[17250,120.39205384254456],[11552,120.0431318283081],[-79,120.05007290840149],[9059,120.01119112968445],[4494,120.0735330581665],[1620,120.03292512893677],[18118,120.00823998451233],[11118,120.11782312393188],[-543,120.00734090805054],[8939,120.04443287849426],[4510,120.12492394447327],[-156,120.04508590698242],[20386,120.03979802131653],[14078,120.1740369796753],[-733,120.17044806480408],[8952,120.01170015335083],[5448,120.0416169166565],[-29,120.07416486740112],[18109,120.0028440952301],[10196,120.06244206428528],[-303,120.11125802993774],[9406,120.01246213912964],[3643,120.10263419151306],[-133,120.02536106109619],[19869,120.03876900672913],[11700,120.0073230266571],[-319,120.00148701667786],[9058,120.05319595336914],[4059,120.08414793014526],[-697,120.02672505378723],[37175,120.06215500831604],[26254,120.1012830734253],[20397,120.11115789413452],[19000,120.05817294120789],[10742,120.00039792060852],[5549,120.18834519386292],[41105,120.03696393966675],[26176,120.06872391700745],[19602,120.15604090690613],[18950,120.02782797813416],[11411,120.12968802452087],[4861,120.1746129989624],[38246,120.01685500144958],[25398,120.06083083152771],[20106,120.11672902107239],[18079,120.02340888977051],[10090,120.03814506530762],[5346,120.01117897033691],[38254,120.09552502632141],[25152,120.10928893089294],[19845,120.08282208442688],[17727,120.0635449886322],[10532,120.04235196113586],[-35,120.15875792503357],[41710,120.06822395324707],[26625,120.01608395576477],[21251,120.09243893623352],[18119,120.03231596946716],[10947,120.09280395507812],[-3,120.1035008430481],[49937,120.03774785995483],[38450,120.04978489875793],[-921,120.07641696929932],[24283,120.0142138004303],[15090,120.0834150314331],[-907,120.07276892662048],[54143,120.01291418075562],[36744,120.05064487457275],[-109,120.00180888175964],[24676,120.01478290557861],[15790,120.10371017456055],[-261,120.01328802108765],[60307,120.08028888702393],[32391,120.11758303642273],[-200,120.08401393890381],[25498,120.01469492912292],[15748,120.12174081802368],[-165,120.16197085380554],[58462,120.00025200843811],[38859,120.11860084533691],[-3,120.09426999092102],[25553,120.00761699676514],[16150,120.05418300628662],[7796,120.01352286338806],[53718,120.05231809616089],[33892,120.10554504394531],[-46,120.04437804222107],[25778,120.05274081230164],[14552,120.05916690826416],[8799,120.11461997032166]],"Rao1 top30 bottom30 repair operator":[[19767,120.023756980896],[13337,120.01606512069702],[9898,120.03285598754883],[9972,120.01837301254272],[6124,120.00710010528564],[4439,120.09903311729431],[19901,120.03012990951538],[11212,120.02404499053955],[9482,120.01242089271545],[10751,120.02064299583435],[5993,120.08889412879944],[-70,120.09068894386292],[21549,120.04419493675232],[15319,120.07254099845886],[10225,120.01198697090149],[11711,120.03874087333679],[5956,120.09391593933105],[-24,120.09807109832764],[19709,120.04331088066101],[11268,120.07862210273743],[9140,120.11476707458496],[10868,120.02495384216309],[5395,120.04541277885437],[3765,120.05031418800354],[20883,120.00955510139465],[12928,120.07743501663208],[9217,120.04500102996826],[10825,120.01778197288513],[5758,120.01711893081665],[1570,120.10249495506287],[40043,120.02297306060791],[26445,120.03856301307678],[21819,120.0320200920105],[20592,120.00061202049255],[11580,120.04683518409729],[8823,120.11394000053406],[41677,120.07026505470276],[27375,120.100919008255],[20857,120.17265605926514],[21200,120.02872085571289],[12485,120.1058509349823],[6762,120.11367607116699],[38717,120.00181698799133],[26879,120.09588623046875],[21575,120.10682892799377],[20557,120.02608299255371],[11960,120.00574898719788],[8379,120.0946478843689],[40279,120.01575207710266],[27706,120.06361293792725],[21199,120.08171796798706],[20088,120.02377200126648],[12899,120.02342700958252],[7545,120.16410088539124],[42873,120.01744604110718],[27175,120.08052802085876],[22484,120.10139608383179],[20278,120.03511810302734],[12019,120.00073909759521],[8400,120.04682087898254],[54583,120.0535728931427],[38913,120.058434009552],[-213,120.00576210021973],[28929,120.02279305458069],[16577,120.046945810318],[-213,120.03756713867188],[57799,120.03110790252686],[37937,120.06740999221802],[30042,120.03057384490967],[27436,120.03111004829407],[17366,120.0555419921875],[8748,120.0672070980072],[61434,120.07560205459595],[34880,120.06009006500244],[31446,120.07740497589111],[28313,120.02670288085938],[17785,120.02176809310913],[8547,120.10323786735535],[59343,120.07585597038269],[40500,120.04651498794556],[34086,120.01147699356079],[28356,120.03627800941467],[18270,120.07816481590271],[9220,120.07918095588684],[56730,120.02713084220886],[35118,120.04856896400452],[29929,120.05228805541992],[28589,120.0509660243988],[16609,120.04811716079712],[9055,120.05465888977051]],"Rao1 top30 bottom30 fast local search":[[19760,120.05719590187073],[13289,120.0030460357666],[9707,120.06719613075256],[10165,120.06806707382202],[6153,120.00321292877197],[4054,120.0108790397644],[19816,120.01303005218506],[11270,120.06971001625061],[9482,120.03065800666809],[11215,120.06431293487549],[6209,120.07323384284973],[2918,120.05100703239441],[21519,120.07242894172668],[15060,120.11681890487671],[9028,120.02252101898193],[11765,120.03945302963257],[6189,120.10756301879883],[-6,120.03083992004395],[19545,120.00294899940491],[11565,120.06547808647156],[9297,120.0898609161377],[10990,120.03444409370422],[5099,120.00685715675354],[3288,120.11716890335083],[20578,120.05857181549072],[12275,120.04976105690002],[8933,120.05293798446655],[10974,120.02085304260254],[5753,120.01116013526917],[-87,120.10650992393494],[40190,120.05855178833008],[26280,120.09404110908508],[21577,120.04887700080872],[20921,120.03445982933044],[11960,120.11357688903809],[9108,120.11570310592651],[41930,120.05652499198914],[27382,120.12468695640564],[20603,120.00187110900879],[21157,120.04253506660461],[12506,120.08431792259216],[7651,120.07446694374084],[38910,120.00604605674744],[26527,120.1136200428009],[21689,120.11246395111084],[20953,120.07190895080566],[12227,120.00255489349365],[8228,120.11094617843628],[40591,120.06760287284851],[27855,120.01432800292969],[21342,120.01984405517578],[20801,120.06926107406616],[13108,120.05709886550903],[7176,120.17480707168579],[42916,120.02741694450378],[27102,120.01421618461609],[22138,120.13767099380493],[20652,120.02743601799011],[12019,120.04973888397217],[8229,120.10725116729736],[55127,120.02262806892395],[39231,120.05563497543335],[-213,120.00939083099365],[29191,120.01356911659241],[17166,120.00902700424194],[-266,120.08666396141052],[57909,120.04609489440918],[38015,120.05031299591064],[30497,120.08072590827942],[28020,120.03880906105042],[16921,120.01884198188782],[8529,120.04128408432007],[62801,120.05530905723572],[35115,120.12053894996643],[31492,120.05666518211365],[29688,120.0204119682312],[17785,120.00970888137817],[8258,120.07284307479858],[59552,120.03277897834778],[40505,120.10990595817566],[34243,120.05023097991943],[28695,120.02045822143555],[18155,120.02801084518433],[9807,120.06864404678345],[57781,120.04044604301453],[34327,120.05044984817505],[30623,120.01325511932373],[28879,120.04921913146973],[17843,120.01308488845825],[9055,120.05469298362732]],