{"Rao2 top1 bottom1 fast local search":[[27784,20.720779180526733],[25303,20.004076957702637],[19347,20.00813603401184],[9282,20.002574920654297],[9026,20.010709047317505],[8735,20.01185894012451],[25916,20.009555101394653],[23674,20.001502990722656],[24102,20.001462936401367],[9895,20.011817932128906],[10080,20.0106360912323],[9048,20.005390882492065],[27475,20.003581047058105],[20653,20.004024982452393],[19047,20.00756311416626],[8861,20.007416009902954],[8642,20.00818109512329],[7806,20.000723838806152],[28436,20.003562927246094],[24892,20.00230598449707],[19014,20.00725483894348],[9588,20.000285863876343],[9141,20.00297999382019],[8347,20.005358934402466],[32161,20.004038095474243],[28316,20.004476070404053],[22593,20.00063991546631],[8759,20.008070945739746],[9285,20.005336046218872],[8384,20.010212898254395],[47068,20.01094698905945],[41842,20.00643301010132],[38264,20.010195016860962],[16699,20.006759881973267],[15897,20.019877910614014],[12988,20.00904107093811],[51124,20.006292819976807],[44352,20.00999903678894],[34183,20.000588178634644],[16043,20.009416818618774],[15364,20.0045108795166],[13394,20.006425857543945],[48067,20.010878086090088],[45891,20.00666093826294],[34065,20.008754014968872],[15194,20.003681898117065],[14223,20.004910945892334],[12873,20.00312900543213],[52082,20.01141095161438],[45610,20.00966215133667],[34462,20.0084228515625],[15759,20.00743317604065],[15351,20.005368947982788],[14070,20.014206886291504],[49685,20.00283908843994],[44464,20.001837015151978],[35832,20.0100679397583],[15567,20.002211093902588],[15317,20.003225088119507],[13282,20.01256012916565],[77843,20.010218143463135],[60826,20.00031805038452],[50989,20.00025486946106],[21498,20.001385927200317],[20294,20.00430202484131],[16957,20.00097107887268],[73236,20.005701065063477],[56489,20.000478982925415],[52477,20.00616192817688],[21737,20.00145387649536],[21032,20.008452892303467],[16941,20.004464864730835],[69655,20.001561164855957],[67697,20.003216981887817],[56145,20.00552797317505],[21780,20.00137495994568],[20065,20.01058602333069],[16141,20.00347399711609],[77687,20.003338098526],[64219,20.002987146377563],[64588,20.007934093475342],[22418,20.00425100326538],[21836,20.002377033233643],[17645,20.004026889801025],[65855,20.00532603263855],[58187,20.00058603286743],[51822,20.001317977905273],[20086,20.00579595565796],[18342,20.009237051010132],[15174,20.00843095779419]],"Rao2 top5 bottom5 fast local search":[[30699,20.00192093849182],[28059,20.00576114654541],[20401,20.004060983657837],[10564,20.001512050628662],[9237,20.004207134246826],[9426,20.005919933319092],[26765,20.00076699256897],[25534,20.00027585029602],[25091,20.001636028289795],[10122,20.000291109085083],[10093,20.000587940216064],[9993,20.003376960754395],[29497,20.00416898727417],[21787,20.00247287750244],[19319,20.004056930541992],[8992,20.003618955612183],[9014,20.00557804107666],[9272,20.001184940338135],[30178,20.002187967300415],[26818,20.00315499305725],[19705,20.003289937973022],[9786,20.002767086029053],[9574,20.004070043563843],[9013,20.00345015525818],[32859,20.00195598602295],[29437,20.002672910690308],[23239,20.004220008850098],[9554,20.003546953201294],[9758,20.001784086227417],[8998,20.00365400314331],[49081,20.002835988998413],[42501,20.0012788772583],[37679,20.00213098526001],[16601,20.00818395614624],[16472,20.006428003311157],[13039,20.002113819122314],[52485,20.00094699859619],[45265,20.006566047668457],[35399,20.001912117004395],[17689,20.002469062805176],[16084,20.004397869110107],[14742,20.00615882873535],[53929,20.002474069595337],[48375,20.005374908447266],[36445,20.002134084701538],[16843,20.00536298751831],[14702,20.002635955810547],[14728,20.006616830825806],[53753,20.008690118789673],[46193,20.009968042373657],[36317,20.00537109375],[17010,20.000864028930664],[15578,20.00643301010132],[15146,20.00482487678528],[53841,20.00618290901184],[46706,20.005666971206665],[38443,20.00328803062439],[16793,20.00328302383423],[15301,20.00182795524597],[14223,20.000410079956055],[78286,20.0018310546875],[61712,20.00408101081848],[51105,20.000648975372314],[22680,20.00231695175171],[20731,20.003170013427734],[17836,20.005134105682373],[75264,20.00516390800476],[58271,20.0001540184021],[54521,20.00162982940674],[22608,20.001953840255737],[21996,20.003945112228394],[17078,20.006484031677246],[72105,20.007078886032104],[70145,20.002925872802734],[57226,20.000643968582153],[22089,20.00319480895996],[21502,20.001407861709595],[17164,20.003480911254883],[80664,20.00162100791931],[65672,20.003144025802612],[66391,20.00137710571289],[22309,20.002302885055542],[22574,20.00401782989502],[18854,20.005136013031006],[67830,20.004618883132935],[60087,20.001452922821045],[51437,20.003845930099487],[20598,20.000811100006104],[18411,20.0083749294281],[16162,20.005439043045044]],"Rao2 top1 bottom1 no local search":[[22409,20.127238035202026],[18633,20.000274896621704],[-192,20.00018286705017],[5983,20.000285148620605],[4896,20.00022602081299],[-441,20.000191926956177],[20361,20.000268936157227],[18521,20.000179052352905],[17384,20.00006413459778],[6388,20.000096082687378],[3672,20.000306129455566],[1577,20.000059127807617],[20574,20.000359058380127],[16862,20.000257968902588],[-585,20.00037693977356],[6063,20.000141859054565],[4824,20.000212907791138],[-320,20.000049114227295],[21899,20.000305891036987],[19544,20.000117778778076],[-269,20.00036883354187],[5011,20.000130891799927],[4996,20.00001311302185],[2493,20.000329971313477],[24988,20.0000741481781],[18488,20.000268936157227],[16167,20.000248908996582],[4793,20.00025486946106],[5835,20.000192880630493],[3489,20.000324010849],[43780,20.000141859054565],[35571,20.000112056732178],[31375,20.000180959701538],[11647,20.000289916992188],[10403,20.00016689300537],[-1973,20.000286102294922],[42485,20.0001380443573],[36557,20.000365018844604],[29993,20.00004482269287],[11957,20.00026798248291],[10164,20.00018286705017],[-1148,20.000013828277588],[45820,20.000241994857788],[35749,20.000396966934204],[-1427,20.00135898590088],[11123,20.00035786628723],[9509,20.000312089920044],[-550,20.0002281665802],[45302,20.000205993652344],[37382,20.001665115356445],[29157,20.000155925750732],[12417,20.00006103515625],[10562,20.000367164611816],[-884,20.0001859664917],[43476,20.000341176986694],[39042,20.00032091140747],[-129,20.00020408630371],[10846,20.00014901161194],[8349,20.000128984451294],[-56,20.000063180923462],[69891,20.00010108947754],[57529,20.00002408027649],[-575,20.00027894973755],[18973,20.00019097328186],[15944,20.00012707710266],[12169,20.000291109085083],[67143,20.00031614303589],[54520,20.00028896331787],[-80,20.00015091896057],[19625,20.000025987625122],[15739,20.000191926956177],[-556,20.00022292137146],[65914,20.00027322769165],[65405,20.000825881958008],[-243,20.00035309791565],[17978,20.00012516975403],[16521,20.000368118286133],[8768,20.00032901763916],[73877,20.00030279159546],[60783,20.000405073165894],[-561,20.000240087509155],[20023,20.000154972076416],[17304,20.000086069107056],[-369,20.000295877456665],[61400,20.000020027160645],[55330,20.000216007232666],[45765,20.000303983688354],[17061,20.002604007720947],[15413,20.000226974487305],[10497,20.000216007232666]],