{"Rao2 top1 bottom1 fast local search":[[26805,10.661983013153076],[24713,10.00743293762207],[19876,10.003993034362793],[8948,10.01063585281372],[8665,10.006839990615845],[8484,10.009598016738892],[25153,10.008417844772339],[22360,10.006327152252197],[22722,10.00750994682312],[9986,10.010315179824829],[9933,10.003926038742065],[9532,10.00970196723938],[27385,10.003146886825562],[20955,10.002985954284668],[17368,10.00441598892212],[8607,10.009068965911865],[8846,10.003413915634155],[8422,10.002449989318848],[27234,10.001245021820068],[25148,10.000823020935059],[18666,10.00221586227417],[9280,10.000879049301147],[9342,10.011441946029663],[7626,10.00803804397583],[31116,10.002149105072021],[28558,10.007996082305908],[22402,10.003165006637573],[8691,10.00691294670105],[9256,10.007197856903076],[7827,10.004809856414795],[48244,10.01335597038269],[40963,10.010437965393066],[38076,10.001436948776245],[16735,10.002318143844604],[15546,10.011961936950684],[12875,10.005676984786987],[50699,10.004203796386719],[42548,10.001904010772705],[34587,10.002031803131104],[16393,10.014232873916626],[15612,10.00302505493164],[14027,10.011352062225342],[50562,10.009466171264648],[44961,10.000355005264282],[36015,10.000075101852417],[15625,10.003937005996704],[14605,10.008509159088135],[12748,10.003467082977295],[48864,10.001781940460205],[42855,10.01315188407898],[34352,10.0017249584198],[16237,10.010465145111084],[14852,10.005350112915039],[13640,10.008902072906494],[47060,10.007882833480835],[41747,10.004591941833496],[35341,10.009022951126099],[14905,10.000521183013916],[15289,10.01638412475586],[12320,10.003947019577026],[74626,10.003111839294434],[61221,10.002376079559326],[51542,10.006386041641235],[22007,10.004732131958008],[20463,10.006906032562256],[16290,10.013736009597778],[72540,10.000660181045532],[56497,10.00515604019165],[52692,10.008361101150513],[22100,10.002936840057373],[20639,10.008164882659912],[16343,10.008219957351685],[68737,10.000881910324097],[68214,10.005146980285645],[55177,10.00091004371643],[21111,10.00715684890747],[20484,10.009773015975952],[15426,10.002164840698242],[75583,10.001682043075562],[63839,10.00136113166809],[63790,10.002043008804321],[21809,10.00576400756836],[21777,10.00223994255066],[17403,10.001006841659546],[65055,10.005153179168701],[60296,10.00344204902649],[51541,10.002044916152954],[19696,10.006179094314575],[18200,10.001101970672607],[14580,10.007167100906372]],"Rao2 top5 bottom5 fast local search":[[30622,10.000531911849976],[27924,10.002275228500366],[21101,10.002060890197754],[10385,10.00592589378357],[9589,10.004724025726318],[9378,10.003849983215332],[27164,10.00692892074585],[25601,10.00098705291748],[24969,10.000837087631226],[10058,10.001507997512817],[10156,10.004173994064331],[9821,10.000501155853271],[29851,10.005374908447266],[22357,10.000831127166748],[18877,10.003758192062378],[8887,10.00023603439331],[9281,10.004892826080322],[9431,10.000391006469727],[30156,10.002111911773682],[25960,10.003439903259277],[19775,10.003992080688477],[10028,10.000535011291504],[9523,10.005737066268921],[8976,10.004594802856445],[33053,10.006267070770264],[29667,10.006371974945068],[23459,10.00422215461731],[10030,10.003453969955444],[9681,10.004426956176758],[8379,10.004798889160156],[49766,10.00617003440857],[42318,10.0017728805542],[37771,10.001644849777222],[16526,10.00174593925476],[16298,10.0012948513031],[13294,10.004167079925537],[52107,10.008026123046875],[45135,10.002270936965942],[35285,10.003939867019653],[16389,10.005475997924805],[16125,10.002620935440063],[14461,10.003945112228394],[52961,10.004835844039917],[46596,10.00213098526001],[35617,10.001596927642822],[17226,10.001691818237305],[14521,10.005218029022217],[14284,10.003010034561157],[53389,10.005115032196045],[47274,10.011203050613403],[36250,10.004370927810669],[17424,10.007228136062622],[15655,10.003028869628906],[15116,10.000916957855225],[52191,10.000153064727783],[45701,10.003830909729004],[38386,10.007220029830933],[16650,10.00641393661499],[15615,10.006541013717651],[13761,10.001433849334717],[78514,10.00280499458313],[64152,10.004359006881714],[51414,10.003323078155518],[21808,10.003415822982788],[21093,10.000822067260742],[17991,10.001566886901855],[74852,10.000818014144897],[57192,10.000785827636719],[52358,10.00374984741211],[22889,10.006165027618408],[21974,10.006817102432251],[16269,10.003648042678833],[72999,10.006078004837036],[69603,10.003206968307495],[55492,10.003144025802612],[22277,10.002800941467285],[21159,10.002782106399536],[17334,10.004694938659668],[80711,10.00052809715271],[65797,10.002516984939575],[64731,10.003448009490967],[22734,10.00064992904663],[22401,10.006415843963623],[17557,10.006556987762451],[66197,10.004603147506714],[61303,10.005417823791504],[52117,10.003385066986084],[20529,10.003384113311768],[18780,10.006722927093506],[15372,10.004899024963379]],"Rao2 top1 bottom1 no local search":[[22187,10.127700805664062],[18585,10.000184059143066],[15440,10.000104904174805],[5981,10.000180959701538],[5625,10.000006914138794],[-241,10.000018119812012],[20647,10.000074863433838],[19498,10.0020010471344],[16212,10.000168800354004],[6621,10.000211000442505],[4594,10.00019884109497],[3334,10.001175880432129],[21961,10.000339984893799],[16535,10.000056982040405],[16327,10.000108003616333],[5847,10.00021505355835],[4191,10.00010895729065],[-849,10.000272989273071],[21479,10.000139951705933],[17108,10.000164985656738],[-233,10.000056982040405],[7371,10.000272035598755],[7006,10.000117063522339],[-808,10.000797986984253],[24533,10.000144958496094],[20506,10.000246047973633],[19163,10.00021481513977],[6228,10.000201940536499],[6049,10.000119924545288],[2283,10.0001540184021],[42022,10.001842021942139],[34235,10.001540184020996],[34146,10.000188827514648],[11772,10.000110864639282],[10024,10.000158071517944],[6599,10.000057935714722],[44737,10.0001859664917],[37440,10.000248908996582],[-206,10.000164985656738],[12177,10.000226974487305],[9367,10.000067949295044],[2124,10.000355005264282],[45988,10.000293016433716],[39389,10.000185012817383],[-1071,10.000134944915771],[10797,10.000236988067627],[8561,10.00022292137146],[-200,10.000012159347534],[43678,10.000125169754028],[38504,10.000141859054565],[29505,10.000175952911377],[11662,10.000209093093872],[11239,10.000123977661133],[6876,10.00171709060669],[45524,10.000107049942017],[40389,10.000289916992188],[-588,10.000221967697144],[10358,10.000158786773682],[11104,10.000300168991089],[-62,10.000194787979126],[70786,10.000346899032593],[58148,10.000192880630493],[46267,10.00012493133545],[18234,10.000311136245728],[14826,10.00041913986206],[-515,10.000138998031616],[67784,10.000293016433716],[51686,10.000006914138794],[-432,10.001142024993896],[18866,10.000332832336426],[17731,10.000247955322266],[-48,10.000063180923462],[66022,10.000010013580322],[64031,10.000741958618164],[-743,10.000317096710205],[17979,10.000012159347534],[14887,10.000164985656738],[9830,10.002235889434814],[74605,10.000051975250244],[60020,10.000118017196655],[60546,10.000254154205322],[18887,10.000096082687378],[18374,10.000264883041382],[9938,10.000051975250244],[62051,10.000128030776978],[55213,10.001410007476807],[-92,10.000832080841064],[16523,10.000241994857788],[12911,10.00023889541626],[9173,10.000927925109863]],