{"Rao2 top1 bottom1 fast local search":[[73902,20.005182027816772],[70483,20.02399706840515],[58035,20.018940925598145],[22821,20.010754108428955],[23051,20.045114994049072],[22814,20.052428007125854],[66342,20.04526996612549],[59398,20.0552020072937],[52371,20.028848886489868],[23423,20.035200119018555],[23550,20.02268099784851],[22348,20.082024097442627],[71763,20.013580083847046],[56714,20.01854681968689],[51156,20.019841194152832],[22141,20.00461506843567],[23112,20.040205001831055],[22418,20.059247970581055],[70065,20.03395915031433],[67918,20.04801106452942],[55674,20.008424043655396],[22353,20.05692219734192],[20651,20.0344181060791],[20850,20.091369152069092],[65685,20.03355884552002],[57963,20.03982400894165],[53100,20.031543016433716],[22936,20.012415885925293],[20817,20.05137300491333],[19500,20.045762062072754],[139048,20.038010120391846],[118292,20.01333498954773],[118130,20.038172006607056],[39482,20.046957969665527],[35136,20.0099458694458],[33451,20.026219129562378],[119848,20.06217384338379],[117443,20.03188681602478],[107054,20.028080224990845],[38536,20.03365397453308],[37138,20.03150701522827],[34658,20.08210587501526],[126657,20.00036907196045],[119617,20.010934114456177],[89550,20.01609706878662],[37572,20.038009881973267],[35540,20.021459102630615],[34412,20.07771396636963],[124155,20.037349939346313],[101433,20.04312491416931],[96244,20.045763969421387],[42205,20.063235998153687],[35638,20.05403208732605],[33129,20.017730951309204],[123782,20.025903940200806],[120559,20.04754900932312],[103208,20.050193071365356],[41075,20.06804394721985],[39716,20.052571058273315],[37573,20.060420989990234],[213439,20.04229998588562],[179527,20.009172916412354],[151063,20.02935004234314],[54850,20.034300804138184],[48187,20.003013134002686],[41739,20.02019214630127],[185165,20.025617837905884],[155723,20.0019690990448],[163084,20.03440809249878],[53564,20.019964933395386],[50229,20.041718006134033],[42528,20.048351049423218],[210976,20.01481795310974],[175835,20.011182069778442],[143185,20.00428318977356],[57197,20.026984930038452],[51203,20.029844999313354],[44760,20.02492904663086],[177310,20.00495195388794],[161931,20.00645899772644],[141302,20.00546097755432],[53695,20.053053855895996],[49234,20.05004096031189],[42814,20.007598876953125],[181820,20.031346797943115],[176337,20.027984142303467],[144601,20.015779972076416],[52920,20.038365125656128],[46773,20.030219078063965],[39178,20.035197973251343]],"Rao2 top5 bottom5 fast local search":[[81355,20.013628005981445],[73150,20.0178279876709],[61501,20.003137826919556],[25254,20.01789093017578],[23023,20.010393142700195],[23773,20.009449005126953],[74704,20.007905960083008],[64311,20.011128902435303],[57801,20.007635831832886],[25409,20.028483867645264],[23097,20.014914989471436],[23642,20.014344930648804],[75684,20.005351781845093],[63738,20.00965404510498],[55826,20.009242057800293],[23113,20.003884077072144],[24265,20.007269144058228],[23966,20.007194995880127],[78138,20.001265048980713],[75904,20.008590936660767],[60141,20.013402938842773],[23749,20.013972997665405],[21117,20.019810914993286],[23115,20.018152952194214],[77534,20.017762899398804],[67177,20.0259370803833],[57394,20.011363983154297],[23574,20.011050939559937],[24172,20.007826805114746],[21649,20.00781488418579],[135210,20.00730299949646],[126162,20.017472982406616],[122522,20.016772985458374],[43324,20.03046989440918],[39844,20.023460865020752],[38124,20.017008066177368],[130578,20.031117916107178],[122062,20.00714683532715],[108929,20.055195093154907],[42899,20.019404888153076],[40587,20.002010107040405],[36378,20.01643395423889],[137724,20.031826972961426],[130172,20.041687965393066],[97016,20.03708004951477],[41887,20.02640390396118],[39094,20.02586007118225],[39077,20.004734992980957],[135010,20.00673794746399],[104722,20.035770893096924],[101681,20.03414797782898],[44309,20.02047300338745],[37664,20.018893003463745],[36676,20.00077795982361],[129269,20.01523208618164],[120627,20.00464415550232],[105378,20.014255046844482],[42237,20.00063681602478],[40825,20.001144886016846],[37739,20.001687049865723],[214033,20.009171962738037],[188632,20.010090112686157],[155562,20.007647037506104],[55663,20.00419282913208],[49010,20.02137303352356],[42209,20.016019821166992],[190252,20.01330018043518],[154861,20.009562969207764],[167687,20.013890981674194],[57226,20.03455090522766],[51445,20.002447843551636],[44741,20.00426411628723],[220312,20.00418519973755],[177363,20.036967039108276],[143296,20.003937005996704],[60172,20.014003038406372],[53692,20.018287897109985],[47004,20.018556118011475],[186630,20.026716947555542],[166311,20.026077032089233],[142348,20.032360076904297],[57850,20.018283128738403],[52861,20.001954078674316],[45031,20.01309108734131],[192452,20.01044511795044],[179435,20.02965521812439],[144187,20.007102966308594],[57298,20.014586925506592],[50196,20.0064640045166],[43861,20.01600408554077]],"Rao2 top1 bottom1 no local search":[[61260,20.000638961791992],[53009,20.00061583518982],[47332,20.000205039978027],[15800,20.000054836273193],[10016,20.00065302848816],[10156,20.000077962875366],[56257,20.000695943832397],[52730,20.000132083892822],[-1468,20.000380039215088],[15135,20.000657081604004],[13934,20.00062108039856],[7616,20.00012183189392],[58030,20.000077962875366],[48558,20.000755071640015],[45738,20.000713109970093],[14833,20.000412225723267],[13949,20.00031805038452],[-25,20.000313997268677],[58969,20.000526905059814],[56239,20.000477075576782],[44685,20.00020694732666],[16379,20.000413179397583],[13433,20.0004940032959],[7207,20.000312089920044],[57540,20.000529050827026],[48325,20.000367879867554],[-2769,20.0002920627594],[15517,20.00012993812561],[13998,20.000051975250244],[-328,20.000694036483765],[128814,20.0001699924469],[104407,20.00083613395691],[108204,20.00048804283142],[31241,20.000128030776978],[25765,20.00002098083496],[17049,20.00094199180603],[109422,20.000777006149292],[102715,20.00046396255493],[-164,20.000333070755005],[33245,20.000154972076416],[-332,20.000893115997314],[12993,20.000585079193115],[119385,20.000486135482788],[109576,20.000263929367065],[-1791,20.001451015472412],[30607,20.001322984695435],[27033,20.000434160232544],[-1106,20.000158071517944],[112836,20.000843048095703],[94750,20.00006604194641],[89830,20.000874042510986],[30824,20.00049901008606],[25510,20.000519037246704],[-1270,20.00028085708618],[109507,20.000522136688232],[102776,20.000072956085205],[96551,20.000272035598755],[31252,20.00053381919861],[28996,20.00028896331787],[18951,20.000536918640137],[193957,20.000071048736572],[176373,20.000346899032593],[-450,20.000653982162476],[48819,20.000792980194092],[40615,20.00017499923706],[-579,20.000197887420654],[180949,20.000651121139526],[147288,20.00075888633728],[158213,20.000768899917603],[46708,20.000789880752563],[41580,20.000607013702393],[-216,20.000668048858643],[203360,20.000753164291382],[168753,20.000555992126465],[-1236,20.00029706954956],[49000,20.000277996063232],[45799,20.000153064727783],[31884,20.000640869140625],[168593,20.00066900253296],[153449,20.000654935836792],[-701,20.0018630027771],[48940,20.001734018325806],[43408,20.000658988952637],[28231,20.000792026519775],[181588,20.00082802772522],[167922,20.000694036483765],[-940,20.000212907791138],[46703,20.000375986099243],[42678,20.00156879425049],[-991,20.000529050827026]],