{"Rao2 top1 bottom1 fast local search":[[26908,20.005777835845947],[19666,20.00130605697632],[19827,20.001317024230957],[9119,20.00247097015381],[8307,20.009865045547485],[6463,20.009614944458008],[23874,20.003077030181885],[17921,20.003768920898438],[17887,20.006443977355957],[9501,20.009085178375244],[8496,20.00950312614441],[7105,20.019514799118042],[23961,20.002002000808716],[16707,20.00482702255249],[17090,20.002202033996582],[9427,20.004491806030273],[7906,20.00673484802246],[7523,20.009423971176147],[23975,20.00868010520935],[18998,20.0046169757843],[15422,20.000274896621704],[9213,20.003435134887695],[8976,20.007801055908203],[6971,20.009384870529175],[24175,20.001150131225586],[16930,20.00442600250244],[17005,20.000309944152832],[9241,20.008438110351562],[8282,20.00867509841919],[7932,20.006963968276978],[42194,20.01382613182068],[31324,20.002361059188843],[31298,20.004043102264404],[17211,20.011070013046265],[14352,20.003082036972046],[12499,20.007622957229614],[44441,20.008960008621216],[34281,20.008893966674805],[31326,20.009548902511597],[16451,20.001055002212524],[16523,20.00829815864563],[13865,20.017424821853638],[40943,20.001507997512817],[30648,20.00578498840332],[28241,20.004571199417114],[16761,20.006234169006348],[16136,20.006520986557007],[13628,20.001430988311768],[43893,20.00368905067444],[34709,20.008087873458862],[30860,20.01059579849243],[17573,20.000260829925537],[15107,20.004229068756104],[13294,20.01793599128723],[47159,20.0109441280365],[34131,20.00432515144348],[30451,20.004839181900024],[18204,20.008498907089233],[16370,20.006972074508667],[12632,20.0175039768219],[64777,20.006284952163696],[44897,20.00408911705017],[38752,20.00729012489319],[23101,20.002235889434814],[19430,20.00281596183777],[13640,20.00900888442993],[62890,20.00015687942505],[44146,20.007232904434204],[45554,20.00410008430481],[23606,20.003108024597168],[20544,20.005786895751953],[14386,20.00053381919861],[66220,20.004753828048706],[56291,20.003626108169556],[44155,20.00601100921631],[25222,20.00112795829773],[20440,20.011533975601196],[14674,20.00589394569397],[59333,20.00263500213623],[55177,20.00636911392212],[46067,20.00295114517212],[23325,20.00008988380432],[20787,20.01112699508667],[15587,20.000837087631226],[68338,20.00662899017334],[44956,20.000252962112427],[47355,20.004406929016113],[24661,20.003098964691162],[21388,20.005388975143433],[14565,20.000859022140503]],"Rao2 top5 bottom5 fast local search":[[28135,20.006609201431274],[20914,20.000652074813843],[21016,20.008978843688965],[10311,20.000600814819336],[9105,20.004719972610474],[6601,20.002511024475098],[25727,20.003515005111694],[19327,20.002206802368164],[18251,20.00260305404663],[9711,20.000049114227295],[9101,20.006788969039917],[7727,20.00048303604126],[26501,20.003912925720215],[18841,20.00740098953247],[18510,20.005877017974854],[10437,20.005635976791382],[8942,20.003420114517212],[8702,20.011777877807617],[26084,20.00134301185608],[19850,20.001202821731567],[15750,20.002079010009766],[10165,20.004456996917725],[9528,20.001338005065918],[8811,20.003386974334717],[26059,20.000545024871826],[18603,20.00388789176941],[17576,20.00506019592285],[10407,20.006217002868652],[9154,20.011181116104126],[7990,20.0066180229187],[46517,20.009183883666992],[34869,20.005067110061646],[33074,20.00169610977173],[18261,20.004857063293457],[14832,20.007622003555298],[13152,20.006191968917847],[47192,20.000319957733154],[34063,20.01106905937195],[32922,20.002420902252197],[18109,20.006396055221558],[16788,20.006879806518555],[15064,20.00325083732605],[43487,20.008846044540405],[32779,20.005892038345337],[30807,20.010184049606323],[18527,20.004611015319824],[17177,20.007065057754517],[14282,20.004969835281372],[44331,20.0066020488739],[37179,20.008811950683594],[32891,20.008213996887207],[19189,20.008877992630005],[16313,20.000624179840088],[13998,20.007917881011963],[49459,20.002782106399536],[36544,20.00713300704956],[32631,20.002893209457397],[19170,20.00837993621826],[16650,20.005963802337646],[13103,20.000943899154663],[65444,20.001251935958862],[45694,20.000662088394165],[40533,20.001845121383667],[25019,20.008781909942627],[19771,20.00413203239441],[16307,20.004756927490234],[65016,20.00566601753235],[43582,20.0032958984375],[46774,20.009540796279907],[24975,20.004212141036987],[21351,20.005672216415405],[16188,20.004009008407593],[68194,20.00118088722229],[56722,20.000033855438232],[45187,20.00175189971924],[25526,20.00408101081848],[21495,20.002018928527832],[16204,20.00289011001587],[61179,20.001681804656982],[55749,20.003241062164307],[48425,20.009302139282227],[24467,20.005162000656128],[21774,20.0038959980011],[16301,20.001281023025513],[69266,20.000038146972656],[45795,20.001275062561035],[48014,20.00471305847168],[25674,20.0050208568573],[21907,20.00094985961914],[15122,20.00649905204773]],"Rao2 top1 bottom1 no local search":[[21101,20.00170397758484],[-524,20.0000901222229],[-3775,20.00212001800537],[5483,20.001036882400513],[-2412,20.00013494491577],[-3274,20.000094890594482],[19652,20.000258922576904],[-747,20.000149965286255],[-4581,20.000327825546265],[5393,20.000003814697266],[-1470,20.000075817108154],[-3659,20.000267028808594],[18810,20.000360012054443],[-1112,20.0000319480896],[-4045,20.000333070755005],[6460,20.000173807144165],[-587,20.00024700164795],[-2560,20.000062942504883],[19621,20.000030040740967],[-847,20.000169038772583],[-6668,20.000014066696167],[6151,20.000778913497925],[-1036,20.000035047531128],[-5549,20.000148057937622],[19120,20.00036907196045],[-1646,20.000244855880737],[-2421,20.00181293487549],[5659,20.000235080718994],[-1061,20.000109910964966],[-3995,20.000075101852417],[37655,20.000216007232666],[-1484,20.000144958496094],[-3534,20.00071382522583],[13420,20.00032901763916],[-1590,20.000322818756104],[-1482,20.00031089782715],[38602,20.000263214111328],[-155,20.000083923339844],[-4224,20.000241994857788],[13555,20.000165939331055],[-3074,20.000025033950806],[-3711,20.00019097328186],[36192,20.00012707710266],[-1617,20.000170946121216],[-5790,20.000366926193237],[13361,20.00005006790161],[-788,20.000165939331055],[-2026,20.000041961669922],[37211,20.000043153762817],[-775,20.000406980514526],[-2656,20.00034499168396],[12102,20.00002694129944],[-1184,20.000051975250244],[-7460,20.00005006790161],[40600,20.000380039215088],[-387,20.000784873962402],[-3948,20.00023078918457],[11962,20.000289916992188],[8429,20.00018811225891],[-5648,20.00015902519226],[55706,20.000146865844727],[-2272,20.000457048416138],[-1962,20.00010085105896],[18830,20.00033187866211],[16135,20.00007200241089],[-959,20.000130891799927],[58491,20.00023603439331],[-738,20.00018310546875],[-1874,20.00012493133545],[19560,20.000056982040405],[-576,20.000380992889404],[-1834,20.000229120254517],[60700,20.00017809867859],[-871,20.00005793571472],[-3107,20.000253915786743],[20766,20.000351905822754],[13957,20.000357151031494],[-1991,20.000087022781372],[53961,20.00014901161194],[-703,20.000576972961426],[-2885,20.000715970993042],[19898,20.0000479221344],[-152,20.000350952148438],[-4772,20.000343799591064],[62870,20.00106406211853],[-356,20.00157403945923],[-1095,20.000289916992188],[20939,20.000372886657715],[-1114,20.000254154205322],[-2410,20.000382900238037]],