{"Rao2 top1 bottom1 fast local search":[[26006,10.005666971206665],[19366,10.002983808517456],[20222,10.004500150680542],[9275,10.00538682937622],[8350,10.004379987716675],[6452,10.00250506401062],[24589,10.004496812820435],[17920,10.009700059890747],[18008,10.009757041931152],[8659,10.002814054489136],[7539,10.00581407546997],[6893,10.003931999206543],[25338,10.008979797363281],[17228,10.003780841827393],[17333,10.014603853225708],[9442,10.007814884185791],[7894,10.000815868377686],[7912,10.01375699043274],[24097,10.005807876586914],[17911,10.007136106491089],[15174,10.008127212524414],[9472,10.0034019947052],[7496,10.00652003288269],[7705,10.016487121582031],[24478,10.008095026016235],[16518,10.001883029937744],[15858,10.012115001678467],[8970,10.001168966293335],[8512,10.00495195388794],[7365,10.005451202392578],[42459,10.009026050567627],[32932,10.003060102462769],[31395,10.006253004074097],[17312,10.011955976486206],[13960,10.00027585029602],[12243,10.018270015716553],[44578,10.006476879119873],[32701,10.008230924606323],[30950,10.00703477859497],[16184,10.002799034118652],[15487,10.016276121139526],[13350,10.001925945281982],[42451,10.004530191421509],[30618,10.008543014526367],[29476,10.007894039154053],[17813,10.00257396697998],[16240,10.008613109588623],[12520,10.018790006637573],[43922,10.006036043167114],[35226,10.003021955490112],[30870,10.001615047454834],[17828,10.003101110458374],[14880,10.01186203956604],[12535,10.013607025146484],[45361,10.008563041687012],[32896,10.005522012710571],[30752,10.00363802909851],[17670,10.007683038711548],[15791,10.00109601020813],[12349,10.005324840545654],[63860,10.005862951278687],[45220,10.003207921981812],[38894,10.007020950317383],[23649,10.000478029251099],[18973,10.006417989730835],[15012,10.004977941513062],[63352,10.005283832550049],[41878,10.008602857589722],[44629,10.00003695487976],[24419,10.006792068481445],[20457,10.008749961853027],[15354,10.003498792648315],[66573,10.002726078033447],[55071,10.006899118423462],[44968,10.002790927886963],[24153,10.00858187675476],[19840,10.002961158752441],[15157,10.006782054901123],[58760,10.002445220947266],[54769,10.007555961608887],[45693,10.00724196434021],[23452,10.009336948394775],[20684,10.007046937942505],[15395,10.002610921859741],[65152,10.00403618812561],[45312,10.003175973892212],[47769,10.001069068908691],[24490,10.004092931747437],[21096,10.008965015411377],[14962,10.007774114608765]],"Rao2 top5 bottom5 fast local search":[[28064,10.00536584854126],[21022,10.002058982849121],[20633,10.006095170974731],[10222,10.006114959716797],[9151,10.0067720413208],[7353,10.004971027374268],[26124,10.004260063171387],[19638,10.00896406173706],[18461,10.003937005996704],[9848,10.003199100494385],[9074,10.007407188415527],[7812,10.006650924682617],[25967,10.000777959823608],[18828,10.008840799331665],[18508,10.001118898391724],[10410,10.004809856414795],[8775,10.006846189498901],[8543,10.010181903839111],[25915,10.004903078079224],[19928,10.004431962966919],[16028,10.010123014450073],[10301,10.003281116485596],[9756,10.0068519115448],[8678,10.008399963378906],[26027,10.002417087554932],[18759,10.002055168151855],[17733,10.00517201423645],[9370,10.00123906135559],[9252,10.002777099609375],[8180,10.00893783569336],[46352,10.010284185409546],[35011,10.005138158798218],[32381,10.005807161331177],[18018,10.005575895309448],[14710,10.001507997512817],[13383,10.007542848587036],[46780,10.004644870758057],[34345,10.006189107894897],[32358,10.0104501247406],[17991,10.000560998916626],[16709,10.005018949508667],[15152,10.001312017440796],[41741,10.006645917892456],[32088,10.005625009536743],[30581,10.00846004486084],[18543,10.00371503829956],[17091,10.004662990570068],[14203,10.002790927886963],[44142,10.008963108062744],[37178,10.00478482246399],[32755,10.01078486442566],[18874,10.002021789550781],[16226,10.009720802307129],[14005,10.000258922576904],[49504,10.000458002090454],[36482,10.001652956008911],[32537,10.011082887649536],[18963,10.000072956085205],[16587,10.002876043319702],[13691,10.004135131835938],[65330,10.00393009185791],[45122,10.004189014434814],[40133,10.00774884223938],[24527,10.004503011703491],[19705,10.000594139099121],[15894,10.003391027450562],[63800,10.005114078521729],[44376,10.005050897598267],[46705,10.004526138305664],[24961,10.005926847457886],[21306,10.007084846496582],[15648,10.000076055526733],[67546,10.00408411026001],[55984,10.003161191940308],[46668,10.007765054702759],[25451,10.000716924667358],[21541,10.007166147232056],[16204,10.005522012710571],[59140,10.000839948654175],[56474,10.00269889831543],[47535,10.007460832595825],[24535,10.000072002410889],[21432,10.008466005325317],[16356,10.004427909851074],[69158,10.00406002998352],[47557,10.001850128173828],[48576,10.009519815444946],[25384,10.008762121200562],[21800,10.006183862686157],[15043,10.001788139343262]],"Rao2 top1 bottom1 no local search":[[19807,10.000020980834961],[-730,10.000522136688232],[-5087,10.000411987304688],[4068,10.000303983688354],[-1186,10.000540971755981],[-2922,10.000226974487305],[19811,10.000236988067627],[-1011,10.000228881835938],[-3274,10.000295877456665],[4334,10.000360012054443],[-2290,10.000022888183594],[-2491,10.000278949737549],[16998,10.001659870147705],[-1164,10.000057935714722],[-1362,10.000398874282837],[5705,10.00033688545227],[-2407,10.000400066375732],[-1182,10.0001859664917],[20116,10.000203132629395],[12263,10.000115156173706],[-4506,10.000395059585571],[6163,10.000472068786621],[-432,10.000195026397705],[-5418,10.000557899475098],[18613,10.00010895729065],[-1202,10.000568866729736],[-3529,10.000028133392334],[6388,10.000240087509155],[-400,10.000379085540771],[-2646,10.000323057174683],[38582,10.000347137451172],[-1078,10.000339984893799],[-4054,10.000200986862183],[11633,10.000228881835938],[-2156,10.00006103515625],[-3843,10.000398874282837],[38352,10.000208139419556],[-1198,10.001605033874512],[-4911,10.000284910202026],[13390,10.001641988754272],[-1395,10.000214099884033],[-9677,10.000293016433716],[37441,10.000266075134277],[-1360,10.000225067138672],[-4967,10.000335931777954],[13516,10.000006914138794],[-2215,10.000333786010742],[-4499,10.000028133392334],[37367,10.0003080368042],[-633,10.000352144241333],[-1908,10.000140190124512],[14233,10.000185012817383],[-2391,10.000162124633789],[-6079,10.000514030456543],[40685,10.000060081481934],[-945,10.000723838806152],[-4414,10.000025987625122],[12573,10.000026941299438],[-608,10.000231981277466],[-3370,10.000391006469727],[56996,10.000702142715454],[-2250,10.000262975692749],[-3352,10.00180697441101],[19677,10.000018119812012],[-1502,10.000155925750732],[-3719,10.000211954116821],[59316,10.001962900161743],[-327,10.000302791595459],[-3445,10.0001540184021],[19823,10.000217914581299],[-386,10.000112056732178],[-4517,10.000412940979004],[61898,10.000041007995605],[-981,10.000168800354004],[-1448,10.000018835067749],[20444,10.000037908554077],[-858,10.000324010848999],[-6573,10.000132083892822],[56666,10.000323057174683],[-431,10.000046014785767],[-3620,10.000149011611938],[20702,10.000005006790161],[-1115,10.000385999679565],[-2787,10.000720977783203],[62325,10.00013518333435],[-1985,10.000202178955078],[-1487,10.000318050384521],[20725,10.000020980834961],[-1199,10.000248908996582],[-2963,10.000321865081787]],