{"Rao2 top1 bottom1 fast local search":[[61041,20.032490015029907],[49221,20.013892889022827],[46153,20.04297709465027],[24190,20.00300693511963],[23390,20.040109872817993],[23302,20.10800004005432],[67662,20.036636114120483],[48308,20.01517105102539],[45441,20.022665977478027],[24563,20.01919913291931],[22659,20.073940992355347],[22350,20.090776205062866],[61382,20.026807069778442],[45431,20.017958164215088],[37992,20.00454807281494],[24334,20.030745029449463],[20103,20.07892417907715],[21719,20.03164005279541],[59782,20.000133991241455],[43801,20.030934810638428],[48556,20.04109477996826],[23849,20.036301136016846],[23268,20.072439908981323],[22460,20.07095503807068],[61595,20.014914989471436],[49303,20.00009799003601],[43076,20.051181077957153],[24362,20.038506984710693],[22447,20.028357982635498],[24188,20.107692003250122],[102841,20.009922981262207],[86584,20.03040313720703],[80565,20.040933847427368],[42751,20.06601905822754],[38895,20.014472007751465],[34875,20.04098391532898],[115904,20.007266998291016],[95073,20.046712160110474],[78316,20.065330982208252],[41434,20.06281614303589],[38652,20.05995202064514],[32797,20.129354000091553],[112648,20.06656503677368],[96715,20.00315284729004],[73809,20.000164031982422],[41667,20.018952131271362],[38024,20.023643970489502],[35386,20.070811986923218],[116325,20.000104188919067],[89857,20.03389000892639],[71990,20.023818016052246],[42150,20.039455890655518],[40163,20.06368398666382],[37606,20.051739931106567],[114865,20.052504062652588],[92936,20.03287100791931],[77368,20.022264003753662],[45926,20.00408697128296],[38018,20.010415077209473],[34670,20.129086017608643],[158835,20.02457904815674],[118459,20.004963159561157],[110087,20.03622794151306],[58360,20.00450611114502],[50796,20.033404111862183],[41482,20.002254962921143],[162452,20.033382892608643],[119653,20.00262713432312],[113519,20.03828191757202],[60363,20.016370058059692],[49797,20.02565884590149],[43445,20.000575065612793],[166947,20.018646001815796],[120627,20.005440950393677],[100349,20.00901198387146],[58914,20.03867197036743],[49887,20.046549797058105],[41286,20.090875148773193],[155851,20.00601601600647],[125232,20.004390001296997],[116885,20.00968098640442],[63043,20.031135082244873],[52399,20.090025901794434],[38072,20.016125917434692],[159299,20.02665114402771],[127359,20.009242057800293],[102668,20.019782066345215],[59113,20.040040016174316],[49970,20.012381076812744],[40448,20.11674213409424]],"Rao2 top5 bottom5 fast local search":[[62478,20.004565954208374],[50858,20.0212459564209],[47225,20.0067880153656],[25382,20.008360147476196],[23972,20.023609161376953],[24976,20.022881984710693],[73735,20.01897692680359],[53632,20.049193859100342],[49564,20.036736011505127],[26187,20.03718614578247],[23977,20.001340866088867],[23821,20.010102033615112],[64862,20.019730806350708],[45986,20.0308940410614],[42298,20.043228149414062],[25701,20.00092887878418],[21105,20.00285506248474],[23153,20.008296012878418],[64732,20.009875059127808],[47394,20.020811080932617],[51101,20.00387191772461],[25394,20.005549907684326],[23883,20.018321990966797],[24329,20.018383026123047],[65722,20.00954508781433],[54233,20.012421131134033],[43523,20.009084939956665],[25959,20.00543999671936],[23677,20.002187967300415],[25175,20.015592098236084],[113451,20.027847051620483],[88806,20.096410989761353],[86266,20.054002046585083],[45729,20.019717931747437],[42150,20.00369119644165],[37404,20.02719807624817],[127415,20.00213384628296],[95948,20.026268005371094],[82345,20.014732122421265],[45474,20.035701990127563],[41897,20.003024101257324],[40142,20.008620023727417],[119175,20.053754091262817],[96552,20.042525053024292],[76864,20.07620596885681],[44514,20.008880853652954],[41116,20.020454168319702],[39109,20.015557050704956],[120322,20.009876012802124],[89863,20.0820631980896],[78592,20.010101079940796],[46036,20.030749082565308],[41361,20.041929006576538],[39857,20.01774001121521],[125968,20.018174171447754],[101455,20.01806902885437],[77746,20.0033061504364],[47136,20.02333903312683],[39525,20.019315004348755],[40031,20.00913405418396],[161717,20.037919998168945],[119902,20.00137495994568],[114577,20.031031847000122],[60604,20.007930040359497],[51959,20.016352891921997],[43123,20.020440101623535],[166098,20.036447048187256],[124844,20.019124031066895],[116076,20.045997142791748],[62025,20.031068086624146],[51526,20.02008891105652],[44762,20.01570200920105],[169417,20.025248050689697],[120426,20.0658860206604],[103359,20.01471495628357],[62916,20.011903047561646],[53168,20.011996030807495],[44532,20.00287103652954],[159367,20.00903296470642],[127720,20.010688066482544],[119150,20.002774000167847],[63134,20.005844116210938],[53507,20.021960020065308],[40343,20.014519929885864],[163772,20.035168886184692],[126823,20.00652503967285],[108445,20.014774799346924],[61302,20.014739990234375],[51133,20.00691318511963],[39966,20.010980129241943]],"Rao2 top1 bottom1 no local search":[[49311,20.00085997581482],[-86,20.00044083595276],[-6822,20.000999927520752],[18539,20.0000159740448],[-2855,20.00095295906067],[-11794,20.00014305114746],[53987,20.00040292739868],[-673,20.000160932540894],[-9526,20.000837087631226],[16148,20.0000958442688],[-3819,20.000277996063232],[-8522,20.000088930130005],[48679,20.000098943710327],[-1325,20.00027084350586],[-3930,20.0001859664917],[14899,20.00028109550476],[-4494,20.0012629032135],[-13045,20.000905990600586],[46816,20.00064492225647],[-3645,20.000064849853516],[-4680,20.0002658367157],[18036,20.00073003768921],[-668,20.000731945037842],[-8419,20.00116205215454],[47900,20.00034809112549],[-235,20.00045084953308],[-7697,20.001672983169556],[14025,20.000619173049927],[-1319,20.000794172286987],[-8128,20.001283168792725],[95391,20.000463008880615],[-2182,20.00074005126953],[-8484,20.00168204307556],[35021,20.00063920021057],[-2482,20.000715017318726],[-2081,20.00008797645569],[109691,20.00078296661377],[-721,20.000347137451172],[-5407,20.000915050506592],[32797,20.00050187110901],[-3463,20.000150203704834],[-6235,20.000195026397705],[103267,20.000581979751587],[-5319,20.00068497657776],[-6448,20.000004053115845],[34619,20.000488996505737],[-490,20.00103211402893],[-9119,20.000757932662964],[105679,20.000797986984253],[-876,20.000492095947266],[-6984,20.000810146331787],[33132,20.00175404548645],[23176,20.000860929489136],[-2673,20.000738859176636],[107346,20.000226974487305],[-2907,20.00010895729065],[-3721,20.00019598007202],[35083,20.000438928604126],[-2401,20.00100612640381],[-4464,20.000869035720825],[150722,20.000596046447754],[-1176,20.000160932540894],[-7436,20.00108504295349],[51679,20.000468015670776],[-1154,20.000066995620728],[-12547,20.00072193145752],[149417,20.000631093978882],[-2580,20.000848054885864],[-11319,20.000823974609375],[51428,20.000056982040405],[-4757,20.000799894332886],[-8512,20.000319004058838],[153521,20.000135898590088],[-3547,20.000696897506714],[-5755,20.000383853912354],[52307,20.000585079193115],[-2197,20.00046396255493],[-8558,20.000730991363525],[144380,20.000890016555786],[-2091,20.001040935516357],[-4988,20.000093936920166],[54167,20.00043296813965],[-1415,20.000159978866577],[-8504,20.000967979431152],[154519,20.00022602081299],[-4125,20.000895023345947],[-10484,20.000431776046753],[52175,20.00005006790161],[-2257,20.00080919265747],[-6667,20.00051212310791]],