{"Rao2 top1 bottom1 fast local search":[[18322,10.01147198677063],[11561,10.021050930023193],[-90,10.004973888397217],[9098,10.003416061401367],[3915,10.022511959075928],[-70,10.038728952407837],[17982,10.008744955062866],[10464,10.02745509147644],[-350,10.03051495552063],[10249,10.013958930969238],[4468,10.016778945922852],[-493,10.010560989379883],[19765,10.009145975112915],[14025,10.00551700592041],[-678,10.018131971359253],[10472,10.000266075134277],[4469,10.019234895706177],[-535,10.010349988937378],[18094,10.005896806716919],[10686,10.012423992156982],[-233,10.004223108291626],[9754,10.007112979888916],[-80,10.003485918045044],[-60,10.008992910385132],[18759,10.002251148223877],[10882,10.019979000091553],[-504,10.027969121932983],[10024,10.000849962234497],[4348,10.00881314277649],[-376,10.021038055419922],[38693,10.010936975479126],[25063,10.015820980072021],[20262,10.015669107437134],[18841,10.001060009002686],[10717,10.003545045852661],[-29,10.000827074050903],[40598,10.014672040939331],[25359,10.017829895019531],[18192,10.002106189727783],[19753,10.012479066848755],[11236,10.0021071434021],[5345,10.018343925476074],[35723,10.000886917114258],[24982,10.011267900466919],[20806,10.02731204032898],[18396,10.001021146774292],[9008,10.011656045913696],[5512,10.027020931243896],[38941,10.003573179244995],[25482,10.015126943588257],[19601,10.016174077987671],[18763,10.010364055633545],[10616,10.018181085586548],[5840,10.01075291633606],[41187,10.004271030426025],[26561,10.003496885299683],[20945,10.001986026763916],[19382,10.005920886993408],[10718,10.019822120666504],[4458,10.000839948654175],[53500,10.009970903396606],[38337,10.00107192993164],[-1256,10.021233081817627],[26526,10.00451111793518],[14710,10.010626077651978],[-737,10.013198852539062],[55495,10.004854917526245],[36793,10.011083126068115],[-12,10.019083023071289],[25278,10.010288953781128],[13750,10.000174045562744],[-195,10.014129877090454],[60869,10.007336139678955],[33220,10.003998041152954],[-171,10.000457048416138],[26269,10.009123086929321],[14235,10.016812086105347],[-124,10.008881092071533],[57620,10.004204988479614],[39213,10.013896226882935],[-151,10.010416030883789],[26453,10.003829002380371],[17541,10.004855871200562],[-24,10.008349895477295],[54554,10.009865045547485],[33333,10.018923997879028],[-222,10.014295101165771],[26769,10.008073091506958],[14816,10.014955997467041],[-285,10.01749300956726]],"Rao2 top5 bottom5 fast local search":[[19384,10.006711959838867],[13155,10.008059978485107],[10045,10.001075983047485],[10056,10.003021955490112],[6153,10.013548135757446],[3861,10.019670009613037],[19438,10.00667691230774],[10926,10.02297306060791],[-38,10.005048990249634],[11034,10.005450010299683],[5514,10.021752119064331],[-1,10.015922784805298],[21231,10.00256609916687],[14933,10.016426086425781],[-62,10.03415584564209],[11531,10.016254186630249],[5830,10.018335103988647],[-179,10.035319089889526],[19411,10.0018310546875],[11477,10.009804964065552],[9140,10.002361059188843],[10868,10.01173210144043],[4377,10.009232997894287],[-18,10.010379076004028],[20230,10.005748987197876],[11965,10.005359888076782],[-128,10.001739025115967],[10678,10.004357814788818],[4955,10.002944946289062],[504,10.002296924591064],[40043,10.006521940231323],[25064,10.002960920333862],[21448,10.001003980636597],[20635,10.009778022766113],[11381,10.005722999572754],[8187,10.017693042755127],[41911,10.007917881011963],[26336,10.015979051589966],[20504,10.010525226593018],[20806,10.001911163330078],[12093,10.005424976348877],[6437,10.013340950012207],[38477,10.00676703453064],[26336,10.006584167480469],[21246,10.01937198638916],[20865,10.01482081413269],[11858,10.003210067749023],[6895,10.002936124801636],[39094,10.016987085342407],[26736,10.000349998474121],[20946,10.009157180786133],[20676,10.005614995956421],[12135,10.003031969070435],[6600,10.023473024368286],[42558,10.004137992858887],[27138,10.008743047714233],[21718,10.011873960494995],[20480,10.007129907608032],[12019,10.0068998336792],[7709,10.019201040267944],[54738,10.000102043151855],[38056,10.000787019729614],[-340,10.009267091751099],[29191,10.003902912139893],[15850,10.005274057388306],[-639,10.004887104034424],[57697,10.000383138656616],[37242,10.003922939300537],[29841,10.019996881484985],[27624,10.009145021438599],[16447,10.01150393486023],[10306,10.009414196014404],[62318,10.000823020935059],[33213,10.010817050933838],[-38,10.00857400894165],[28953,10.007763147354126],[16367,10.00079894065857],[7813,10.009413957595825],[59269,10.00789499282837],[40182,10.009792804718018],[33410,10.007030010223389],[28146,10.010111093521118],[18026,10.003925085067749],[8582,10.008820056915283],[56269,10.003402948379517],[34143,10.003514051437378],[-25,10.005520820617676],[28628,10.001755952835083],[15873,10.005527973175049],[-22,10.004341125488281]],"Rao2 top1 bottom1 no local search":[[13003,10.000123023986816],[-12404,10.000405073165894],[-20127,10.000041007995605],[4086,10.000581979751587],[-11745,10.000244855880737],[-20121,10.00010085105896],[13290,10.000396013259888],[-12126,10.00250792503357],[-22356,10.001100063323975],[4847,10.000318050384521],[-15514,10.00050401687622],[-30606,10.001244068145752],[16761,10.001002073287964],[-8562,10.00075387954712],[-24956,10.00095796585083],[6407,10.000046014785767],[-13382,10.002088069915771],[-17272,10.000993013381958],[15141,10.000051021575928],[-10826,10.001587152481079],[-23286,10.0000638961792],[7195,10.000025987625122],[-17652,10.001539945602417],[-17931,10.000289916992188],[-402,10.00034499168396],[-11013,10.000118017196655],[-27320,10.002329111099243],[6396,10.000387907028198],[-17804,10.00043797492981],[-19526,10.002120971679688],[32944,10.000257015228271],[-14326,10.000411033630371],[-24427,10.00193190574646],[10505,10.000240087509155],[-15975,10.001559972763062],[-25860,10.00223994255066],[31648,10.000304937362671],[-21094,10.000210046768188],[-31248,10.000460863113403],[13717,10.000319004058838],[-17836,10.000100135803223],[-23745,10.000456094741821],[33010,10.000277042388916],[-21564,10.001597881317139],[-37438,10.0004301071167],[15087,10.000964879989624],[-21297,10.000901937484741],[-27941,10.000401020050049],[34158,10.000356197357178],[-23016,10.000090837478638],[-25845,10.00002408027649],[15589,10.000946044921875],[-20493,10.00050401687622],[-27785,10.000079154968262],[36214,10.00021505355835],[-16637,10.000263929367065],[-35742,10.000511884689331],[10821,10.000043153762817],[-14727,10.0016450881958],[-36714,10.000173091888428],[-50,10.000017881393433],[-15581,10.00038194656372],[-27330,10.000168085098267],[22877,10.001099109649658],[-14451,10.00047492980957],[-25753,10.000027894973755],[51018,10.000088930130005],[-3808,10.000309944152832],[-26315,10.00071907043457],[22917,10.000151872634888],[-18493,10.000988960266113],[-20065,10.00014615058899],[56760,10.000135898590088],[-12696,10.000505924224854],[-25368,10.000332832336426],[21210,10.000089168548584],[-18098,10.001337051391602],[-18999,10.00017499923706],[52589,10.000192880630493],[-18786,10.0019211769104],[-22474,10.000070095062256],[21695,10.00005292892456],[-9232,10.000296831130981],[-15283,10.001045942306519],[47097,10.000094890594482],[-17073,10.00010895729065],[-23202,10.000513076782227],[24112,10.000361919403076],[-12304,10.000195026397705],[-26460,10.000558137893677]],