{"Rao2 top1 bottom1 fast local search":[[18889,20.00623607635498],[11982,20.01624822616577],[8724,20.006216049194336],[9045,20.003514051437378],[4384,20.0036838054657],[2111,20.01524782180786],[18018,20.009401082992554],[11021,20.007630109786987],[-760,20.00220489501953],[9730,20.009024143218994],[3999,20.008060932159424],[-363,20.01537299156189],[19958,20.0013210773468],[14392,20.00514316558838],[-494,20.00570297241211],[9888,20.00623083114624],[4802,20.01108193397522],[-191,20.011595010757446],[18597,20.009379148483276],[9763,20.004687070846558],[-316,20.003865003585815],[9870,20.004744052886963],[4390,20.019563913345337],[-390,20.001461029052734],[18068,20.00206995010376],[11925,20.017853021621704],[-445,20.02300500869751],[9396,20.00482416152954],[3969,20.008095026016235],[-467,20.008548974990845],[39185,20.001052856445312],[24215,20.01585102081299],[20299,20.016255855560303],[17862,20.005802869796753],[10793,20.0156729221344],[6414,20.003196001052856],[40703,20.008432149887085],[25919,20.006460189819336],[17481,20.0100200176239],[21053,20.008767127990723],[11487,20.011883020401],[4425,20.02749991416931],[37389,20.01158618927002],[24034,20.017235040664673],[19719,20.004793882369995],[19351,20.004996061325073],[11275,20.00749397277832],[4518,20.016862154006958],[38420,20.01095199584961],[25335,20.016313076019287],[-50,20.012376070022583],[19072,20.012331008911133],[10507,20.000651121139526],[5073,20.018233060836792],[40974,20.006386041641235],[25909,20.018095016479492],[21718,20.022247076034546],[19702,20.005367040634155],[11096,20.018146991729736],[-61,20.004349946975708],[53014,20.00753903388977],[37963,20.016644954681396],[-1606,20.01282286643982],[27195,20.00856900215149],[13191,20.014020919799805],[-1525,20.01272201538086],[55480,20.00548791885376],[35785,20.010046005249023],[-297,20.017930030822754],[25746,20.00433611869812],[15790,20.011495113372803],[-250,20.010717153549194],[61638,20.010097980499268],[31893,20.01028800010681],[-278,20.003183126449585],[28038,20.005945920944214],[13089,20.000940084457397],[-439,20.017323970794678],[57568,20.009536027908325],[38851,20.016453981399536],[-65,20.002189874649048],[27200,20.001518964767456],[16846,20.006754875183105],[9056,20.009344816207886],[54971,20.008443117141724],[32690,20.01793384552002],[-413,20.020857095718384],[26828,20.00283408164978],[14627,20.00804305076599],[-105,20.014315128326416]],"Rao2 top5 bottom5 fast local search":[[19679,20.00465178489685],[12756,20.004703044891357],[9697,20.008026123046875],[9977,20.00782799720764],[6153,20.009318113327026],[4054,20.006853103637695],[19790,20.010015964508057],[11031,20.00583291053772],[-206,20.01143217086792],[10591,20.000882863998413],[5889,20.015079975128174],[-199,20.007209062576294],[21266,20.009355068206787],[15261,20.007829189300537],[-14,20.008013010025024],[11537,20.003697156906128],[5845,20.013410091400146],[3085,20.01299285888672],[19545,20.012895107269287],[11565,20.001763105392456],[9140,20.00114107131958],[10982,20.009658098220825],[4377,20.001784086227417],[2494,20.00224494934082],[20343,20.001691102981567],[12032,20.00845193862915],[-163,20.0185489654541],[10832,20.012741088867188],[4880,20.007996797561646],[-154,20.0029239654541],[39932,20.009310007095337],[25749,20.006226062774658],[21605,20.009063959121704],[20631,20.004781007766724],[11929,20.0174241065979],[7432,20.003581047058105],[41922,20.000340938568115],[26800,20.002881050109863],[21152,20.007697820663452],[21121,20.0094051361084],[12230,20.010971069335938],[5911,20.01491379737854],[38842,20.010169982910156],[26565,20.013365030288696],[21626,20.01835799217224],[20691,20.0085129737854],[11817,20.007598161697388],[7413,20.011631965637207],[39310,20.001060009002686],[26973,20.017210006713867],[20659,20.01256799697876],[20718,20.009057998657227],[12422,20.003993034362793],[7055,20.01182794570923],[43029,20.016385078430176],[27048,20.004059076309204],[22367,20.004651069641113],[20353,20.002252101898193],[11750,20.008531093597412],[7220,20.005966186523438],[54873,20.006712913513184],[38750,20.00481414794922],[-270,20.012410879135132],[29016,20.005733013153076],[15263,20.005715131759644],[-315,20.005659103393555],[57763,20.006059169769287],[37600,20.0000159740448],[31373,20.003259897232056],[27569,20.000629901885986],[16696,20.01224184036255],[9219,20.00875997543335],[62585,20.00264000892639],[33957,20.00192880630493],[-61,20.006176948547363],[29259,20.003682136535645],[16737,20.00397777557373],[8434,20.012304067611694],[59166,20.004401922225952],[40362,20.00149703025818],[34336,20.000747203826904],[28338,20.006606101989746],[18377,20.012006998062134],[9399,20.01314401626587],[57068,20.00150203704834],[34556,20.010427951812744],[29070,20.008627891540527],[29041,20.001858949661255],[16777,20.002012014389038],[-3,20.011105060577393]],"Rao2 top1 bottom1 no local search":[[13207,20.000176191329956],[-11752,20.00105094909668],[-27313,20.000370979309082],[5125,20.000524044036865],[-12839,20.000114917755127],[-23157,20.000596046447754],[13162,20.000419855117798],[-10103,20.000085830688477],[-34189,20.000268936157227],[5938,20.000087022781372],[-13095,20.00017499923706],[-27458,20.000157117843628],[13754,20.000666856765747],[-15273,20.000319004058838],[-21759,20.000232934951782],[6687,20.00165891647339],[-10182,20.000013828277588],[-29293,20.00011897087097],[12496,20.000200033187866],[-15088,20.000432014465332],[-27214,20.000339031219482],[4917,20.00040602684021],[-8758,20.000041007995605],[-34158,20.000179052352905],[13595,20.000305891036987],[-13393,20.00053882598877],[-23904,20.000245809555054],[5077,20.00017285346985],[-14037,20.000102996826172],[-21962,20.00048279762268],[32581,20.000410079956055],[-15624,20.000268936157227],[-20874,20.000529050827026],[13102,20.000545024871826],[-18837,20.00137209892273],[-24831,20.000284910202026],[33503,20.00044298171997],[-18514,20.000147104263306],[-27133,20.000364065170288],[14526,20.000142097473145],[-13284,20.00029993057251],[-23896,20.00056219100952],[28278,20.00052785873413],[-14227,20.00027108192444],[-22869,20.000400066375732],[13568,20.000051975250244],[-18808,20.000370979309082],[-25281,20.000499963760376],[-37,20.000170946121216],[-19996,20.000071048736572],[-35169,20.00008797645569],[13573,20.000027894973755],[-14979,20.00181293487549],[-24926,20.00024390220642],[32621,20.00030207633972],[-17749,20.001023054122925],[-27777,20.000882863998413],[13761,20.00034499168396],[-16454,20.00031590461731],[-25470,20.00009512901306],[48795,20.00027894973755],[-15362,20.000450134277344],[-18646,20.000525951385498],[21188,20.000303030014038],[-17393,20.00001883506775],[-27489,20.000237941741943],[50667,20.000169038772583],[-15633,20.00009512901306],[-21595,20.000046968460083],[22182,20.000325918197632],[-10889,20.001640796661377],[-18874,20.000077962875366],[54789,20.000096082687378],[-19150,20.000391006469727],[-21215,20.000301122665405],[22698,20.00115203857422],[-9101,20.000107049942017],[-20476,20.00001287460327],[52038,20.000119924545288],[-11796,20.00019598007202],[-26304,20.000149965286255],[23659,20.001067876815796],[-12001,20.00047206878662],[-26914,20.000738859176636],[51156,20.000126838684082],[-9562,20.000144004821777],[-17357,20.000611066818237],[22341,20.000441074371338],[-15988,20.00040888786316],[-22402,20.00073790550232]],