{"Rao2 top1 bottom1 fast local search":[[57474,20.047696113586426],[31440,20.00250005722046],[26747,20.041558027267456],[24431,20.052953958511353],[15944,20.00767683982849],[9803,20.003961086273193],[56026,20.034257173538208],[33989,20.013811111450195],[29236,20.071309804916382],[24036,20.016978979110718],[18010,20.075196027755737],[12346,20.017616987228394],[56505,20.02043390274048],[35581,20.017916202545166],[33105,20.01095700263977],[24031,20.00001287460327],[18545,20.091928005218506],[13820,20.09173583984375],[53258,20.027589797973633],[33267,20.06501007080078],[27633,20.03101897239685],[24966,20.04722809791565],[14493,20.039813995361328],[12383,20.051743030548096],[54593,20.062822103500366],[29876,20.013389110565186],[28534,20.064369916915894],[24574,20.0538489818573],[17380,20.072882890701294],[12534,20.027922868728638],[98750,20.075605154037476],[70168,20.052845001220703],[63118,20.090317964553833],[47601,20.01148009300232],[31274,20.00904083251953],[26456,20.108381986618042],[107120,20.001988887786865],[63923,20.062363147735596],[56063,20.073394060134888],[46145,20.020562171936035],[33390,20.086663007736206],[22581,20.040491819381714],[102845,20.022202968597412],[71455,20.073487043380737],[62454,20.075649976730347],[45983,20.016937971115112],[33182,20.052698135375977],[22573,20.038898944854736],[108484,20.048102855682373],[69513,20.07059907913208],[58549,20.031280994415283],[45195,20.071923971176147],[27870,20.02547788619995],[19232,20.142236948013306],[104050,20.093482971191406],[70028,20.098019123077393],[63652,20.0220890045166],[45083,20.04849910736084],[30917,20.067423820495605],[22479,20.00676703453064],[150404,20.008311986923218],[97211,20.079062938690186],[90701,20.00973391532898],[61782,20.067744970321655],[42461,20.11698007583618],[31406,20.09836196899414],[159455,20.03549098968506],[103756,20.054388999938965],[85679,20.01038098335266],[62625,20.02784299850464],[42839,20.083016872406006],[30205,20.079663038253784],[152840,20.021667957305908],[98680,20.06250500679016],[79081,20.07398009300232],[64201,20.048112154006958],[44062,20.048770904541016],[26419,20.05150580406189],[148825,20.021878004074097],[100969,20.031304836273193],[89865,20.0831561088562],[65645,20.0547091960907],[44571,20.072253942489624],[30650,20.031306982040405],[146243,20.033910036087036],[101792,20.054177045822144],[84155,20.00642204284668],[62265,20.00908589363098],[44421,20.099586963653564],[29426,20.01506996154785]],"Rao2 top5 bottom5 fast local search":[[61516,20.0342960357666],[32369,20.048645973205566],[29117,20.05949592590332],[27546,20.040438890457153],[18366,20.010703086853027],[14341,20.057265043258667],[58938,20.02186393737793],[36093,20.004334926605225],[32095,20.019361972808838],[25784,20.045408964157104],[19726,20.006229877471924],[16258,20.018681049346924],[59438,20.042298078536987],[38145,20.055479049682617],[34095,20.038570880889893],[27500,20.03636407852173],[19404,20.04364585876465],[17423,20.055436849594116],[55351,20.015321969985962],[34020,20.029294967651367],[29338,20.069242000579834],[26326,20.043967962265015],[16202,20.083220958709717],[14609,20.02155900001526],[60496,20.035786867141724],[32933,20.037150859832764],[29139,20.005203008651733],[26163,20.044739961624146],[18338,20.0206139087677],[15700,20.028093099594116],[99852,20.01308584213257],[70189,20.10801100730896],[62560,20.037593126296997],[50808,20.04800295829773],[36772,20.002535104751587],[27789,20.12747597694397],[106822,20.023021936416626],[66299,20.07354211807251],[56669,20.05558180809021],[46357,20.062283039093018],[36903,20.054924964904785],[32005,20.032196044921875],[105237,20.03434109687805],[72863,20.018998861312866],[63532,20.062853813171387],[46751,20.04780912399292],[33647,20.044270992279053],[23592,20.024667024612427],[110764,20.013638019561768],[71577,20.006523847579956],[59100,20.089262008666992],[47168,20.02888512611389],[31223,20.024077892303467],[23562,20.081548929214478],[107464,20.029066801071167],[70078,20.09202003479004],[65998,20.100876092910767],[46651,20.043009996414185],[35919,20.06477689743042],[27063,20.107367992401123],[156501,20.001244068145752],[99043,20.04548406600952],[91809,20.049510955810547],[63621,20.010679960250854],[47450,20.081614017486572],[33516,20.002974033355713],[163636,20.04037594795227],[105661,20.01066780090332],[87160,20.04891800880432],[63959,20.059452056884766],[44594,20.027246952056885],[32246,20.040194034576416],[153355,20.05398392677307],[100655,20.02600407600403],[79460,20.070531845092773],[66772,20.019538164138794],[47747,20.03858208656311],[32488,20.045248985290527],[155134,20.02372097969055],[106042,20.010040998458862],[90815,20.01817011833191],[69471,20.035603046417236],[47962,20.053359985351562],[34827,20.02741312980652],[150077,20.011404037475586],[103396,20.01609492301941],[85617,20.098217010498047],[66548,20.021353006362915],[45854,20.043793201446533],[31884,20.055824995040894]],"Rao2 top1 bottom1 no local search":[[47725,20.00108003616333],[-24469,20.000465154647827],[-54515,20.00107717514038],[15796,20.001111030578613],[-17310,20.00118088722229],[-63974,20.001595973968506],[47274,20.00073003768921],[-21165,20.000962018966675],[-64323,20.000575065612793],[18107,20.001033067703247],[-30996,20.001089096069336],[-60809,20.00149416923523],[41487,20.00077199935913],[-24332,20.000744104385376],[-41582,20.00224208831787],[18660,20.000991106033325],[-29100,20.001187801361084],[-50385,20.00359797477722],[47426,20.00041389465332],[-22711,20.00066304206848],[-63618,20.00125813484192],[16786,20.00088095664978],[-20439,20.000618934631348],[-54925,20.00026512145996],[43876,20.000075101852417],[-15685,20.00046396255493],[-61879,20.000502109527588],[17354,20.000131845474243],[-27560,20.000520944595337],[-48851,20.001027822494507],[85814,20.0005099773407],[-30652,20.00078582763672],[-39536,20.000547885894775],[30185,20.000504970550537],[-30105,20.00014591217041],[-65124,20.001532077789307],[87240,20.00061798095703],[-25071,20.00153088569641],[-69264,20.001054048538208],[35030,20.001054048538208],[-32522,20.001172065734863],[-55612,20.00096297264099],[88015,20.000727891921997],[-27800,20.000021934509277],[-61790,20.000675916671753],[34747,20.00211215019226],[-32149,20.003127098083496],[-68025,20.00074791908264],[93331,20.001741886138916],[-20857,20.001039028167725],[-49416,20.00196409225464],[35338,20.000993967056274],[-32785,20.00149893760681],[-74856,20.001922845840454],[87223,20.00020408630371],[-21050,20.001021146774292],[-55190,20.000627994537354],[36269,20.001294136047363],[-26989,20.000396013259888],[-54591,20.001174926757812],[143064,20.000144004821777],[-23668,20.00168204307556],[-48349,20.000977993011475],[51855,20.000269174575806],[-27242,20.00126814842224],[-33106,20.0009548664093],[143788,20.00058603286743],[-29303,20.00024104118347],[-52634,20.000244855880737],[-34,20.001214027404785],[-23307,20.000102996826172],[-43425,20.000547170639038],[143024,20.000386953353882],[-30285,20.000328063964844],[-65348,20.00042700767517],[53685,20.00162100791931],[-26948,20.00291609764099],[-64628,20.001527070999146],[145665,20.00079107284546],[-33691,20.002756118774414],[-53305,20.000025987625122],[58072,20.000937938690186],[-29688,20.001505136489868],[-49386,20.001261949539185],[136778,20.00080394744873],[-35416,20.000531911849976],[-64379,20.00156593322754],[54673,20.000735998153687],[-19578,20.00128698348999],[-59367,20.0029239654541]],