{"TLBO":[[30906,15.040678977966309],[28215,15.120273113250732],[21632,15.06334400177002],[10640,15.03638505935669],[10173,15.033409118652344],[10105,15.00425386428833],[27434,15.034328937530518],[26157,15.076119899749756],[26280,15.07751202583313],[11303,15.05213212966919],[10987,15.080926895141602],[10422,15.087054014205933],[30052,15.012013912200928],[23484,15.13015103340149],[20628,15.050740003585815],[10084,15.041759014129639],[10008,15.141294956207275],[9957,15.057761907577515],[30581,15.03752088546753],[27271,15.01802110671997],[21406,15.14398193359375],[10739,15.06794810295105],[10487,15.076591968536377],[9827,15.01984190940857],[33506,15.12405800819397],[30593,15.062487840652466],[24980,15.005254030227661],[10779,15.006309986114502],[10522,15.02652096748352],[9695,15.0117769241333],[51809,15.168974876403809],[44294,15.135455131530762],[40093,15.13713002204895],[18360,15.002082824707031],[17309,15.001713037490845],[15457,15.188325881958008],[53017,15.199207067489624],[47645,15.070949077606201],[37888,15.001230001449585],[18126,15.030036926269531],[16717,15.073683023452759],[15668,15.004407167434692],[54025,15.148561954498291],[48750,15.162287950515747],[38221,15.013864040374756],[17554,15.015955924987793],[16244,15.22304391860962],[15712,15.149872064590454],[54169,15.090027809143066],[48480,15.050364971160889],[37110,15.192058086395264],[18167,15.004839181900024],[17008,15.04245114326477],[16022,15.152793884277344],[54186,15.169332027435303],[49291,15.050687074661255],[38616,15.197829961776733],[17358,15.091053009033203],[17002,15.078827142715454],[15129,15.092445850372314],[78718,15.180778980255127],[64443,15.011436223983765],[52525,15.003062009811401],[23128,15.107025146484375],[21417,15.306895017623901],[18441,15.08814811706543],[75809,15.001842975616455],[59881,15.207200050354004],[54759,15.066995859146118],[23871,15.204080820083618],[22625,15.166654109954834],[18263,15.167367935180664],[72965,15.02530288696289],[70428,15.077454090118408],[57360,15.089032888412476],[23309,15.139834880828857],[21816,15.103239059448242],[18029,15.159570932388306],[80685,15.010021924972534],[67051,15.154020071029663],[66722,15.245865106582642],[23831,15.203505039215088],[22924,15.210304975509644],[19242,15.22268795967102],[68685,15.219096899032593],[62642,15.026703834533691],[53318,15.02534008026123],[21455,15.194164037704468],[19494,15.179496049880981],[17176,15.152726888656616]],"CAC 2 parents fast local search":[[30820,15.192569971084595],[28330,15.000668048858643],[21740,15.004960060119629],[10688,15.003582000732422],[10277,15.003405094146729],[10144,15.003631830215454],[27528,15.00213098526001],[26386,15.00582504272461],[26280,15.000200986862183],[11255,15.003211975097656],[11114,15.001152992248535],[10625,15.000508785247803],[30132,15.000677108764648],[23484,15.00316309928894],[20628,15.005637168884277],[10328,15.001621007919312],[10008,15.000617980957031],[10070,15.001961946487427],[30581,15.003629922866821],[27298,15.00192904472351],[21526,15.005309820175171],[10767,15.00296401977539],[10559,15.002547025680542],[9908,15.005779027938843],[33594,15.000488042831421],[30632,15.00002908706665],[25074,15.003505945205688],[10738,15.000874042510986],[10522,15.00241208076477],[9791,15.004322052001953],[51832,15.00600290298462],[44565,15.001593112945557],[40327,15.004693984985352],[18488,15.00038194656372],[17537,15.001492023468018],[15578,15.001029014587402],[53347,15.002466917037964],[47837,15.002408981323242],[38007,15.000769138336182],[18216,15.005290985107422],[16999,15.002876043319702],[15986,15.004863977432251],[54251,15.000089168548584],[48750,15.001290798187256],[38229,15.001247882843018],[17697,15.001932859420776],[16374,15.00023889541626],[15741,15.00051498413086],[54331,15.00061583518982],[48744,15.003122091293335],[37255,15.003432989120483],[18385,15.005319118499756],[17272,15.004132986068726],[15980,15.004199981689453],[54370,15.001179933547974],[49375,15.000922918319702],[38722,15.00270414352417],[17453,15.002005100250244],[17027,15.000964164733887],[15362,15.000327110290527],[78877,15.001934051513672],[64515,15.000802993774414],[52525,15.004354000091553],[23268,15.000502109527588],[21562,15.00430703163147],[18542,15.002822875976562],[76112,15.00058102607727],[59959,15.002020120620728],[54806,15.003458976745605],[23930,15.001598834991455],[22625,15.000991106033325],[18431,15.003463983535767],[73143,15.00149917602539],[70638,15.00248408317566],[57522,15.000864028930664],[23358,15.000715970993042],[21827,15.000128030776978],[18029,15.002558946609497],[80812,15.000612020492554],[67147,15.000938892364502],[66793,15.000306844711304],[23871,15.001996994018555],[22996,15.001715898513794],[19397,15.001809120178223],[68825,15.00561785697937],[62683,15.001642942428589],[53350,15.000860214233398],[21540,15.002685070037842],[19614,15.002681970596313],[17346,15.004364967346191]],"LBO fast local search":[[30899,15.14654803276062],[28384,15.000760078430176],[21740,15.002649068832397],[10688,15.005126953125],[10238,15.004020929336548],[10263,15.003038167953491],[27528,15.003165006637573],[26386,15.000661134719849],[26275,15.00351881980896],[11303,15.002945899963379],[11114,15.002929925918579],[10625,15.003786087036133],[29938,15.00285005569458],[23484,15.003211975097656],[20628,15.00217604637146],[10328,15.000986099243164],[10008,15.004337072372437],[10119,15.002084016799927],[30581,15.002679109573364],[27374,15.000728130340576],[21547,15.002347946166992],[10767,15.000054121017456],[10559,15.001729011535645],[9907,15.005706787109375],[33590,15.00283408164978],[30608,15.01093602180481],[25067,15.0033860206604],[10779,15.00213885307312],[10547,15.001796007156372],[9791,15.00459885597229],[51834,15.001552104949951],[44674,15.006345987319946],[40327,15.000971794128418],[18488,15.00134801864624],[17537,15.00308084487915],[15578,15.000262975692749],[53347,15.002726078033447],[47809,15.001276969909668],[38007,15.001342058181763],[18216,15.000629901885986],[16963,15.001864910125732],[15882,15.00046706199646],[54251,15.003018856048584],[48755,15.000702142715454],[38292,15.00375509262085],[17697,15.005244016647339],[16411,15.00293779373169],[15741,15.00088095664978],[54252,15.003663063049316],[48681,15.001079082489014],[37254,15.00231409072876],[18302,15.002771854400635],[17187,15.003581047058105],[15980,15.001281976699829],[54458,15.001259088516235],[49375,15.001545906066895],[38735,15.000012874603271],[17454,15.004775047302246],[17109,15.0050208568573],[15297,15.003811836242676],[78775,15.001635074615479],[64688,15.000478982925415],[52525,15.002429962158203],[23176,15.000548124313354],[21562,15.000813007354736],[18645,15.002490043640137],[75888,15.001262187957764],[59951,15.000040054321289],[54759,15.00305700302124],[23930,15.001419067382812],[22625,15.002331972122192],[18431,15.004278182983398],[73143,15.00143814086914],[70588,15.003048181533813],[57511,15.000144004821777],[23358,15.002534866333008],[21839,15.002269983291626],[18029,15.001469850540161],[80993,15.003255844116211],[67121,15.000404119491577],[66833,15.003058195114136],[23871,15.001167058944702],[22996,15.001177072525024],[19402,15.001274108886719],[68825,15.003437995910645],[62683,15.001911163330078],[53367,15.002837896347046],[21588,15.001303911209106],[19614,15.005136013031006],[17346,15.0015230178833]],