{"LBO slow local search":[[30545,3.619523048400879],[28205,3.3623669147491455],[21588,1.4408948421478271],[10377,2.22576904296875],[10080,2.1684000492095947],[10210,3.008965015411377],[27282,3.3348090648651123],[26263,3.2949259281158447],[26275,3.5118000507354736],[11137,2.0361709594726562],[11008,2.0223710536956787],[10248,1.72194504737854],[30069,3.1472480297088623],[23310,2.850085973739624],[20628,2.793264150619507],[10247,2.6694369316101074],[9901,2.329989194869995],[10119,2.862492084503174],[30581,3.701653003692627],[27298,2.1627800464630127],[21310,2.637631893157959],[10537,2.0492990016937256],[10397,2.015092134475708],[9726,1.2234210968017578],[33389,2.271174907684326],[30536,2.2488198280334473],[24957,1.8790860176086426],[10576,2.2577860355377197],[10412,2.210014820098877],[9776,2.109499931335449],[51184,2.1174709796905518],[44433,3.6252520084381104],[40141,3.212610960006714],[18283,2.4371280670166016],[17470,4.184072971343994],[15591,3.263996124267578],[53246,3.4464218616485596],[47219,1.5193078517913818],[38007,3.657745122909546],[18209,3.426823139190674],[16856,3.0681750774383545],[15609,2.2247331142425537],[54096,4.432143211364746],[48629,3.511219024658203],[37981,1.9212121963500977],[17650,2.2134969234466553],[16185,2.5090770721435547],[15627,3.1457860469818115],[54152,4.533966064453125],[48568,6.636462926864624],[37183,2.4597790241241455],[18161,2.5936248302459717],[17072,3.5354061126708984],[16007,2.3095169067382812],[54161,3.748372793197632],[49373,4.9620349407196045],[38560,3.059899091720581],[17358,4.67262601852417],[16927,2.7732110023498535],[15303,6.234277009963989],[78775,2.4577078819274902],[64442,2.509298086166382],[52525,1.631160020828247],[23176,2.7710399627685547],[21406,1.8128368854522705],[18441,1.7895948886871338],[75857,2.810045003890991],[59907,2.003920793533325],[54614,1.2959418296813965],[23871,2.212369918823242],[22402,2.577760934829712],[18431,2.7739078998565674],[73115,3.3129770755767822],[70538,2.8670599460601807],[57484,2.719543933868408],[23309,1.8569538593292236],[21807,2.2469890117645264],[17945,1.8283231258392334],[80720,3.1991519927978516],[67095,1.758842945098877],[66734,3.2335691452026367],[23826,2.7179319858551025],[22813,1.9592618942260742],[19248,1.77944016456604],[68637,3.933849811553955],[62438,1.6200180053710938],[53347,2.093593120574951],[21534,2.671361207962036],[19456,1.8450350761413574],[17176,1.7807719707489014]],"TLBO":[[30794,6.6032819747924805],[28080,3.5464000701904297],[21630,3.7924141883850098],[10514,5.296432971954346],[10049,3.1951770782470703],[9950,2.1444311141967773],[27434,3.758350133895874],[26263,3.6169919967651367],[26280,4.537276983261108],[11183,4.3876471519470215],[10948,5.513369083404541],[10625,2.798363208770752],[30004,5.144316911697388],[23347,4.197512865066528],[20625,3.208343982696533],[10229,5.273643970489502],[9935,6.22899603843689],[10066,4.802505016326904],[30581,4.740699052810669],[27374,3.4757609367370605],[21333,4.644556999206543],[10639,3.9040069580078125],[10336,2.4589929580688477],[9793,2.527225971221924],[33343,2.5110180377960205],[30551,3.5239360332489014],[24980,3.9185519218444824],[10638,3.304744005203247],[10385,5.767059087753296],[9676,4.435811996459961],[51769,8.298335075378418],[44413,4.552953004837036],[40044,7.460471868515015],[18334,5.650317192077637],[17441,8.15130615234375],[15519,4.023008108139038],[53197,7.504224061965942],[47583,4.348226070404053],[37872,3.773289918899536],[18137,4.917557954788208],[16858,5.508723020553589],[15673,7.040520191192627],[53909,3.949075937271118],[48544,3.5084729194641113],[38229,4.985723972320557],[17662,6.434931039810181],[16201,5.4113569259643555],[15649,6.414045810699463],[54031,6.647396087646484],[48581,8.553793907165527],[37211,9.36733102798462],[18251,4.119208097457886],[17033,6.55790114402771],[15966,4.5622398853302],[54224,7.7544920444488525],[49253,6.7109808921813965],[38600,5.527729034423828],[17402,7.08207893371582],[16874,3.951448917388916],[15049,5.1459431648254395],[78686,6.104089975357056],[64473,3.9639689922332764],[52423,3.962636947631836],[23003,3.3043642044067383],[21435,3.8650259971618652],[18645,4.222954988479614],[75764,4.25230598449707],[59912,7.533550024032593],[54651,3.9916841983795166],[23824,5.887593030929565],[22449,3.5327281951904297],[18130,4.705673933029175],[72831,3.2200939655303955],[70638,7.0570969581604],[57477,11.062036991119385],[23348,5.517392158508301],[21839,6.309648036956787],[18029,4.699150085449219],[80703,5.714529991149902],[66968,3.746232032775879],[66742,4.970073938369751],[23778,7.4168479442596436],[22847,5.897268056869507],[19248,3.277841091156006],[68680,11.065922021865845],[62683,5.866249084472656],[53367,8.3820219039917],[21540,9.059529066085815],[19454,7.144675970077515],[17095,5.452001094818115]],"TBO top5 slow local search":[[30601,3.2523021697998047],[28056,3.9636940956115723],[21537,2.969560146331787],[10359,3.4319140911102295],[9811,1.694667100906372],[9915,2.99619197845459],[27216,2.4695491790771484],[25910,2.4560790061950684],[25788,1.8540430068969727],[10838,1.3707058429718018],[10820,2.0796139240264893],[10341,5.051908016204834],[29920,2.506481885910034],[23073,1.734496831893921],[20499,2.831697940826416],[9855,1.89711594581604],[9683,1.5556089878082275],[9760,2.684340000152588],[30465,2.3751559257507324],[27214,3.3967649936676025],[21154,2.0480148792266846],[10576,3.737975835800171],[10251,1.6897838115692139],[9715,1.2754168510437012],[33283,3.1094489097595215],[30353,2.7117409706115723],[24825,2.2041821479797363],[10672,4.114168882369995],[10658,3.3747358322143555],[9371,1.5183210372924805],[51673,4.697809934616089],[44019,4.283496141433716],[39669,3.090704917907715],[17928,1.8916709423065186],[17069,1.8408608436584473],[15156,2.0364279747009277],[53009,4.561744928359985],[47252,4.598200082778931],[37817,4.076398134231567],[18016,5.329397916793823],[16685,3.0523500442504883],[15461,4.147159099578857],[53745,4.270904064178467],[48283,3.4343369007110596],[38109,6.585484981536865],[17001,1.682384967803955],[15870,2.9265949726104736],[15325,4.387773036956787],[53697,2.62420392036438],[48271,2.4327199459075928],[36952,2.6292309761047363],[17952,4.4385528564453125],[16765,1.9786391258239746],[15463,2.6421000957489014],[53920,3.129678964614868],[49195,5.6256489753723145],[38426,4.491617918014526],[16942,2.6178250312805176],[16620,2.4087038040161133],[15158,4.2335288524627686],[78299,5.898370027542114],[64267,2.6381030082702637],[52239,2.4669759273529053],[22905,3.402873992919922],[21233,2.6919100284576416],[18186,2.5487778186798096],[75112,2.2430450916290283],[59625,3.6657040119171143],[54605,7.418174982070923],[23515,1.4494209289550781],[22359,3.0821831226348877],[18137,6.268232107162476],[72228,3.828326940536499],[70246,3.132840871810913],[57170,3.2790911197662354],[23023,3.7902679443359375],[21471,2.332214117050171],[17966,5.422257900238037],[80359,3.7981810569763184],[66971,5.058081865310669],[66449,5.2547149658203125],[23562,1.526780128479004],[22581,2.2587709426879883],[19211,1.8177549839019775],[68567,6.563359022140503],[62248,4.797224998474121],[53149,2.3148579597473145],[21317,3.5176751613616943],[19157,3.7518370151519775],[16781,3.1206278800964355]],