{"LBO slow local search":[[82481,15.075721025466919],[76787,15.936196088790894],[67109,16.914607048034668],[27404,15.440883874893188],[25615,15.780558824539185],[26244,15.960302829742432],[74320,15.656376838684082],[73882,16.00927996635437],[59813,16.1443190574646],[27537,15.509652853012085],[26097,15.083570003509521],[26028,15.350899934768677],[79242,15.137580871582031],[69427,15.241050004959106],[61405,15.990904092788696],[27383,15.214758157730103],[26356,15.900766849517822],[25559,15.852937936782837],[79548,16.038821935653687],[79193,15.476505994796753],[65750,15.841344118118286],[27270,15.160818099975586],[25244,15.802737951278687],[25110,15.454159021377563],[79215,15.18539309501648],[69467,15.031898975372314],[61550,16.112313985824585],[28287,15.240076065063477],[26562,15.019638061523438],[25386,15.89863109588623],[149792,15.286355018615723],[128257,16.38461184501648],[126626,16.09882616996765],[47467,16.099992990493774],[43781,15.849694013595581],[39997,15.766300916671753],[135388,16.12039089202881],[129171,16.243732929229736],[118521,16.687196016311646],[46772,15.572843074798584],[43813,16.371036052703857],[40435,16.180258989334106],[140502,15.00253701210022],[131261,15.118986129760742],[101379,15.630520820617676],[46935,15.946659803390503],[42552,16.45974898338318],[41579,16.50453019142151],[135641,15.112063884735107],[116421,16.108139038085938],[106849,15.113653182983398],[46561,15.344610929489136],[42699,16.33481502532959],[39408,15.195196151733398],[132713,15.695212125778198],[126255,15.08174204826355],[113012,16.007285118103027],[48057,15.702847957611084],[44813,15.715281009674072],[42518,15.519747018814087],[218398,15.246920824050903],[193537,15.56450605392456],[161194,15.49193286895752],[60198,14.21216607093811],[53544,15.241290092468262],[47546,15.276510000228882],[197883,15.673774003982544],[164155,15.792109966278076],[173808,15.501732110977173],[60640,15.157469987869263],[55243,15.24597692489624],[46743,12.952944993972778],[221501,15.320258855819702],[185850,15.979454040527344],[150004,15.095700979232788],[62171,15.617058038711548],[56729,15.046473979949951],[50010,15.673357963562012],[188445,15.905899047851562],[170132,15.867632865905762],[149602,15.946093082427979],[60379,13.258069038391113],[55133,15.039275169372559],[46695,15.120366096496582],[196876,15.813078165054321],[184908,15.49582314491272],[153584,15.467382192611694],[58727,15.684190034866333],[53957,15.954892873764038],[46968,15.661648035049438]],"TLBO":[[84278,15.1366708278656],[77814,16.02002716064453],[67226,16.56071400642395],[27778,15.611050128936768],[25809,15.279962062835693],[26066,15.937586069107056],[76037,15.480437994003296],[74146,16.079832077026367],[59922,15.287058115005493],[28427,15.913915157318115],[25662,15.793764114379883],[25233,15.468554019927979],[80344,15.334475040435791],[69830,15.258673906326294],[61498,15.65153980255127],[27221,16.25777006149292],[26308,15.588274955749512],[25143,16.804213047027588],[80479,16.0939679145813],[79366,15.72685980796814],[65848,15.626135110855103],[27047,15.813908100128174],[25171,15.079174041748047],[24653,15.591359853744507],[80105,15.278783798217773],[70040,15.442750930786133],[61383,15.460545063018799],[28364,16.347463130950928],[26630,15.501521825790405],[24861,15.453371047973633],[150999,16.199908018112183],[129246,16.688196897506714],[126868,16.92233109474182],[47307,17.361634016036987],[43060,16.564307928085327],[39346,18.517891883850098],[136442,15.541347980499268],[129882,15.993712902069092],[118637,16.937525987625122],[46589,16.257603883743286],[43770,15.532768964767456],[40373,16.733516931533813],[142404,15.073765993118286],[133184,15.587666988372803],[101758,15.473560094833374],[46569,15.493760108947754],[41965,16.131054162979126],[41108,15.762617111206055],[137113,15.948425054550171],[118692,15.94977593421936],[107120,16.559152841567993],[46545,16.851343870162964],[42025,16.768342971801758],[39269,17.227499961853027],[135153,15.19078516960144],[127372,17.107792139053345],[113408,16.26737403869629],[47792,15.225158929824829],[44320,15.264878988265991],[41911,17.599180936813354],[219259,15.367666959762573],[193398,15.319950819015503],[161188,15.846270084381104],[59956,15.142833948135376],[53036,15.251308917999268],[47236,15.871304988861084],[197966,15.311299085617065],[164363,15.58063292503357],[173939,15.85949993133545],[60654,16.34385585784912],[54993,15.800456047058105],[46353,15.313707828521729],[222888,16.212848901748657],[185747,15.171931982040405],[149952,15.05331301689148],[61991,15.942484855651855],[56549,16.024160861968994],[49895,15.988342046737671],[188551,15.478092908859253],[169814,15.457780122756958],[149329,15.279425144195557],[60433,15.900260925292969],[55008,16.485126972198486],[46473,15.225401878356934],[196805,15.931024074554443],[184939,16.56979990005493],[153660,15.695365905761719],[58669,16.46200680732727],[53510,15.667659044265747],[46675,15.025171995162964]],"TBO top5 slow local search":[[84270,15.053977012634277],[77406,15.229533910751343],[67213,15.07699990272522],[27236,15.849544048309326],[25509,16.15236186981201],[25617,17.268755197525024],[75899,16.04920482635498],[73805,15.526151895523071],[59275,15.831178903579712],[27893,15.656605005264282],[25129,15.160362958908081],[24912,15.47034502029419],[80205,16.683032989501953],[69743,16.836881160736084],[61014,17.073983907699585],[26659,16.638719081878662],[25984,16.896220922470093],[24713,16.766945123672485],[80433,16.20197296142578],[79172,15.815721988677979],[64921,16.964129209518433],[26708,16.968080043792725],[24485,17.540897846221924],[24195,16.63055396080017],[80124,15.940376043319702],[69653,16.56899881362915],[61194,15.187506914138794],[27839,15.59647512435913],[26404,16.892951011657715],[24484,17.236557960510254],[150976,16.846179008483887],[129416,16.600202798843384],[126116,17.41693115234375],[46677,17.074143886566162],[42436,16.867266178131104],[39274,17.44205904006958],[136282,17.147862195968628],[130223,16.49870800971985],[118488,16.67308521270752],[46118,17.441389083862305],[43247,15.438691139221191],[40416,15.483882904052734],[141999,18.343063831329346],[132948,16.433797121047974],[101614,17.800652027130127],[46136,17.844036102294922],[41493,16.96308207511902],[40641,17.11387610435486],[137213,16.799242973327637],[118549,15.456637144088745],[107079,16.529474020004272],[46146,16.55760097503662],[41617,17.38904309272766],[38141,18.45536708831787],[134404,16.367969036102295],[126794,16.105063915252686],[112910,16.833521842956543],[47460,17.214149951934814],[43982,16.877774000167847],[41771,16.715337991714478],[219149,16.746998071670532],[192978,15.673591136932373],[160608,15.787713050842285],[59768,15.201725959777832],[52250,16.273165941238403],[47001,16.830660104751587],[197678,15.97148609161377],[164185,15.112186193466187],[173631,15.22490382194519],[60002,16.52738308906555],[54499,15.736183881759644],[46181,17.081121921539307],[222985,15.505959033966064],[185397,15.3020498752594],[149635,16.548943996429443],[61327,12.436158180236816],[56238,15.75539493560791],[49582,16.48285698890686],[188015,15.419832944869995],[169692,15.582996129989624],[149081,15.228703022003174],[59959,13.850774049758911],[54500,16.65991997718811],[46235,15.989665031433105],[196632,16.35999321937561],[184992,16.201465129852295],[153447,16.928664207458496],[58245,16.025256872177124],[53119,16.20227599143982],[46213,16.107272148132324]],