{"TLBO":[[84381,15.803804874420166],[77359,16.593316078186035],[66702,16.1132230758667],[27639,15.909271001815796],[25652,15.173418045043945],[25708,16.183393001556396],[75916,15.741233110427856],[73870,15.314222812652588],[59624,16.01348900794983],[28073,15.036011934280396],[25262,16.408842086791992],[24880,17.168580055236816],[80361,15.384307146072388],[70080,16.786164045333862],[61252,16.340656042099],[26717,15.805217981338501],[25993,15.959654092788696],[24843,15.712532997131348],[80276,15.46853494644165],[79211,15.977086067199707],[65380,16.42190408706665],[26402,16.351293087005615],[24919,16.435539960861206],[24412,16.725076913833618],[79789,15.43002200126648],[69711,17.098947048187256],[61259,15.677752017974854],[27611,15.339807987213135],[26255,15.110776901245117],[24178,15.919572114944458],[150930,16.038578987121582],[129531,17.062090158462524],[126649,15.429641008377075],[46491,17.780475854873657],[42394,15.374430894851685],[38847,16.725917100906372],[135899,16.503501892089844],[129958,15.714061975479126],[118599,17.66617512702942],[46337,16.690123081207275],[43097,15.488590955734253],[40088,17.348960876464844],[142382,16.318570852279663],[132676,16.175034046173096],[101877,17.489486932754517],[46300,17.013280868530273],[41790,15.3557870388031],[40270,16.08751106262207],[137382,17.16068410873413],[118636,16.622782945632935],[106850,15.681745052337646],[46585,15.209768056869507],[41280,17.257179975509644],[38201,15.995707035064697],[135081,17.5053391456604],[126786,17.041087865829468],[112812,16.43818497657776],[47621,16.634666919708252],[43940,15.819397926330566],[41315,16.42667508125305],[219120,15.575078010559082],[193120,15.59999394416809],[161015,15.691557884216309],[59528,16.462125062942505],[52682,15.125022888183594],[47380,16.14068603515625],[198197,16.107517957687378],[163808,15.189927101135254],[173695,15.261699914932251],[60245,16.31712317466736],[54316,16.102513074874878],[46483,16.648727893829346],[222549,16.027440071105957],[185436,15.010147094726562],[149797,16.232901096343994],[61901,15.549062967300415],[55953,16.374330043792725],[49540,16.46681809425354],[188750,15.8786780834198],[169716,15.801554918289185],[149218,15.576919078826904],[60215,15.826620817184448],[54429,15.880110025405884],[46425,16.44928503036499],[196550,15.995711088180542],[184838,16.86397385597229],[153536,16.943342924118042],[58336,16.649302005767822],[53243,15.76599907875061],[46279,15.167450904846191]],"CAC 2 parents fast local search":[[85181,15.00217890739441],[78290,15.005551099777222],[67968,15.004246950149536],[28558,15.006569147109985],[26481,15.012434005737305],[26694,15.004004955291748],[76543,15.00656795501709],[74928,15.00075101852417],[60678,15.006911993026733],[28844,15.00222396850586],[26721,15.005289077758789],[26351,15.002249002456665],[81203,15.001819849014282],[70709,15.000420093536377],[62003,15.005923986434937],[28118,15.00432801246643],[27145,15.007190942764282],[26382,15.00448989868164],[81453,15.002095937728882],[80087,15.008965015411377],[66412,15.000570058822632],[27780,15.001390933990479],[26004,15.000844955444336],[25507,15.010797023773193],[81236,15.003885984420776],[70763,15.004565000534058],[61875,15.005071878433228],[28945,15.010179996490479],[27089,15.003814935684204],[25841,15.008843183517456],[152250,15.004720211029053],[130710,15.005244016647339],[127780,15.002681970596313],[48332,15.002270936965942],[44281,15.000953912734985],[40970,15.003622055053711],[137156,15.007404088973999],[130873,15.005280017852783],[119763,15.005836009979248],[47620,15.006814002990723],[44528,15.005446910858154],[41466,15.005481004714966],[143973,15.003254890441895],[134057,15.00545883178711],[102782,15.00723910331726],[47615,15.000384092330933],[43398,15.009936094284058],[42127,15.004785060882568],[138420,15.003643035888672],[119492,15.00897479057312],[107921,15.006642818450928],[47801,15.002640962600708],[43229,15.005826950073242],[40613,15.004791021347046],[136055,15.00324296951294],[128320,15.004171133041382],[114271,15.006865978240967],[48965,15.001022100448608],[45529,15.001423120498657],[43110,15.004548072814941],[220199,15.009105920791626],[193986,15.001038074493408],[162035,15.007192134857178],[60502,15.004487991333008],[54030,15.008295059204102],[48149,15.006494045257568],[199141,15.0032479763031],[165117,15.006282091140747],[174685,15.000560998916626],[61218,15.009789943695068],[55708,15.000939130783081],[47439,15.002305030822754],[223677,15.004244089126587],[186241,15.007887125015259],[150451,15.001600980758667],[62517,15.000801086425781],[57191,15.003308773040771],[50383,15.004472970962524],[189498,15.006968975067139],[170918,15.011238813400269],[150033,15.003029108047485],[61058,15.010629892349243],[55684,15.016876935958862],[47287,15.009714126586914],[197730,15.001035928726196],[185837,15.00445294380188],[154173,15.000990867614746],[58948,15.003131866455078],[54392,15.003826141357422],[47438,15.009224891662598]],"LBO fast local search":[[85217,15.008785009384155],[78232,15.012378931045532],[68025,15.003826141357422],[28506,15.004503011703491],[26521,15.005935907363892],[26719,15.01277208328247],[76584,15.011327981948853],[74947,15.006408929824829],[60614,15.015058994293213],[28884,15.001718044281006],[26691,15.009721994400024],[26396,15.002331972122192],[81294,15.011319875717163],[70793,15.010245084762573],[62002,15.00983214378357],[28060,15.007644891738892],[27274,15.001132011413574],[26191,15.004213094711304],[81504,15.007524967193604],[80114,15.01279091835022],[66476,15.005452871322632],[27810,15.004441976547241],[25946,15.002789974212646],[25500,15.012357950210571],[81211,15.00853705406189],[70710,15.008608102798462],[61875,15.011400938034058],[28950,15.009685039520264],[27269,15.007827997207642],[25934,15.008245944976807],[152290,15.005339860916138],[130728,15.01197099685669],[127887,15.001539945602417],[48167,15.006075143814087],[44175,15.004462957382202],[40931,15.010970115661621],[137132,15.000511884689331],[130761,15.006716966629028],[119726,15.006731986999512],[47546,15.008426904678345],[44563,15.0033118724823],[41456,15.00122594833374],[143965,15.006107807159424],[134081,15.004226922988892],[102674,15.002087116241455],[47629,15.001503944396973],[43421,15.000597953796387],[42119,15.001260995864868],[138228,15.007898807525635],[119450,15.009176015853882],[107931,15.004024982452393],[47777,15.000241041183472],[43281,15.007779836654663],[40711,15.010676860809326],[136212,15.001084089279175],[128369,15.00656008720398],[114223,15.004809141159058],[48844,15.005137920379639],[45497,15.008611917495728],[43091,15.000746011734009],[220169,15.003381967544556],[193864,15.011917114257812],[161858,15.00100302696228],[60538,15.005409955978394],[54024,15.003428936004639],[47955,15.006958961486816],[199058,15.001893997192383],[165059,15.004112005233765],[174507,15.007275104522705],[61217,15.006056070327759],[55671,15.001421928405762],[47422,15.010197162628174],[223692,15.002119064331055],[186265,15.004441022872925],[150479,15.011268138885498],[62550,15.003453969955444],[57204,15.009335041046143],[50417,15.003139019012451],[189506,15.005784034729004],[170849,15.01293396949768],[150010,15.001476049423218],[60879,15.002175092697144],[55670,15.005620956420898],[47201,15.004981994628906],[197839,15.011817932128906],[185757,15.0089271068573],[154266,15.007853984832764],[58978,15.00418496131897],[54426,15.00216817855835],[47441,15.001029968261719]],