{"LBO slow local search":[[150164,17.702944040298462],[132632,18.228677988052368],[131243,26.23407793045044],[53338,15.792611122131348],[51143,17.042716026306152],[48864,22.11884617805481],[156474,22.153234004974365],[147314,21.679590940475464],[137724,21.483052015304565],[54442,16.228963136672974],[50629,17.58759379386902],[48312,20.57047200202942],[155647,21.03722906112671],[149107,21.236480951309204],[128329,22.198200941085815],[56479,15.419870853424072],[52503,17.247102975845337],[52903,19.297011852264404],[153592,16.5046489238739],[150114,20.9338800907135],[125756,24.168020963668823],[54861,18.05301809310913],[51793,18.061613082885742],[52703,20.537811040878296],[153459,18.444452047348022],[144487,17.75067400932312],[123821,23.459608793258667],[55232,16.4814031124115],[51630,17.92815899848938],[50818,21.510501861572266],[281917,15.841983079910278],[245516,17.563443899154663],[201555,15.460964918136597],[94059,19.49004292488098],[86412,20.524011850357056],[80106,22.806838989257812],[292477,19.93521022796631],[261070,17.715479135513306],[220986,16.775727033615112],[95640,15.640664100646973],[86997,18.074066162109375],[83781,22.65325689315796],[280420,19.617502212524414],[291541,19.807225227355957],[220238,17.117852926254272],[95281,17.90296506881714],[87676,16.4049711227417],[82087,21.903881072998047],[289228,19.662424087524414],[265784,21.465274810791016],[216898,23.586125135421753],[94401,16.385445833206177],[87459,16.340453147888184],[83196,18.554769039154053],[301013,17.38306999206543],[279989,18.524688959121704],[231852,22.434372901916504],[94646,15.219477891921997],[86807,21.374385118484497],[82115,20.342537879943848],[403624,17.596144914627075],[355048,19.532060861587524],[303948,23.070894956588745],[121404,15.930262088775635],[109218,21.531569004058838],[94901,19.639718055725098],[420091,22.488916873931885],[357787,20.639406204223633],[295161,25.484894037246704],[123771,16.27140212059021],[111918,19.753763914108276],[96075,20.026503086090088],[394631,20.19750714302063],[407684,21.442262887954712],[341487,15.393337965011597],[123315,18.281994104385376],[110499,20.288389921188354],[95626,20.478638887405396],[419925,18.28754496574402],[340015,24.08786106109619],[311284,15.17755913734436],[123079,17.23715305328369],[113440,22.610541820526123],[95787,19.63839292526245],[378495,19.98700976371765],[378738,21.04073214530945],[308937,27.632237195968628],[123651,15.197035789489746],[110382,19.437947034835815],[96987,20.85562300682068]],"TLBO":[[161248,20.93017292022705],[139639,28.32868218421936],[134281,36.9219069480896],[54281,17.725528955459595],[52014,23.808774948120117],[48187,24.955869913101196],[158775,18.63449716567993],[156015,27.827716827392578],[142671,34.361550092697144],[55437,18.66863203048706],[50266,24.00326704978943],[48639,24.929816007614136],[162939,27.107610940933228],[159844,30.584980964660645],[132432,38.37729477882385],[57458,17.332184076309204],[52634,22.67489194869995],[52664,22.107105016708374],[163112,21.30695414543152],[157305,33.08103895187378],[128115,35.45905303955078],[55754,19.777101039886475],[51836,24.254591941833496],[52854,28.118881940841675],[161129,19.190543174743652],[154132,33.898998975753784],[128507,37.63631200790405],[56098,15.731062889099121],[51912,22.338143825531006],[49639,25.868328094482422],[295920,19.34599018096924],[252875,28.45196008682251],[204747,40.71918201446533],[94171,15.016233921051025],[86228,25.862035036087036],[78505,29.843528032302856],[303358,17.51776909828186],[268363,27.504460096359253],[222174,39.0649950504303],[96053,19.815778970718384],[85875,22.374313831329346],[83598,26.42992401123047],[288327,17.99377703666687],[299087,28.8626868724823],[222962,38.073845863342285],[95112,15.401054859161377],[87821,22.62454390525818],[81303,25.331172943115234],[296420,17.864886045455933],[275679,34.70661187171936],[218919,36.66637706756592],[95058,19.124117136001587],[87353,23.15375304222107],[82888,19.18713688850403],[308224,19.430952072143555],[287323,28.720703840255737],[233861,33.41482400894165],[94869,16.56353998184204],[86361,23.23974299430847],[81547,23.427065134048462],[407936,17.507156133651733],[359651,23.4118549823761],[305166,30.69063901901245],[121336,16.573461055755615],[108084,22.38520908355713],[94430,18.977565050125122],[427245,19.59690284729004],[361273,28.148044109344482],[293717,28.24437689781189],[122995,21.7833149433136],[111322,20.5838520526886],[95047,19.524818897247314],[398506,18.998484134674072],[412603,25.308266162872314],[344780,32.834721088409424],[123081,18.45170307159424],[109402,20.828163146972656],[95199,19.541924953460693],[425131,19.91987681388855],[344656,28.036473035812378],[313406,32.42932391166687],[122402,16.87076711654663],[111834,21.730100870132446],[94688,19.121657848358154],[384886,18.01206612586975],[382665,22.389217138290405],[308957,31.192464113235474],[123095,15.971390962600708],[110122,20.18509006500244],[95317,19.451157808303833]],"TBO top5 slow local search":[[159212,21.18231701850891],[138504,30.23391079902649],[134547,38.18097805976868],[54511,21.695863008499146],[51778,22.083904027938843],[48688,26.403006076812744],[162765,21.888614892959595],[153906,26.78397488594055],[142593,33.6556510925293],[55944,19.75729203224182],[50448,23.423528909683228],[47936,26.18103003501892],[161752,25.94074010848999],[160408,33.15027689933777],[132253,36.36539816856384],[56963,18.807162046432495],[52447,22.9252610206604],[52659,23.683706045150757],[163800,21.7099130153656],[157932,36.81537413597107],[127733,36.92965388298035],[55700,19.197978019714355],[52770,23.37852120399475],[53700,25.43726396560669],[160963,22.538044929504395],[153551,32.83899903297424],[128250,35.95695614814758],[56514,18.063706874847412],[52099,22.47197699546814],[49616,28.409451007843018],[293009,19.190489053726196],[251673,28.81723403930664],[205075,43.49653196334839],[94333,29.362705945968628],[86054,26.3781840801239],[78811,28.023648023605347],[303538,17.153948068618774],[268388,27.525799036026],[222534,40.72077703475952],[95559,18.22239589691162],[85647,22.964779138565063],[82737,28.11575198173523],[289215,17.605826139450073],[298684,28.0324490070343],[222339,37.20435190200806],[95652,28.81855797767639],[88243,20.93930196762085],[81044,24.099466800689697],[298370,17.83162498474121],[275354,27.61421012878418],[219098,36.817678928375244],[95036,19.564128160476685],[86559,21.838615894317627],[82031,19.822731971740723],[310357,16.446159839630127],[287424,33.50594997406006],[234300,35.87383794784546],[94605,18.230731964111328],[86775,21.20079207420349],[80775,22.151732206344604],[408282,19.951958894729614],[360054,24.330995082855225],[304929,31.408793926239014],[120923,16.284672021865845],[107734,20.827003002166748],[94430,17.939003944396973],[429063,21.475250959396362],[361372,26.941395044326782],[294614,27.552544116973877],[122927,16.208686113357544],[111181,19.56610608100891],[94743,19.871789932250977],[400712,20.83837914466858],[411510,24.203372955322266],[344445,33.46501612663269],[122820,24.09026598930359],[109841,18.49546980857849],[94449,19.781380891799927],[427015,22.758432865142822],[344122,28.36815905570984],[313521,33.08424711227417],[122552,18.862519025802612],[111700,21.156924962997437],[94688,18.965100049972534],[385412,19.82823419570923],[382515,23.133280992507935],[308864,33.26132392883301],[123095,16.472031116485596],[110255,19.87227988243103],[95317,20.439053058624268]],