{"LBO slow local search":[[28408,4.331968784332275],[21663,3.170764923095703],[21757,2.976526975631714],[10510,1.6079280376434326],[9440,1.6749660968780518],[8502,2.8499579429626465],[26507,2.1735479831695557],[20199,4.198765993118286],[19924,3.164340019226074],[10540,1.8350708484649658],[9503,3.500515937805176],[8439,3.0477099418640137],[26514,3.735140800476074],[19149,5.159482955932617],[19095,2.5010769367218018],[10623,3.362844228744507],[9355,1.8396148681640625],[9052,1.9855239391326904],[25889,2.8938419818878174],[20299,3.5993599891662598],[17372,3.1767189502716064],[10963,2.057663917541504],[10259,3.039876937866211],[9568,2.215487003326416],[26361,4.5033581256866455],[18800,2.441819906234741],[18383,2.4247639179229736],[10324,2.28574800491333],[9676,2.4684300422668457],[8653,1.8721349239349365],[46407,2.0813748836517334],[35635,6.5263800621032715],[33432,2.603721857070923],[18718,2.766479969024658],[16155,4.733810901641846],[14151,4.116927146911621],[47175,3.780946969985962],[36816,3.279895067214966],[33318,4.837623834609985],[19264,3.536566972732544],[17479,4.376683950424194],[15517,2.5414679050445557],[44780,2.9986729621887207],[33330,5.723562002182007],[31353,6.058887958526611],[19545,5.006371021270752],[17694,4.01879096031189],[14775,1.8622550964355469],[45730,4.206561803817749],[37740,4.356371879577637],[33188,2.858590841293335],[19455,3.2601490020751953],[16922,7.559927940368652],[14429,2.930202007293701],[49860,5.405450105667114],[37238,4.5241429805755615],[33123,3.9594860076904297],[19240,1.6243071556091309],[17192,7.58689284324646],[14853,3.6692769527435303],[65438,3.362920045852661],[47241,1.9438929557800293],[40857,3.7077999114990234],[25491,2.5176198482513428],[20560,3.6422970294952393],[16307,3.177726984024048],[65591,2.2488551139831543],[46345,3.2601218223571777],[46953,3.336211919784546],[25579,2.4565460681915283],[21894,5.423741102218628],[16880,1.651731014251709],[68592,3.539125919342041],[58279,4.341941833496094],[46868,3.140549898147583],[25882,1.8815488815307617],[21748,3.247776985168457],[16453,3.4603941440582275],[61968,2.59928297996521],[57429,2.1125118732452393],[48508,2.164700984954834],[25255,3.275897979736328],[21896,5.366703987121582],[16715,2.6264750957489014],[69387,3.910533905029297],[47898,3.5848278999328613],[48719,1.8971941471099854],[25899,1.6464810371398926],[22123,1.8986530303955078],[15791,3.584639072418213]],"TLBO":[[28367,4.365802049636841],[21594,3.620944023132324],[22054,6.482481002807617],[10664,4.536169052124023],[9770,6.900024890899658],[8125,2.7338459491729736],[26430,5.539302110671997],[20349,9.398876905441284],[20103,6.881414890289307],[10410,2.968855857849121],[9610,10.543107986450195],[8493,6.46783709526062],[26445,4.799566030502319],[19159,8.268517017364502],[19046,5.986961841583252],[10671,4.009169101715088],[9549,3.5771050453186035],[9266,4.30883002281189],[26197,5.6980180740356445],[20403,6.818367004394531],[17372,2.7872509956359863],[11160,4.95873498916626],[10429,6.753751039505005],[9823,5.4105000495910645],[26374,5.970871925354004],[19022,5.9948859214782715],[18644,6.896245002746582],[10436,6.604049921035767],[9591,4.024234056472778],[8803,5.438880205154419],[46922,7.468338966369629],[35635,9.153142929077148],[33595,5.8752570152282715],[18695,6.271249055862427],[15898,9.089982032775879],[13953,4.259645223617554],[47334,5.12860107421875],[36889,9.531836032867432],[33447,10.322592973709106],[19340,6.343441963195801],[17516,7.2629969120025635],[15484,6.6480629444122314],[45183,11.81921100616455],[33215,5.706990003585815],[31202,6.494059085845947],[19591,7.471827030181885],[17799,10.444868087768555],[15003,5.7927470207214355],[45829,12.488521099090576],[37802,6.280043840408325],[33364,12.242393016815186],[19432,6.3022449016571045],[16715,14.628093957901001],[14415,4.530136823654175],[49917,8.892033100128174],[37178,8.819378137588501],[33118,3.5759201049804688],[19325,5.322834014892578],[17218,15.12873911857605],[14814,7.193553924560547],[65301,4.070469856262207],[47689,4.6296000480651855],[40858,3.446319103240967],[25476,4.355393886566162],[20703,9.552813053131104],[16307,8.359952926635742],[65634,7.992708921432495],[46345,10.856478929519653],[46844,4.8731749057769775],[25573,3.948591947555542],[21713,7.148308038711548],[16880,8.229398965835571],[68610,7.720018148422241],[58181,8.409073114395142],[46774,4.219695806503296],[26049,4.719844818115234],[21587,6.081827878952026],[16225,9.107969999313354],[61968,9.016425848007202],[57540,6.521407127380371],[48185,3.5997679233551025],[25413,6.393592834472656],[21753,7.548478841781616],[16820,8.118933916091919],[69596,6.416837930679321],[47727,7.70033597946167],[48557,3.5695149898529053],[25984,5.491641998291016],[22301,5.1090309619903564],[15881,6.568579912185669]],"TBO top5 slow local search":[[28040,2.8575189113616943],[21238,1.6088850498199463],[21569,3.696654796600342],[10426,4.117456912994385],[9322,3.253664970397949],[8051,4.237262964248657],[26089,1.7182531356811523],[20253,3.74204683303833],[19469,2.9530069828033447],[10280,1.5178799629211426],[9403,3.9540839195251465],[8010,2.6003148555755615],[26382,1.7814600467681885],[19026,6.18775200843811],[18906,3.2104930877685547],[10542,3.5332069396972656],[9070,3.862095832824707],[9128,1.5284109115600586],[25848,1.803968906402588],[20289,5.948818922042847],[16735,1.9092769622802734],[10978,2.8312509059906006],[10133,5.5904541015625],[9441,2.9068210124969482],[26231,2.630275011062622],[18889,4.229058027267456],[18046,1.707200050354004],[10151,1.664057970046997],[9327,4.294360876083374],[8588,3.3718340396881104],[46458,3.0387771129608154],[35274,7.946311950683594],[33268,4.322533845901489],[18566,3.887042999267578],[15807,6.113425970077515],[13686,2.035515069961548],[47290,6.645232915878296],[36371,4.450767993927002],[32910,4.937860012054443],[19094,2.665992021560669],[17460,9.89086389541626],[15252,3.3556878566741943],[44762,2.6668190956115723],[33099,7.1373209953308105],[31013,3.90385103225708],[19301,4.832543849945068],[17254,3.948499917984009],[14962,4.944735050201416],[45425,2.679152011871338],[37217,4.239313125610352],[32953,3.114863872528076],[19125,2.886625051498413],[16489,3.6963858604431152],[14040,2.753437042236328],[49550,4.758667945861816],[36952,5.654558897018433],[32863,6.290121078491211],[19149,2.680666923522949],[16747,5.782560110092163],[14800,5.120203971862793],[65042,4.04235315322876],[47407,4.889271020889282],[40736,2.5803678035736084],[25102,4.237365961074829],[20222,3.6046018600463867],[15817,3.1628949642181396],[64964,2.4618918895721436],[45755,3.096734046936035],[46457,3.331578016281128],[25313,1.415308952331543],[21408,6.214599132537842],[16264,3.4327170848846436],[68357,3.3964059352874756],[57667,4.39910888671875],[46439,1.5774471759796143],[25711,2.5624501705169678],[21359,4.920571804046631],[16211,3.2252848148345947],[61271,5.541305065155029],[57166,3.3561601638793945],[48226,3.2201638221740723],[25053,2.3865110874176025],[21413,4.612015962600708],[16435,2.3936209678649902],[68936,2.4239301681518555],[47496,2.2405598163604736],[48566,5.632319211959839],[26014,3.603713035583496],[21923,2.945316791534424],[15606,5.441406965255737]],