{"TLBO":[[28262,15.126432180404663],[21625,15.133908033370972],[21708,15.314932823181152],[10727,15.075973987579346],[9775,15.010514974594116],[8073,15.136315107345581],[26600,15.115723133087158],[20351,15.1629159450531],[19865,15.258963108062744],[10505,15.007296085357666],[9547,15.17460012435913],[8306,15.017390012741089],[26583,15.119899034500122],[19197,15.037294149398804],[18956,15.063910961151123],[10712,15.071805000305176],[9452,15.036164045333862],[9157,15.20488691329956],[26380,15.111252069473267],[20485,15.074497938156128],[17372,15.209774017333984],[11217,15.072489976882935],[10276,15.057952880859375],[9602,15.180931091308594],[26439,15.06899905204773],[19056,15.105221033096313],[18498,15.031944990158081],[10410,15.052146911621094],[9731,15.027861833572388],[8664,15.169073104858398],[46800,15.249238014221191],[35533,15.030954837799072],[33491,15.035636901855469],[18727,15.079973936080933],[15770,15.202924013137817],[14042,15.188693046569824],[47416,15.04272198677063],[36836,15.218366146087646],[33085,15.020015954971313],[19498,15.075318098068237],[17622,15.004353046417236],[15517,15.298173904418945],[45251,15.048272848129272],[33209,15.218823194503784],[31229,15.208156108856201],[19695,15.130611181259155],[17708,15.01293396949768],[15074,15.261082887649536],[45574,15.247233867645264],[37698,15.251169919967651],[33236,15.157073974609375],[19347,15.222624063491821],[16521,15.045223951339722],[14495,15.084718942642212],[49856,15.294325113296509],[37154,15.05128812789917],[33127,15.363935947418213],[19246,15.041181087493896],[17037,15.250361919403076],[14800,15.14207911491394],[65330,15.139823198318481],[47494,15.20205807685852],[40792,15.298489093780518],[25459,15.244696140289307],[20349,15.18621015548706],[16309,15.316709041595459],[65384,15.122167825698853],[46345,15.057054042816162],[46854,15.374699115753174],[25543,15.002200841903687],[21626,15.228244066238403],[16745,15.187891006469727],[68419,15.09978699684143],[58012,15.26968002319336],[46992,15.066202878952026],[26021,15.09080195426941],[21402,15.044514894485474],[16325,15.159439086914062],[61615,15.012544870376587],[57621,15.329591989517212],[48208,15.03161907196045],[25217,15.191138982772827],[21770,15.007877111434937],[16733,15.13410496711731],[69365,15.003532886505127],[47601,15.024981021881104],[48653,15.1803719997406],[26042,15.223862171173096],[22235,15.38966703414917],[15791,15.032774209976196]],"CAC 2 parents fast local search":[[28456,15.001505136489868],[21715,15.003681898117065],[22054,15.00927996635437],[10769,15.003865957260132],[9929,15.001107215881348],[8560,15.003461122512817],[26401,15.003684043884277],[20586,15.004095077514648],[20103,15.00262999534607],[10626,15.001734018325806],[9796,15.000701904296875],[8493,15.010206937789917],[26766,15.000017881393433],[19296,15.002413988113403],[19179,15.003930807113647],[10841,15.001399993896484],[9630,15.000208139419556],[9157,15.006006002426147],[26435,15.002005815505981],[20485,15.004735946655273],[17416,15.000777006149292],[11271,15.005689144134521],[10544,15.001997947692871],[9649,15.002380847930908],[26656,15.003643035888672],[19264,15.002625942230225],[18619,15.006960153579712],[10583,15.00560998916626],[9904,15.00501298904419],[8761,15.008859157562256],[47027,15.000668048858643],[35797,15.001468896865845],[33703,15.001008987426758],[19012,15.000111103057861],[16172,15.002933979034424],[14054,15.003558874130249],[47711,15.003228187561035],[37149,15.003077983856201],[33567,15.006343126296997],[19497,15.000465869903564],[17825,15.004377841949463],[15441,15.003385782241821],[45421,15.000549077987671],[33365,15.00144100189209],[31447,15.001522064208984],[19695,15.001708030700684],[17868,15.00026798248291],[15249,15.004796028137207],[45893,15.003233909606934],[37896,15.004150152206421],[33407,15.00096321105957],[19510,15.002357959747314],[17052,15.00269603729248],[14694,15.002588987350464],[50080,15.001765012741089],[37392,15.002634048461914],[33253,15.004868030548096],[19437,15.002336978912354],[17273,15.00278615951538],[14853,15.00427508354187],[65643,15.002249002456665],[47736,15.004420042037964],[40929,15.004912853240967],[25499,15.003942966461182],[20537,15.002132177352905],[16307,15.000916004180908],[65731,15.00034785270691],[46345,15.0016930103302],[47199,15.000059127807617],[25646,15.001344919204712],[22059,15.00014591217041],[16880,15.007894039154053],[68838,15.00249719619751],[58411,15.005795955657959],[46992,15.004080057144165],[26050,15.001816034317017],[21624,15.007899045944214],[16453,15.000553846359253],[62036,15.005255937576294],[57663,15.000428199768066],[48502,15.004467010498047],[25413,15.003004789352417],[21997,15.002655982971191],[16975,15.004169940948486],[69661,15.00168514251709],[48189,15.004776954650879],[48810,15.00144100189209],[26204,15.000771045684814],[22360,15.002318859100342],[15967,15.004621982574463]],"LBO fast local search":[[28461,15.003236055374146],[21663,15.0005521774292],[21881,15.001441955566406],[10830,15.000335931777954],[10000,15.00563383102417],[8426,15.00882601737976],[26425,15.000729084014893],[20546,15.00049901008606],[20103,15.005783081054688],[10626,15.001214981079102],[9690,15.004247903823853],[8493,15.007025003433228],[26775,15.005785942077637],[19296,15.001690864562988],[19381,15.007365942001343],[10841,15.00425410270691],[9630,15.00136685371399],[9157,15.000191926956177],[26487,15.002933979034424],[20484,15.003796100616455],[17392,15.001138925552368],[11272,15.003809928894043],[10429,15.001285076141357],[9823,15.003383159637451],[26656,15.004384994506836],[19278,15.003751993179321],[18619,15.004786968231201],[10588,15.002928018569946],[9912,15.003995895385742],[8634,15.002794981002808],[47176,15.00182819366455],[35635,15.002753973007202],[33708,15.008957147598267],[18994,15.00242805480957],[16210,15.004744052886963],[14151,15.001284122467041],[47656,15.001270055770874],[37149,15.004600048065186],[33460,15.007265090942383],[19497,15.000919103622437],[17847,15.000929832458496],[15475,15.000205039978027],[45057,15.002383947372437],[33365,15.002799987792969],[31471,15.005204200744629],[19695,15.00066590309143],[17868,15.001052141189575],[15242,15.004564046859741],[45893,15.00063705444336],[37896,15.003517150878906],[33407,15.008059978485107],[19510,15.001871824264526],[16992,15.002311944961548],[14553,15.009117126464844],[50073,15.000288009643555],[37429,15.0016770362854],[33238,15.000041961669922],[19419,15.001700162887573],[17268,15.002273082733154],[14853,15.003896951675415],[65566,15.005445003509521],[47903,15.001112937927246],[40914,15.007633924484253],[25509,15.00307011604309],[20661,15.002438068389893],[16205,15.008046865463257],[65838,15.000284194946289],[46345,15.00023102760315],[47023,15.002668857574463],[25645,15.00319790840149],[22128,15.00270414352417],[16819,15.007168054580688],[68816,15.003535985946655],[58394,15.004449129104614],[46992,15.002305030822754],[26050,15.001694202423096],[21748,15.005294799804688],[16453,15.00390887260437],[62036,15.004222869873047],[57621,15.003899097442627],[48634,15.002168893814087],[25322,15.00493311882019],[21959,15.00191593170166],[16975,15.003220081329346],[69661,15.003154993057251],[48189,15.007112979888916],[48814,15.00136399269104],[26204,15.002238035202026],[22360,15.00454306602478],[15960,15.003602981567383]],