{"LBO slow local search":[[64077,15.175588846206665],[54797,16.369009971618652],[51374,15.65487790107727],[28489,15.013811826705933],[25827,16.120157957077026],[25873,16.281924962997437],[74111,16.382281064987183],[58557,15.703465938568115],[52650,15.660677909851074],[28431,15.446648120880127],[25555,15.377265930175781],[25080,15.791229009628296],[66692,15.937350988388062],[53399,15.669023036956787],[45596,15.251759052276611],[28903,15.359852075576782],[24489,16.03368306159973],[25400,15.37225890159607],[65732,15.915847778320312],[50843,15.765748977661133],[53759,15.774422883987427],[28712,15.251155853271484],[26283,15.893090009689331],[25474,16.512338161468506],[65987,15.69593596458435],[56609,15.901848077774048],[48414,15.863000869750977],[28935,15.194423913955688],[25838,15.317479133605957],[25562,15.181210041046143],[116344,15.313878059387207],[97853,16.861730098724365],[91328,16.961104154586792],[50441,15.506788969039917],[45481,16.209989070892334],[40523,15.452080011367798],[127405,15.863985061645508],[106291,16.45531392097473],[88143,16.795165061950684],[49160,15.812263011932373],[44380,16.89060091972351],[41565,15.692657947540283],[125388,15.062106132507324],[106063,15.06193208694458],[84338,15.741849899291992],[49639,16.08753490447998],[44015,15.775317907333374],[41171,16.8991539478302],[123620,15.561371088027954],[99925,15.038792848587036],[83935,15.69725513458252],[50035,16.13547110557556],[43890,15.842792987823486],[42132,16.155833959579468],[126914,16.516277074813843],[105635,16.96647620201111],[86058,17.006916999816895],[50538,15.961631059646606],[43654,15.369867086410522],[41092,15.675778865814209],[167088,15.229182958602905],[126400,16.33038306236267],[116325,15.129966974258423],[65079,15.226639032363892],[54578,15.85612177848816],[43873,15.513894081115723],[168321,16.091190814971924],[128406,16.17158794403076],[119483,16.12668800354004],[64716,15.567096948623657],[55101,15.705584049224854],[45782,15.664775133132935],[172626,15.974127054214478],[128151,16.537822008132935],[106687,15.57886004447937],[65779,15.994178056716919],[54882,15.163421869277954],[45433,16.34065008163452],[160610,15.49573016166687],[132296,15.044833898544312],[124292,15.368994951248169],[67334,15.301082849502563],[56100,16.00316095352173],[45130,16.036957025527954],[172099,15.550413846969604],[134312,15.366026163101196],[110877,15.647521018981934],[65827,15.754242897033691],[55228,15.454914093017578],[44857,16.073833227157593]],"TLBO":[[65007,16.000882863998413],[54920,15.389831066131592],[51207,15.42849087715149],[28468,17.27737307548523],[25476,15.97851300239563],[25893,15.508116960525513],[75705,16.522456884384155],[57919,16.923158168792725],[52450,15.661237001419067],[29000,15.096049070358276],[25457,15.524004936218262],[25072,15.84117603302002],[68085,16.651670932769775],[53270,15.778707027435303],[45419,16.94104504585266],[28865,15.44550108909607],[24134,15.89844298362732],[25201,15.248834133148193],[65728,16.301340103149414],[50595,15.628247022628784],[53483,15.84919810295105],[28643,15.84458303451538],[25916,16.20818305015564],[25265,16.021217107772827],[67767,16.765454053878784],[56815,15.489268064498901],[48242,15.39713191986084],[28936,16.75862693786621],[25479,15.710253953933716],[25523,16.631191968917847],[116728,15.796925067901611],[96696,16.476323127746582],[90734,17.178025007247925],[50444,16.558502912521362],[44736,17.298730850219727],[40025,16.25511598587036],[128560,18.759743213653564],[105941,15.295707941055298],[87555,16.469637870788574],[49085,18.15256094932556],[44295,17.672762870788574],[40483,15.55250597000122],[126291,18.49155306816101],[105786,16.275583028793335],[83725,17.251638174057007],[49341,16.83462905883789],[43023,16.24663496017456],[40547,16.019484996795654],[124628,18.45751714706421],[99911,15.41969609260559],[83218,16.130229949951172],[49968,17.42661190032959],[43241,15.855129957199097],[41998,18.14184308052063],[128461,15.353183031082153],[105559,15.879579067230225],[85768,15.869779109954834],[50338,16.84953999519348],[43523,16.06777310371399],[40868,16.596471071243286],[167333,16.24612307548523],[126502,16.83109402656555],[116449,15.523020029067993],[64872,15.935916900634766],[54315,16.017582178115845],[43681,16.36247491836548],[167810,15.50058913230896],[127929,15.099472999572754],[119005,15.487755060195923],[64450,16.131222009658813],[54912,16.919915914535522],[45306,15.423500776290894],[172492,16.020162105560303],[128246,15.341234922409058],[106264,15.194437980651855],[65502,15.265406131744385],[54687,15.628549098968506],[45285,15.381762981414795],[161499,15.174574136734009],[132277,15.899327039718628],[124590,15.525367975234985],[67073,15.377784013748169],[55452,16.844727039337158],[44515,15.033956050872803],[171689,15.784850120544434],[134165,16.677185773849487],[110925,16.09196400642395],[65538,15.785366773605347],[55046,17.465675115585327],[43834,15.63451099395752]],"TBO top5 slow local search":[[64951,16.151335954666138],[54341,17.610809087753296],[50087,16.45598006248474],[28078,16.03710103034973],[25502,16.043142080307007],[25515,15.181997060775757],[75944,15.286927938461304],[57084,17.086876153945923],[51839,16.300689935684204],[28334,16.66380000114441],[25140,15.534683227539062],[24522,17.3299720287323],[68519,17.514129161834717],[52640,15.799636840820312],[44877,18.24795699119568],[28393,17.661202907562256],[23837,18.37748908996582],[24754,16.09060287475586],[65713,16.19862699508667],[49760,16.558808088302612],[53027,16.063059091567993],[28411,15.024294137954712],[25606,16.039664030075073],[24694,17.75934100151062],[67209,17.326905965805054],[56188,15.207481145858765],[47105,17.88924813270569],[28302,15.662112951278687],[25256,18.32038402557373],[25361,16.809802055358887],[116617,15.143285036087036],[96643,15.192303895950317],[91126,20.151487112045288],[49947,17.81266498565674],[44340,16.86896300315857],[39323,19.146495819091797],[128220,18.813483953475952],[105443,16.88117003440857],[87401,20.011270999908447],[48464,15.876489877700806],[43139,18.102766036987305],[40291,17.87777090072632],[126135,18.51499605178833],[106060,19.57661509513855],[82796,20.390032052993774],[48094,16.574482917785645],[42886,19.03796887397766],[40297,16.996324062347412],[124395,15.176681995391846],[99405,16.73543405532837],[82893,15.830835819244385],[49545,18.821592807769775],[44109,18.06446623802185],[41749,15.23143219947815],[128306,15.486836910247803],[105350,17.54034113883972],[84323,17.676648139953613],[50011,15.991658926010132],[42861,20.567909002304077],[40746,16.750534057617188],[167039,16.734981060028076],[125719,17.139984846115112],[115971,15.244611024856567],[64284,15.57511281967163],[54151,17.232710123062134],[43434,15.413511037826538],[167862,16.84105086326599],[127432,16.018068075180054],[118916,17.02805805206299],[64562,17.458744049072266],[54003,17.481801986694336],[45122,17.90590000152588],[172167,16.434902906417847],[127771,15.918476104736328],[105668,16.77781391143799],[65066,15.861711025238037],[54229,17.074851989746094],[45028,17.89674997329712],[160930,16.07195019721985],[131440,16.528060913085938],[123769,16.605875968933105],[66482,16.27751612663269],[55248,15.763959884643555],[43999,16.228686809539795],[171747,15.910879850387573],[133571,16.896093130111694],[110673,16.353496074676514],[65090,16.48122811317444],[54860,17.006054878234863],[44079,16.3067729473114]],