{"TLBO":[[64681,16.670387983322144],[54355,17.25571584701538],[49537,15.818697929382324],[28294,15.807213068008423],[25144,16.9064199924469],[25505,17.67680597305298],[75947,15.100226879119873],[57535,15.541345119476318],[51746,16.09599995613098],[28662,16.151271104812622],[25350,16.825758934020996],[24583,16.913596153259277],[67951,15.934238910675049],[52794,15.111154079437256],[45190,18.285856008529663],[28369,17.48149085044861],[23763,17.45388698577881],[24734,16.100610971450806],[65996,17.09584903717041],[49719,17.362614154815674],[52872,15.8961660861969],[28422,15.09165096282959],[25598,17.723445177078247],[25485,15.012335062026978],[67754,17.212684869766235],[55843,15.89142394065857],[47059,16.644957065582275],[28580,17.615124940872192],[25702,16.78223490715027],[25951,16.1402428150177],[116880,15.675129890441895],[96876,19.573802947998047],[90831,17.481549978256226],[50016,17.675482988357544],[44452,16.565274953842163],[39647,18.930274963378906],[128470,18.607077836990356],[105920,16.129860162734985],[86809,18.978187084197998],[48668,15.744175910949707],[43391,18.417376041412354],[40476,16.421874046325684],[125882,18.987188816070557],[105711,17.906578063964844],[82850,19.768863916397095],[48898,18.649998903274536],[42821,19.436632871627808],[40242,15.740022897720337],[124522,18.16688895225525],[99823,17.20287823677063],[82041,16.756512880325317],[49437,15.079983949661255],[43949,18.921767950057983],[41569,18.305665016174316],[128222,16.026635885238647],[105480,17.052331924438477],[85596,18.97283911705017],[50068,15.697600841522217],[42671,17.659061193466187],[40593,16.369818925857544],[167131,15.749072074890137],[125875,16.888396978378296],[116058,15.144614219665527],[64552,17.106226921081543],[53730,15.445634126663208],[43509,16.23339009284973],[167846,17.082202911376953],[127265,15.893448114395142],[118476,16.89618182182312],[64326,16.690162897109985],[54361,16.065953016281128],[45182,16.633877992630005],[172148,15.008296966552734],[127372,15.396314144134521],[106169,17.31827688217163],[65524,16.267236948013306],[54274,16.26827597618103],[45343,17.443149089813232],[161228,16.027292013168335],[132066,16.671961069107056],[123938,16.773752212524414],[66889,16.802847146987915],[55571,17.169270038604736],[44543,17.443490982055664],[171539,15.457202196121216],[133250,15.18806004524231],[110929,16.942835092544556],[65441,15.020877122879028],[54686,17.06988000869751],[44410,17.806498050689697]],"CAC 2 parents fast local search":[[66101,15.013086080551147],[56074,15.009326934814453],[52170,15.012514114379883],[29449,15.01111102104187],[26411,15.012478113174438],[26523,15.001334190368652],[76997,15.002843856811523],[59432,15.00465989112854],[53499,15.012892961502075],[29586,15.004076957702637],[26504,15.00144100189209],[25479,15.013336896896362],[69212,15.003226041793823],[54605,15.003720045089722],[46696,15.007928133010864],[29456,15.003119945526123],[25343,15.011904001235962],[26175,15.010200023651123],[67094,15.006914854049683],[51977,15.005429983139038],[54594,15.000006914138794],[29447,15.006462097167969],[26920,15.007365942001343],[26326,15.009889841079712],[68657,15.007631063461304],[57677,15.009205102920532],[49404,15.014227867126465],[29558,15.002476930618286],[26632,15.012995958328247],[26262,15.016579151153564],[118155,15.002526998519897],[99436,15.00934386253357],[92584,15.01415491104126],[51406,15.003292083740234],[46027,15.004778146743774],[42187,15.002038955688477],[129990,15.001385927200317],[107801,15.002629041671753],[89244,15.009227991104126],[50255,15.006999969482422],[45228,15.013173818588257],[42412,15.007452011108398],[127784,15.006978034973145],[107763,15.010148048400879],[85578,15.005805015563965],[50398,15.006176948547363],[44877,15.00363802909851],[41556,15.009498119354248],[126194,15.006820917129517],[101682,15.001142024993896],[84458,15.008829116821289],[51050,15.009935140609741],[45154,15.013594150543213],[42653,15.002404928207397],[129678,15.005148887634277],[107292,15.004929065704346],[87121,15.005857944488525],[51182,15.010478019714355],[44941,15.007960796356201],[41872,15.001404047012329],[168181,15.006003141403198],[127249,15.000155210494995],[117400,15.00750207901001],[65457,15.000521898269653],[55068,15.001772165298462],[44720,15.006075859069824],[169008,15.002378940582275],[129107,15.00386095046997],[120362,15.010319948196411],[65338,15.007778882980347],[55502,15.006973028182983],[46203,15.007713079452515],[173791,15.005593061447144],[128880,15.008625984191895],[107432,15.015604019165039],[66335,15.00435185432434],[55350,15.000523090362549],[45757,15.00140905380249],[162184,15.002154111862183],[133249,15.001190185546875],[125044,15.001850128173828],[67613,15.003705978393555],[56353,15.002154111862183],[45315,15.010886907577515],[173005,15.011214017868042],[135200,15.002907037734985],[111637,15.010117053985596],[66078,15.009146928787231],[55754,15.004589080810547],[45397,15.005620956420898]],"LBO fast local search":[[66278,15.00650405883789],[55981,15.004568099975586],[52044,15.012893915176392],[29359,15.008072137832642],[26544,15.011854887008667],[26440,15.01262903213501],[76980,15.000915050506592],[59454,15.003891944885254],[53536,15.01115608215332],[29673,15.011679887771606],[26264,15.013293981552124],[25438,15.010444164276123],[69318,15.001932859420776],[54558,15.009513139724731],[46473,15.00796890258789],[29634,15.002824068069458],[25226,15.005697965621948],[26169,15.009380102157593],[67194,15.004430055618286],[51817,15.009555101394653],[54584,15.007678031921387],[29394,15.002878904342651],[26844,15.000185012817383],[26129,15.001232147216797],[68989,15.007061958312988],[57719,15.009965181350708],[49205,15.003627061843872],[29589,15.007097959518433],[26551,15.011636972427368],[26319,15.012897968292236],[118291,15.006409883499146],[98999,15.010149002075195],[92644,15.004527807235718],[51374,15.00255799293518],[45919,15.005511045455933],[42140,15.01252794265747],[130211,15.00433087348938],[107791,15.012930870056152],[89155,15.00140905380249],[50205,15.000548839569092],[45176,15.008003950119019],[42318,15.002305030822754],[127703,15.000277996063232],[107735,15.004759073257446],[85597,15.006145000457764],[50455,15.007717847824097],[45031,15.013674020767212],[41651,15.007373094558716],[126251,15.000870943069458],[101687,15.000293970108032],[84495,15.015184164047241],[51098,15.008477926254272],[45127,15.003345012664795],[42664,15.003516912460327],[129852,15.00933289527893],[107250,15.011754989624023],[87117,15.013350009918213],[51255,15.008307218551636],[44863,15.013373136520386],[41711,15.008011102676392],[168276,15.00414490699768],[127492,15.006468057632446],[117440,15.007529020309448],[65416,15.000877141952515],[55285,15.004697799682617],[44768,15.007349014282227],[169137,15.008233070373535],[128950,15.003453016281128],[120270,15.003008842468262],[65225,15.002369165420532],[55552,15.00751805305481],[46236,15.019795179367065],[173623,15.001101970672607],[128873,15.009905099868774],[107566,15.001704931259155],[66290,15.00143313407898],[55369,15.00085997581482],[45621,15.010088205337524],[162356,15.000797033309937],[133269,15.01203989982605],[125076,15.0086669921875],[67565,15.007701873779297],[56323,15.000690937042236],[45165,15.010538101196289],[172847,15.004471063613892],[135054,15.002889156341553],[111580,15.010479927062988],[66008,15.006630897521973],[55862,15.004017114639282],[45298,15.003152132034302]],