{"LBO slow local search":[[132113,18.87506604194641],[106130,15.247154951095581],[97006,15.989135026931763],[55638,18.05365514755249],[47402,16.575156927108765],[48446,18.69833493232727],[140804,21.661966800689697],[116787,15.380283117294312],[113691,16.807936906814575],[55681,20.49363684654236],[48168,15.641794919967651],[48915,17.350530862808228],[133461,23.811683177947998],[109543,16.83931303024292],[91610,17.313817977905273],[54687,22.042481899261475],[49558,17.87321901321411],[48893,16.996842861175537],[144443,23.031025171279907],[113486,19.426170825958252],[95294,20.816874027252197],[55565,22.449697971343994],[48148,16.631092071533203],[48702,17.93305516242981],[137662,19.60635995864868],[114103,27.177375078201294],[106669,16.117398023605347],[54819,22.29583191871643],[48087,15.4876868724823],[50083,17.28283405303955],[270149,16.181005001068115],[214954,21.941375970840454],[178566,15.798564910888672],[98668,21.033827781677246],[85999,17.268803119659424],[82726,15.955019235610962],[256497,23.686997175216675],[216455,19.030961990356445],[208947,16.155163049697876],[98967,18.922844886779785],[84693,19.52546715736389],[78036,19.358878135681152],[243484,17.041790008544922],[208709,16.367923974990845],[179787,21.024817943572998],[99717,20.185333013534546],[87059,24.809123992919922],[84497,22.286874055862427],[256608,22.508246898651123],[203404,20.348144054412842],[199644,24.62684988975525],[101000,17.79597306251526],[84496,21.666444063186646],[81398,21.056058168411255],[260552,18.386842966079712],[186112,18.235032081604004],[182899,16.044559001922607],[97466,18.467631101608276],[83458,21.529802083969116],[79528,19.2765109539032],[373909,23.806251049041748],[318392,18.00992202758789],[277616,19.07313585281372],[126207,20.57502794265747],[105286,15.650637865066528],[92454,23.5581111907959],[347495,20.672717094421387],[298813,17.258912086486816],[247096,18.89803409576416],[128216,19.050747871398926],[103442,17.28325080871582],[92154,26.77930998802185],[353471,18.23295497894287],[299140,18.818186044692993],[293690,19.141162157058716],[127493,20.436541080474854],[105085,17.956192016601562],[90296,22.894804000854492],[363170,21.442625045776367],[306022,16.352910041809082],[287809,19.73122501373291],[125435,19.566754817962646],[103925,24.19855499267578],[89371,22.202297925949097],[361782,23.733256101608276],[269782,16.84442114830017],[259728,17.33921194076538],[128211,20.062031030654907],[104163,16.28614592552185],[93099,22.331972122192383]],"TLBO":[[138921,21.467724084854126],[107584,38.16350793838501],[98143,36.55750584602356],[57007,20.6145920753479],[48464,38.714684009552],[48619,36.56325912475586],[148679,24.12578296661377],[121089,41.76270008087158],[116916,35.38499617576599],[56808,20.237823009490967],[49182,38.32565784454346],[49018,39.337985038757324],[139922,25.600306034088135],[113443,38.869155168533325],[92342,39.534358978271484],[55124,21.201940059661865],[49023,40.87095594406128],[48340,39.352418184280396],[152687,26.729691982269287],[118746,43.35311794281006],[96531,35.10567784309387],[56392,23.395841121673584],[49119,40.57080316543579],[49148,38.29385685920715],[145417,26.80330801010132],[118536,42.251205921173096],[106628,35.32539677619934],[55257,26.8071768283844],[49043,35.89187693595886],[50062,40.882696866989136],[275017,17.175867080688477],[218763,46.51635193824768],[176938,39.92017412185669],[97678,20.13095712661743],[84377,32.64859318733215],[80948,30.026654958724976],[263945,26.82014298439026],[219649,41.340599060058594],[207491,34.04732704162598],[99454,21.14981985092163],[83177,41.64497113227844],[77173,39.80918288230896],[248510,16.1924729347229],[214115,39.55571007728577],[181657,42.27862000465393],[99606,16.561370849609375],[85285,31.062333822250366],[84361,25.02733302116394],[263805,26.547029972076416],[207284,47.39837598800659],[198428,43.998329877853394],[101471,15.624011993408203],[83082,32.31409406661987],[81145,25.955085039138794],[264973,21.313143968582153],[188654,39.88257598876953],[183592,29.867969036102295],[98037,18.1905300617218],[82426,42.6477530002594],[78775,33.267009019851685],[375065,21.529088973999023],[321072,35.12991905212402],[275945,30.071617126464844],[125841,19.764122009277344],[104882,32.186196088790894],[91321,25.619105100631714],[352118,21.101269960403442],[301436,34.65053415298462],[248498,34.84293794631958],[127198,17.781718969345093],[102049,27.621865034103394],[91760,25.63223099708557],[356287,16.21122694015503],[301046,35.84800910949707],[294325,32.86984300613403],[126239,17.482666969299316],[103539,33.04974603652954],[89148,23.227164030075073],[367043,21.574527978897095],[308485,37.83126211166382],[288318,35.74276089668274],[124128,16.894504070281982],[102261,30.055752992630005],[88433,23.475776195526123],[366026,22.561147928237915],[270351,31.80259919166565],[260888,34.368048906326294],[127288,18.565802097320557],[101972,29.37212610244751],[92109,23.29969310760498]],"TBO top5 slow local search":[[139616,25.021812915802002],[108206,36.957831144332886],[99110,36.90163493156433],[56905,22.905420064926147],[48213,36.114997148513794],[48716,34.77226185798645],[147897,22.262266874313354],[120373,41.01823806762695],[117091,37.58147597312927],[56760,25.69362187385559],[48995,37.40021014213562],[49304,39.349220991134644],[140542,27.00996494293213],[114304,37.99055194854736],[92965,38.48625206947327],[55527,21.433772087097168],[48440,40.30234503746033],[47662,41.73580288887024],[153346,32.02915096282959],[118322,42.53523302078247],[96086,40.58354902267456],[56579,29.662307024002075],[50256,38.29394888877869],[49605,38.57509398460388],[146541,29.306188106536865],[118423,41.32511019706726],[107533,36.674155950546265],[55258,27.79201602935791],[50350,40.16198992729187],[50286,35.01789307594299],[277491,27.62766695022583],[218877,43.65889382362366],[176326,37.26182508468628],[97678,21.740280151367188],[83966,31.268265962600708],[83106,31.55159902572632],[264118,22.798458099365234],[220204,41.77718901634216],[210972,37.710177183151245],[98789,16.62186598777771],[82659,44.200084924697876],[77378,40.86262106895447],[247912,17.50893211364746],[213053,36.1189329624176],[179045,45.75410294532776],[99955,16.439429998397827],[85843,28.70254611968994],[83441,24.908211946487427],[263893,26.710675954818726],[206369,47.790794134140015],[197316,47.35916590690613],[101193,17.077383995056152],[82421,28.187460899353027],[80291,22.100780963897705],[267572,28.13129496574402],[188504,40.07510685920715],[181996,34.57928705215454],[97549,22.788638830184937],[82434,50.302282094955444],[78852,33.84877800941467],[377101,26.2226619720459],[321045,34.21920609474182],[276444,31.266305923461914],[125559,19.976773977279663],[104882,29.842041015625],[92490,23.037752866744995],[350884,19.767179012298584],[301418,33.24799203872681],[247155,34.037357807159424],[127014,15.990400075912476],[102049,29.0990149974823],[90907,25.701639890670776],[356331,16.381335020065308],[302048,39.279515981674194],[293375,32.73231387138367],[126757,16.831613063812256],[103539,32.03622508049011],[89148,24.39193892478943],[367834,23.172295093536377],[307771,37.95786714553833],[287798,35.224950075149536],[125280,17.46216607093811],[101904,29.683804988861084],[88433,21.476311922073364],[366559,23.234700918197632],[270785,32.19416308403015],[259511,32.69671678543091],[127674,16.894052982330322],[101996,29.18523597717285],[92109,24.540013074874878]],