{"TLBO":[[140088,24.350089073181152],[108306,40.7025990486145],[97729,39.730818033218384],[56858,26.502725839614868],[48927,35.83715200424194],[48673,45.94021487236023],[148864,28.191310167312622],[120009,36.423218965530396],[117435,35.05952501296997],[57055,22.403366088867188],[49509,40.61831498146057],[49296,35.23787784576416],[138153,21.953208923339844],[113138,35.7868230342865],[93521,49.234708070755005],[55433,22.632787942886353],[48963,37.982181787490845],[47432,43.324832916259766],[152475,27.3073570728302],[119329,34.51110887527466],[96026,36.50481915473938],[56743,24.215086936950684],[49399,47.50627613067627],[49280,34.95620393753052],[145475,22.694406032562256],[117138,38.83599615097046],[105583,47.58244609832764],[55175,23.684898853302002],[50120,35.417048931121826],[50517,42.36987590789795],[276495,21.121116876602173],[218283,39.22627305984497],[176062,38.74188208580017],[97414,19.39363193511963],[85238,37.770161867141724],[80234,31.291136980056763],[264089,24.369331121444702],[218200,38.0008499622345],[209846,36.28042006492615],[98375,15.491114139556885],[84134,37.67140603065491],[77867,33.80738711357117],[248180,15.521499156951904],[212406,46.9223518371582],[179346,35.94375920295715],[99952,18.956374168395996],[86492,26.136546850204468],[82703,27.949732065200806],[262491,22.320237159729004],[206831,41.536056995391846],[197869,45.99998998641968],[101100,16.932064056396484],[83019,39.478007078170776],[80928,27.115982055664062],[267633,26.39036798477173],[186309,44.786787033081055],[183009,34.0073459148407],[97770,17.737557888031006],[81630,40.27870798110962],[78428,32.03539490699768],[376778,22.215272903442383],[320585,39.44506216049194],[277084,31.860872983932495],[125650,19.69617795944214],[104177,26.624818086624146],[92375,25.056483030319214],[351753,19.828941822052002],[301045,32.51094603538513],[247888,34.40145492553711],[126964,18.060476064682007],[101486,28.4543719291687],[90716,29.419100046157837],[356256,22.60788607597351],[302360,32.77448797225952],[293953,33.54807209968567],[127159,18.461771965026855],[103649,29.806457996368408],[89279,23.583938121795654],[367290,18.014638900756836],[308467,34.27979898452759],[287281,33.63285994529724],[125462,18.72037696838379],[102638,35.57471299171448],[88422,32.19087886810303],[365982,24.060060024261475],[272171,36.255778074264526],[258911,29.62725591659546],[127700,18.565171003341675],[102398,36.97098207473755],[92052,23.8645281791687]],"CAC 2 parents fast local search":[[143295,15.011125802993774],[110834,15.019935131072998],[101634,15.003325939178467],[58849,15.008891105651855],[51604,15.022691011428833],[52101,15.00530481338501],[151916,15.003625869750977],[123153,15.007575988769531],[119562,15.005295991897583],[59205,15.011130094528198],[52010,15.029370069503784],[52050,15.016024827957153],[142719,15.005539894104004],[116391,15.0107421875],[95423,15.014407873153687],[57708,15.00177001953125],[52621,15.00304889678955],[51752,15.032876968383789],[155934,15.003193140029907],[121043,15.003976106643677],[99194,15.015910148620605],[59041,15.011860132217407],[52107,15.003381967544556],[53005,15.008697986602783],[149795,15.007901191711426],[121935,15.002350091934204],[111023,15.003895998001099],[57408,15.00217604637146],[52715,15.020640850067139],[52795,15.00701904296875],[280522,15.009624004364014],[222369,15.018975973129272],[181794,15.00979495048523],[100361,15.005429983139038],[88676,15.013789892196655],[85742,15.012984037399292],[267094,15.004027128219604],[223687,15.012778997421265],[214303,15.000051021575928],[101502,15.000988006591797],[88591,15.018553018569946],[83269,15.004767894744873],[252969,15.002259016036987],[217006,15.000818967819214],[185446,15.0086350440979],[101902,15.001765966415405],[90276,15.001950025558472],[87488,15.006353855133057],[267455,15.006990909576416],[209303,15.002947092056274],[202292,15.014302015304565],[103205,15.00833797454834],[86988,15.00038194656372],[83839,15.005200862884521],[271182,15.002975940704346],[192108,15.003259897232056],[187169,15.009131908416748],[101042,15.001780033111572],[87427,15.006962060928345],[83180,15.000540971755981],[379712,15.003129959106445],[324586,15.019890069961548],[280659,15.014253854751587],[127932,15.000969171524048],[107761,15.008970022201538],[94355,15.009845972061157],[355489,15.002855062484741],[303517,15.004642963409424],[249868,15.013044118881226],[129616,15.001185894012451],[105828,15.019490003585815],[93575,15.015576839447021],[359806,15.001147985458374],[305222,15.018378973007202],[296925,15.014875888824463],[129263,15.005920886993408],[107594,15.008443117141724],[92198,15.008538007736206],[371370,15.00294804573059],[310022,15.016955137252808],[290866,15.013911962509155],[127598,15.003668069839478],[106236,15.004341840744019],[91417,15.006152153015137],[369189,15.016715049743652],[275113,15.006736993789673],[263572,15.023391008377075],[129887,15.008616209030151],[105935,15.02153491973877],[94280,15.005414962768555]],"LBO fast local search":[[143075,15.021362781524658],[111222,15.004674911499023],[101348,15.002305030822754],[59112,15.010240077972412],[51961,15.000240087509155],[52129,15.026707887649536],[152152,15.007205963134766],[123106,15.022954940795898],[119480,15.023047924041748],[58672,15.015197992324829],[52428,15.006333112716675],[52305,15.01973819732666],[142831,15.004147052764893],[116426,15.011444091796875],[95395,15.026944875717163],[58091,15.009324073791504],[52503,15.024083852767944],[52173,15.031797170639038],[156195,15.02156400680542],[121390,15.02342700958252],[99118,15.020325183868408],[58830,15.023913860321045],[52385,15.031288862228394],[52937,15.017472982406616],[149854,15.004974842071533],[121832,15.010040998458862],[110506,15.032183170318604],[57507,15.026522874832153],[52620,15.015517950057983],[52959,15.025519847869873],[280687,15.006948947906494],[222340,15.018906831741333],[181615,15.00360894203186],[99975,15.007232904434204],[88651,15.013622999191284],[86223,15.0121169090271],[266483,15.011658906936646],[223265,15.004252195358276],[213834,15.008239984512329],[101636,15.005840063095093],[88682,15.001520872116089],[83208,15.007463932037354],[253450,15.002857208251953],[217325,15.004630088806152],[185653,15.009387969970703],[101800,15.002297163009644],[90185,15.005522012710571],[87534,15.007863998413086],[267447,15.007508993148804],[209749,15.000439882278442],[202478,15.016777038574219],[103105,15.003995895385742],[87253,15.002615928649902],[84320,15.001293182373047],[270800,15.013374090194702],[192076,15.02329707145691],[187196,15.015333890914917],[100950,15.008188009262085],[87320,15.010071039199829],[83919,15.011807203292847],[379834,15.011831998825073],[324130,15.024168968200684],[280479,15.02697205543518],[128094,15.009629964828491],[107679,15.016349077224731],[94341,15.008382797241211],[355392,15.004899978637695],[303426,15.019031047821045],[249949,15.024417877197266],[129655,15.015435934066772],[105708,15.004483938217163],[93675,15.009263038635254],[360184,15.001543998718262],[305252,15.01650595664978],[296961,15.023897171020508],[129210,15.01163101196289],[107457,15.029605150222778],[92461,15.002627849578857],[371438,15.006950855255127],[310722,15.015997886657715],[290805,15.012516975402832],[127623,15.010879039764404],[106255,15.000961065292358],[91345,15.005385875701904],[369337,15.01817798614502],[274735,15.01873779296875],[263639,15.00180196762085],[129718,15.007308006286621],[106282,15.004934072494507],[94244,15.011602878570557]],