{"LBO slow local search":[[19860,3.1759209632873535],[13269,3.4418768882751465],[10310,4.677515983581543],[10370,2.489225149154663],[6432,3.5528769493103027],[3784,2.4056429862976074],[19745,2.365145206451416],[12166,3.7895100116729736],[9785,4.287914037704468],[11278,2.6731958389282227],[6644,3.460407018661499],[3049,3.4924349784851074],[21755,4.0649049282073975],[15302,3.296337127685547],[10437,4.278784990310669],[11400,2.5265629291534424],[6648,4.711000919342041],[2720,5.243321895599365],[20489,3.971338987350464],[12502,3.9946820735931396],[10050,6.622441053390503],[11344,3.154865026473999],[5450,1.2826740741729736],[3410,9.517593145370483],[20612,4.425740003585815],[13018,3.734834909439087],[8943,3.134706974029541],[11070,2.815587043762207],[6346,2.1696369647979736],[504,3.857814073562622],[40225,3.446674108505249],[27365,9.198276996612549],[22420,11.398124933242798],[20979,3.097109794616699],[13201,6.835144996643066],[9254,11.585435152053833],[41746,5.232132911682129],[27763,8.107429027557373],[21365,8.937104940414429],[21613,2.4442739486694336],[13913,8.667033910751343],[8802,15.218806982040405],[39095,2.6955931186676025],[27810,5.7533018589019775],[22638,13.995975017547607],[20903,1.4759669303894043],[13705,7.438398838043213],[9507,11.600393056869507],[41459,4.323858022689819],[27720,5.132720947265625],[21451,8.160321950912476],[21072,6.878530025482178],[13513,3.6816930770874023],[8470,8.453311920166016],[42972,3.380199909210205],[28049,7.331265926361084],[23482,9.050693035125732],[21213,3.767570972442627],[13133,3.4142661094665527],[8790,8.950800895690918],[55016,4.69529390335083],[40073,5.0922181606292725],[-76,8.055903911590576],[28998,2.3797447681427],[17904,5.009389877319336],[-48,5.9069459438323975],[57913,5.794931888580322],[38377,3.2495439052581787],[30981,3.0330610275268555],[28029,2.722475051879883],[17898,6.085587024688721],[11227,7.207581043243408],[63359,5.9414520263671875],[35352,4.21033501625061],[31629,3.5692989826202393],[29444,3.910914897918701],[17699,6.842728853225708],[9668,4.914440870285034],[59439,4.861602067947388],[40846,6.66723108291626],[34159,3.6462111473083496],[28901,4.23639702796936],[18317,2.87089204788208],[9938,4.481021881103516],[57578,3.2566769123077393],[35642,3.328476905822754],[30130,2.6836190223693848],[29130,3.1838138103485107],[17785,11.56273102760315],[8053,2.2092089653015137]],"TLBO":[[20047,5.301344871520996],[13447,11.577329874038696],[10367,15.399790048599243],[10291,3.76772403717041],[6356,3.7703139781951904],[5096,8.761949062347412],[20089,5.031688928604126],[12277,11.368103981018066],[9397,7.893754005432129],[11320,4.614627838134766],[6569,3.5399680137634277],[2768,8.444175004959106],[21892,8.816177129745483],[15253,6.727611064910889],[10159,7.711781978607178],[11472,2.8048770427703857],[6416,8.44054913520813],[2536,9.658651113510132],[20634,6.8111419677734375],[12083,5.029372930526733],[9620,5.953795909881592],[11344,5.436671018600464],[6432,6.1075122356414795],[3885,8.872676849365234],[20595,9.944035053253174],[12885,4.994833946228027],[-104,8.593559980392456],[10910,3.3187780380249023],[6648,11.422049045562744],[-42,12.60405707359314],[40478,15.28390908241272],[27763,15.229477882385254],[22235,15.666661024093628],[20790,5.3731369972229],[13342,12.375262975692749],[9449,15.56088900566101],[42053,10.393451929092407],[27430,9.00155782699585],[21260,15.394231081008911],[21783,8.552376985549927],[13298,9.644995927810669],[8372,15.54910397529602],[39479,7.552788019180298],[27966,15.026594877243042],[22338,15.12485408782959],[21102,7.19379997253418],[13537,14.173971891403198],[9657,15.067836999893188],[41429,8.550125122070312],[27623,7.190457105636597],[21391,15.157804012298584],[20900,4.802978992462158],[13624,13.176095962524414],[7682,12.555387020111084],[43087,7.605216979980469],[28177,14.995692014694214],[23791,15.29401707649231],[21150,9.033073902130127],[13015,8.467221975326538],[8932,15.124336957931519],[55005,7.567986965179443],[40083,6.846938133239746],[-2,13.158606052398682],[29066,8.0367591381073],[17803,9.318161964416504],[-28,8.151371955871582],[57640,4.947978973388672],[38305,3.8020100593566895],[31238,6.384183883666992],[27947,8.40697693824768],[17454,6.462878942489624],[10091,15.302987098693848],[63428,5.158247947692871],[35455,8.68733286857605],[32228,8.442085027694702],[29688,7.949307203292847],[17720,8.115853071212769],[8359,6.269327878952026],[59482,15.241416931152344],[40893,14.284410953521729],[34531,9.710194110870361],[28875,7.791621923446655],[18743,9.405238151550293],[9923,12.332955837249756],[57674,10.30052900314331],[35234,4.41121506690979],[29626,6.92989706993103],[29053,6.172490835189819],[17551,12.268318891525269],[9055,7.2596800327301025]],"TBO top5 slow local search":[[19721,2.6784629821777344],[13243,4.216753959655762],[10202,5.5308678150177],[10290,3.9401938915252686],[6036,4.047036170959473],[4657,8.143863916397095],[19923,2.926769971847534],[11797,2.1222658157348633],[8955,5.532157897949219],[11180,4.505456924438477],[6053,2.5317540168762207],[2156,3.88211989402771],[21592,2.762639045715332],[15123,3.524394989013672],[-85,3.5600969791412354],[11581,3.3320508003234863],[6201,3.178886890411377],[-77,9.467822074890137],[20107,3.909287929534912],[11679,4.7714221477508545],[9768,3.7211430072784424],[11221,3.057896852493286],[5450,1.7839081287384033],[3967,6.519291162490845],[20654,2.5877089500427246],[12524,4.810042142868042],[-151,4.147365093231201],[10813,4.8908679485321045],[5388,1.9855360984802246],[-233,4.632149934768677],[40226,7.694060802459717],[26854,6.2282469272613525],[21073,10.357311964035034],[20579,2.5764501094818115],[11927,8.104221105575562],[8847,8.084306955337524],[41781,4.82934308052063],[27299,10.002226114273071],[20537,6.981906175613403],[21471,2.887769937515259],[12848,8.953143119812012],[7462,6.227186918258667],[39308,6.983389854431152],[26958,4.713764905929565],[21435,6.836069822311401],[20903,2.1720268726348877],[12480,4.5488808155059814],[8647,15.058311939239502],[41105,4.023997783660889],[27866,11.7203369140625],[20646,7.30358099937439],[20741,4.549324989318848],[13203,10.595732927322388],[6050,4.8300559520721436],[43183,6.089309930801392],[27274,4.909542798995972],[22789,4.464172124862671],[20979,3.662169933319092],[12734,4.032509088516235],[7951,11.033469915390015],[54762,7.105975866317749],[39521,4.26238489151001],[-114,13.667829990386963],[28712,3.649019956588745],[16969,11.819736003875732],[-158,4.920485019683838],[57503,5.336591958999634],[38068,2.0145070552825928],[30864,3.817247152328491],[27759,2.038248062133789],[16312,1.8186180591583252],[9767,6.229603052139282],[62892,10.312903881072998],[34727,4.111807107925415],[31629,4.398053884506226],[29303,4.678295135498047],[17171,3.6024298667907715],[9300,13.483290910720825],[58667,2.8879501819610596],[40402,3.048214912414551],[34073,8.89622712135315],[28600,4.036939859390259],[17944,4.480920076370239],[9995,8.056877851486206],[57134,3.0019850730895996],[34532,2.2444040775299072],[30204,13.714757919311523],[29053,2.9394631385803223],[16826,9.815721988677979],[-17,3.244542121887207]],