{"TLBO":[[19932,15.116726160049438],[13290,15.126469135284424],[10381,15.213670015335083],[10378,15.048454999923706],[6432,15.002870082855225],[5218,15.032217025756836],[20092,15.169595003128052],[12056,15.239225149154663],[9740,15.041020154953003],[11315,15.113916873931885],[6400,15.12378191947937],[2156,15.0116548538208],[21795,15.154579162597656],[15253,15.202344179153442],[10159,15.315243005752563],[11786,15.070119857788086],[6271,15.29173493385315],[-2,15.186186075210571],[20708,15.120657920837402],[12114,15.03200387954712],[10385,15.448818922042847],[11297,15.209949970245361],[5875,15.027967929840088],[3967,15.426712036132812],[20614,15.257989883422852],[12843,15.247081995010376],[-89,15.317945003509521],[11226,15.008665084838867],[6308,15.001094818115234],[-135,15.091351985931396],[40423,15.30702805519104],[27083,15.045459985733032],[21461,15.00951600074768],[20949,15.073233842849731],[12430,15.219507932662964],[8326,15.193645000457764],[42082,15.186860084533691],[27448,15.298739194869995],[21202,15.685492992401123],[21695,15.188957929611206],[13121,15.353123903274536],[7963,15.412038803100586],[39469,15.196768999099731],[27337,15.666901111602783],[22103,15.459177017211914],[21232,15.030991077423096],[12882,15.270287990570068],[9024,15.23746395111084],[41516,15.04837417602539],[27457,15.055023908615112],[20853,15.005115985870361],[20927,15.162659168243408],[12968,15.239895105361938],[8390,15.447705030441284],[43228,15.113999128341675],[27729,15.31026315689087],[23141,15.425535202026367],[21274,15.236224889755249],[12812,15.334351062774658],[8632,15.05582594871521],[55082,15.063501834869385],[40036,15.209211826324463],[-120,15.717456102371216],[29143,15.168982028961182],[17271,15.197382926940918],[-28,15.469666957855225],[57837,15.042932033538818],[38488,15.067897081375122],[31165,15.002475023269653],[28029,15.27368712425232],[17278,15.274744987487793],[10236,15.43161916732788],[63177,15.004241943359375],[35096,15.160640001296997],[31481,15.06511902809143],[29385,15.135284900665283],[17532,15.259957075119019],[8841,15.497140884399414],[59397,15.036516904830933],[40546,15.023305892944336],[34458,15.276853084564209],[28701,15.141720056533813],[18655,15.03872013092041],[10019,15.32541012763977],[57712,15.275394201278687],[35573,15.279897928237915],[30204,15.090922117233276],[29130,15.336860179901123],[17335,15.04807996749878],[9112,15.120960235595703]],"CAC 2 parents fast local search":[[20048,15.008601903915405],[13661,15.00077486038208],[9816,15.014096975326538],[10526,15.00320291519165],[6415,15.003721952438354],[4439,15.008862972259521],[20285,15.001274108886719],[12250,15.002737045288086],[9785,15.008901119232178],[11515,15.003987073898315],[7020,15.002252101898193],[3035,15.00565791130066],[21910,15.002846002578735],[15545,15.002624988555908],[10051,15.00147008895874],[11786,15.000629186630249],[6784,15.003751993179321],[2401,15.003313064575195],[20418,15.006452798843384],[12693,15.004649877548218],[9296,15.004287004470825],[11313,15.001554012298584],[6777,15.003520965576172],[3378,15.004218816757202],[20480,15.009289979934692],[13308,15.001991033554077],[-42,15.010547161102295],[11411,15.003819942474365],[6497,15.003468990325928],[-43,15.007054805755615],[40790,15.003136157989502],[27651,15.00234603881836],[22705,15.000730991363525],[21094,15.001014947891235],[13749,15.000953197479248],[9826,15.00275707244873],[42273,15.004000186920166],[27656,15.006156921386719],[21840,15.007380962371826],[21818,15.0048828125],[13829,15.005287170410156],[8370,15.009098052978516],[39483,15.000169038772583],[27689,15.007798910140991],[22612,15.004606008529663],[21349,15.002562999725342],[13545,15.003921031951904],[9388,15.006294012069702],[41678,15.002023935317993],[28156,15.006433010101318],[22491,15.000500917434692],[21139,15.001889944076538],[13424,15.011518955230713],[8793,15.000087976455688],[43492,15.001930952072144],[28742,15.00795602798462],[23652,15.006195068359375],[21453,15.004432916641235],[14237,15.00932002067566],[8696,15.001024007797241],[55344,15.001574039459229],[40267,15.0001060962677],[-66,15.002207040786743],[29191,15.003162860870361],[18377,15.00455617904663],[-68,15.013400077819824],[57904,15.002072811126709],[39015,15.003127098083496],[31225,15.012866020202637],[28022,15.002411127090454],[17602,15.00024700164795],[10241,15.00241208076477],[63562,15.003330945968628],[35661,15.00012493133545],[31580,15.005680084228516],[29688,15.001875877380371],[18329,15.004217863082886],[9300,15.008628845214844],[59572,15.001641035079956],[41194,15.00353193283081],[34713,15.005784034729004],[28901,15.00251317024231],[19092,15.004329919815063],[10505,15.010273933410645],[57765,15.000974893569946],[36220,15.005232810974121],[29480,15.007443189620972],[29130,15.000421047210693],[17881,15.00186800956726],[9055,15.000723838806152]],"LBO fast local search":[[20175,15.011669158935547],[13392,15.000707864761353],[10742,15.001903057098389],[10474,15.005805969238281],[6644,15.00300407409668],[4449,15.003840923309326],[20179,15.001091957092285],[12406,15.00756287574768],[9785,15.000501871109009],[11444,15.002974033355713],[6822,15.001260995864868],[3228,15.003138065338135],[21944,15.005052089691162],[15447,15.00078010559082],[9827,15.004427909851074],[11667,15.002986907958984],[6821,15.001587867736816],[2297,15.007905006408691],[20527,15.004207134246826],[12741,15.004000902175903],[9388,15.003068923950195],[11344,15.004782915115356],[6777,15.00263500213623],[3394,15.002555131912231],[20531,15.003931999206543],[13041,15.00318193435669],[-19,15.0157310962677],[11070,15.000355958938599],[6497,15.000054121017456],[-55,15.00408411026001],[40765,15.001060962677002],[27439,15.00222897529602],[22471,15.00710391998291],[21094,15.001621007919312],[13778,15.001730918884277],[9608,15.012376070022583],[42273,15.00487494468689],[27558,15.001039981842041],[22085,15.00071406364441],[21870,15.004986047744751],[13850,15.006826162338257],[8687,15.002861022949219],[39750,15.00075387954712],[27958,15.005625009536743],[22349,15.0054349899292],[21371,15.001646041870117],[13702,15.003963947296143],[10216,15.005676984786987],[41673,15.004918098449707],[28141,15.006694078445435],[22069,15.003968954086304],[21069,15.0033278465271],[13737,15.001614093780518],[9024,15.007472038269043],[43384,15.004084825515747],[28530,15.002242088317871],[23585,15.005366086959839],[21527,15.002220869064331],[13898,15.00562596321106],[8954,15.004707098007202],[55082,15.002355098724365],[40055,15.002454042434692],[-106,15.004230976104736],[29191,15.003242015838623],[17863,15.003390073776245],[-68,15.007678985595703],[58012,15.001325845718384],[38928,15.002896070480347],[30978,15.00381088256836],[28081,15.001091957092285],[17720,15.007206916809082],[9598,15.005085945129395],[63554,15.00058102607727],[35661,15.003523826599121],[31690,15.011799097061157],[29688,15.000614881515503],[18519,15.000252962112427],[9300,15.000246047973633],[59572,15.005960941314697],[40832,15.003304958343506],[34546,15.001972913742065],[28901,15.001468896865845],[19338,15.003577947616577],[10135,15.008692026138306],[57765,15.003000974655151],[35608,15.004955053329468],[29425,15.001435041427612],[29130,15.001317024230957],[17881,15.001622915267944],[9112,15.013038873672485]],