{"TLBO":[[62722,16.16476607322693],[34748,21.573223114013672],[30513,20.743103981018066],[29854,17.164525985717773],[20525,16.67420196533203],[15768,18.211153030395508],[60678,15.565705060958862],[38489,20.648275136947632],[33339,19.66212797164917],[28095,17.974881887435913],[20284,17.043213844299316],[16902,18.227094173431396],[61900,16.00910997390747],[39728,17.716705799102783],[36594,15.628793954849243],[29627,16.105190992355347],[20714,18.819901943206787],[21020,15.749456882476807],[61079,18.140038013458252],[35607,20.302508115768433],[30869,20.577455043792725],[28687,17.792979955673218],[20109,20.45340919494629],[15794,15.732566118240356],[61520,17.89723014831543],[34811,19.020848989486694],[31601,15.298157215118408],[28794,15.90248417854309],[19994,16.32969903945923],[18303,20.71472191810608],[108979,19.426005125045776],[76687,19.479965925216675],[67322,22.499513149261475],[53855,16.33138608932495],[37256,22.096127033233643],[28210,21.111568927764893],[112616,15.106544017791748],[72316,20.211573123931885],[60297,22.983829021453857],[52001,20.170659065246582],[37580,25.30846095085144],[33009,16.43996787071228],[109933,19.209065914154053],[77499,26.149325132369995],[66422,23.855859994888306],[51530,18.11472797393799],[37766,25.497246026992798],[27741,15.953606843948364],[114394,19.29296898841858],[74041,24.03379487991333],[62182,23.185443878173828],[54008,20.75485920906067],[35530,24.00135898590088],[28561,15.831753015518188],[114178,19.668267965316772],[77520,25.493664026260376],[69348,22.505369186401367],[51061,17.921185970306396],[35686,24.335163116455078],[28658,16.858105897903442],[158116,16.83635902404785],[101816,15.136965990066528],[93507,16.2668719291687],[66986,16.73100519180298],[46984,18.26311993598938],[37449,15.057615041732788],[166353,17.779031991958618],[108581,16.066635131835938],[89971,20.684827089309692],[69305,16.557982921600342],[47537,18.891403198242188],[36999,15.839170932769775],[159298,15.438987016677856],[105502,15.630097150802612],[80465,18.46715211868286],[70696,16.957185983657837],[48197,17.71954607963562],[35033,21.118730068206787],[159744,18.67570185661316],[107686,16.759655952453613],[94010,16.481897115707397],[72691,15.993621826171875],[47901,18.78568696975708],[37038,15.128998041152954],[153580,18.130733966827393],[106724,16.07327890396118],[89251,16.72891092300415],[70155,15.414805173873901],[47467,18.960889101028442],[36388,18.568165063858032]],"CAC 2 parents fast local search":[[63967,15.005980014801025],[37995,15.01523494720459],[33926,15.003720998764038],[30557,15.01079797744751],[22792,15.001621961593628],[20182,15.000039100646973],[62084,15.012585878372192],[40782,15.00250506401062],[36152,15.003628015518188],[29279,15.008832931518555],[23563,15.003799200057983],[22503,15.013900995254517],[63228,15.015357971191406],[42604,15.014153957366943],[38993,15.019431829452515],[30715,15.006646156311035],[23405,15.001058101654053],[24011,15.01487398147583],[62615,15.015223026275635],[38539,15.013495922088623],[35163,15.01503300666809],[29454,15.010518074035645],[23049,15.009047031402588],[23182,15.016077041625977],[63097,15.013135194778442],[37884,15.012496948242188],[34176,15.018470048904419],[29489,15.008088827133179],[22832,15.01279902458191],[21406,15.014304876327515],[111296,15.001935005187988],[80639,15.012453079223633],[71876,15.001049995422363],[54792,15.002352952957153],[41205,15.003405094146729],[36074,15.00499701499939],[115012,15.001553058624268],[75020,15.001134157180786],[64408,15.015326976776123],[53274,15.00541090965271],[41106,15.010286092758179],[38676,15.009068012237549],[111197,15.013576984405518],[80311,15.016160011291504],[71670,15.001933097839355],[52764,15.002174139022827],[41641,15.016432046890259],[35525,15.004364967346191],[115790,15.00954818725586],[76840,15.015134811401367],[67111,15.010571002960205],[55150,15.003582000732422],[39616,15.010351181030273],[36663,15.00109314918518],[115580,15.007431983947754],[79521,15.000706911087036],[73467,15.01111102104187],[51971,15.006380796432495],[40595,15.015072107315063],[35423,15.01308798789978],[159020,15.005606889724731],[104681,15.000245094299316],[96356,15.012206077575684],[67682,15.002868890762329],[50352,15.014013051986694],[40798,15.009170055389404],[167894,15.00568413734436],[110625,15.017377853393555],[93338,15.011111974716187],[70191,15.00437307357788],[50717,15.011192083358765],[41588,15.008382081985474],[160860,15.00570011138916],[107209,15.007182121276855],[84016,15.018953084945679],[71145,15.010530948638916],[51763,15.01041316986084],[38983,15.006582975387573],[160534,15.012420892715454],[110198,15.014623880386353],[95700,15.029484033584595],[73264,15.007046937942505],[50993,15.014723062515259],[41673,15.006595849990845],[155125,15.007343053817749],[108911,15.004219055175781],[92916,15.016518115997314],[70937,15.001423120498657],[51178,15.007244110107422],[40131,15.01282000541687]],"LBO fast local search":[[63553,15.017048120498657],[37937,15.020557165145874],[34078,15.010272979736328],[30700,15.013602018356323],[22324,15.005589962005615],[21182,15.014622926712036],[61584,15.017854928970337],[40836,15.012852907180786],[35960,15.017534971237183],[29290,15.001017093658447],[22925,15.001322031021118],[22481,15.010841131210327],[63162,15.00088095664978],[42931,15.003862142562866],[39105,15.00356388092041],[30881,15.010231018066406],[23528,15.002660989761353],[23591,15.009123086929321],[62787,15.01432490348816],[38402,15.001364946365356],[34713,15.00365400314331],[29396,15.01485300064087],[23260,15.002119064331055],[22424,15.009145975112915],[62996,15.004059791564941],[37867,15.00063705444336],[34148,15.020388126373291],[29381,15.004363059997559],[22818,15.000584840774536],[21844,15.018120050430298],[111163,15.007411003112793],[80810,15.010025024414062],[71981,15.018580913543701],[54837,15.003178119659424],[42046,15.009550094604492],[36425,15.016375064849854],[114634,15.01627516746521],[74761,15.01095700263977],[64314,15.005473136901855],[53385,15.00245213508606],[41074,15.002192974090576],[38606,15.008920907974243],[111558,15.012245893478394],[79985,15.02705717086792],[71640,15.000236988067627],[52788,15.006102085113525],[41678,15.00113296508789],[36469,15.00283694267273],[115944,15.012582063674927],[76802,15.02304196357727],[66886,15.019303798675537],[55213,15.002220869064331],[39922,15.014182090759277],[36895,15.003262996673584],[115627,15.005115985870361],[79529,15.016090869903564],[73601,15.01102590560913],[52036,15.006463050842285],[40713,15.000740051269531],[33978,15.00274395942688],[159286,15.01501202583313],[104882,15.010398149490356],[96784,15.014031887054443],[67699,15.003858089447021],[50715,15.007768154144287],[40301,15.007376909255981],[167910,15.014120101928711],[110799,15.016649007797241],[92731,15.013102054595947],[70231,15.0049409866333],[50494,15.013185024261475],[41528,15.001421928405762],[160662,15.014595031738281],[107386,15.013206005096436],[83625,15.01833200454712],[71206,15.00757098197937],[51695,15.00105094909668],[38571,15.00530195236206],[160532,15.01142406463623],[110202,15.014041900634766],[96227,15.02100419998169],[73225,15.009539127349854],[51063,15.013610124588013],[41464,15.006663799285889],[155285,15.00151014328003],[108750,15.017574071884155],[92614,15.011253118515015],[70833,15.001749038696289],[51242,15.003705024719238],[40514,15.008364915847778]],