{"LBO slow local search":[[62276,16.094974040985107],[36489,16.457618951797485],[33035,15.43933916091919],[30044,15.907129049301147],[21415,15.366626977920532],[18009,15.166132926940918],[60195,15.411320924758911],[39461,16.52968692779541],[34770,15.275847911834717],[28529,16.218185901641846],[21989,16.040313959121704],[19388,16.435375928878784],[61766,16.017576932907104],[41367,17.205578088760376],[37725,15.654025077819824],[29965,15.337678909301758],[21913,15.378205060958862],[21623,16.31161093711853],[61449,15.863785982131958],[36602,15.226107120513916],[33325,18.27764105796814],[28722,14.86022400856018],[21394,16.416916847229004],[20196,17.834156036376953],[61411,15.188355207443237],[36236,16.090201139450073],[32013,15.145278215408325],[28919,16.413813829421997],[21191,15.88473391532898],[19028,16.821626901626587],[108806,18.188936948776245],[78613,17.584285020828247],[70406,19.785964965820312],[54032,16.738656044006348],[39952,16.49505591392517],[33399,20.021780014038086],[112821,17.07475709915161],[73417,16.692376136779785],[62700,15.42326307296753],[52763,16.521080017089844],[38955,15.573983907699585],[36231,15.314480066299438],[109834,17.67295813560486],[78594,16.943860054016113],[69915,15.112799167633057],[52060,15.113147020339966],[39838,16.422430992126465],[30773,15.568804025650024],[115162,16.546409845352173],[75208,16.68041205406189],[64176,15.215142011642456],[54604,15.091753005981445],[37927,17.69218611717224],[30578,15.144906044006348],[114237,17.246606826782227],[77847,19.479180097579956],[70590,15.919869899749756],[51319,16.93124008178711],[37847,18.66131591796875],[31713,15.945101022720337],[157945,15.528043985366821],[103060,15.052080869674683],[95305,16.12998104095459],[67182,16.08305597305298],[48476,15.018807888031006],[38582,17.132292985916138],[166521,15.57913613319397],[109472,15.93886685371399],[91639,17.093212127685547],[69327,10.756544828414917],[49385,17.40180993080139],[39668,16.780871868133545],[159497,15.233195066452026],[106056,15.238279104232788],[83153,17.668997049331665],[71095,16.180881023406982],[50720,16.95184016227722],[37426,17.84171199798584],[159687,15.862274169921875],[109103,15.198544979095459],[95241,17.996558904647827],[72941,15.060065031051636],[49333,17.256800889968872],[38442,17.99818706512451],[154162,15.400109767913818],[108222,17.91464900970459],[90686,17.54728412628174],[70462,15.304160118103027],[49320,17.574021100997925],[38651,17.1913480758667]],"TLBO":[[62717,18.56909704208374],[35503,17.10908603668213],[31503,18.15275478363037],[30146,15.835574865341187],[20019,17.61822199821472],[17316,20.309777975082397],[61043,17.748807907104492],[39234,18.44305682182312],[33081,20.290645122528076],[28643,17.010047912597656],[21402,17.880385875701904],[17867,21.491694927215576],[62064,18.654377937316895],[41767,16.632511138916016],[36965,18.554754972457886],[29811,16.52503800392151],[21048,18.343244075775146],[20057,21.205237865447998],[61376,18.583495140075684],[36410,17.814202070236206],[32051,19.357613801956177],[28613,18.260865926742554],[19864,17.779478073120117],[18213,19.196667909622192],[62167,17.438104152679443],[36026,18.45961308479309],[31966,20.089175939559937],[28940,17.822453022003174],[20853,17.96466898918152],[17995,22.018672943115234],[109548,17.494190216064453],[77551,17.00364112854004],[70158,20.25250506401062],[53955,16.529495000839233],[38579,17.43876004219055],[30057,15.724499940872192],[113285,17.958741903305054],[72638,18.460207223892212],[62426,19.436733961105347],[52395,15.364609003067017],[38408,19.010287046432495],[34876,16.963171005249023],[109557,17.149919986724854],[78746,17.843738079071045],[68820,20.22029185295105],[51599,15.769146919250488],[38687,16.71521496772766],[28111,15.466799974441528],[114885,16.279749870300293],[74264,17.509886980056763],[64369,18.441307067871094],[54546,16.25554895401001],[37089,19.494709968566895],[28906,15.184268951416016],[113764,19.679944038391113],[77680,19.723331928253174],[70614,20.92228889465332],[51322,17.43251895904541],[36906,19.972312927246094],[28124,15.637169122695923],[158110,16.52410387992859],[102045,15.285288095474243],[94369,16.855628967285156],[67109,16.155054807662964],[48212,15.667749166488647],[37368,18.70338487625122],[166310,17.156080961227417],[108686,15.641392946243286],[91699,16.759642124176025],[69625,15.27808403968811],[48188,15.76688289642334],[37139,17.973196029663086],[159712,15.555423974990845],[105382,15.611268043518066],[82245,16.999897003173828],[70915,17.516777992248535],[48917,16.219187021255493],[35507,17.264809131622314],[159757,18.08844494819641],[108982,15.266633987426758],[95239,16.97145390510559],[72669,16.530597925186157],[49177,15.542122840881348],[37192,19.732897996902466],[154610,18.317709922790527],[107558,18.189582109451294],[90262,16.9093599319458],[70349,15.204118967056274],[48062,15.31124496459961],[38682,17.02880096435547]],"TBO top5 slow local search":[[62766,17.51049494743347],[34975,20.42752981185913],[30532,19.62458109855652],[29818,15.623368978500366],[19456,16.576966047286987],[15403,17.886815071105957],[61110,16.131944179534912],[37299,21.94695019721985],[33206,19.775057077407837],[28222,15.118968963623047],[20994,21.819065809249878],[17727,18.13665199279785],[61724,15.071403980255127],[39527,20.185567140579224],[36544,16.258716106414795],[29561,18.086612939834595],[20990,15.94389295578003],[19328,17.75047993659973],[60875,19.250218152999878],[35620,20.269681930541992],[32051,21.616938829421997],[28473,16.85753321647644],[18722,15.458109140396118],[16647,20.72960591316223],[61800,16.712071895599365],[34873,18.74693989753723],[30972,20.016290187835693],[28398,17.097437858581543],[21068,21.142647981643677],[16772,17.859411001205444],[109431,19.933463096618652],[77551,21.036490201950073],[68442,22.065865993499756],[53656,16.018622159957886],[37152,21.40104103088379],[30057,15.716229915618896],[112829,21.33707094192505],[71653,19.590682983398438],[60539,23.303797960281372],[52335,16.735424041748047],[37314,22.851815938949585],[32720,16.388094902038574],[109463,19.368757009506226],[78077,20.90837597846985],[67524,22.132061004638672],[51599,17.53356099128723],[37659,24.47941303253174],[29510,17.63389301300049],[114612,17.514267921447754],[73464,19.60242509841919],[61322,20.854344844818115],[53990,18.70202112197876],[36317,25.955394983291626],[28261,15.551258087158203],[113551,21.121925115585327],[75360,22.45973014831543],[68942,23.03463101387024],[51024,17.860912084579468],[35401,23.75339913368225],[27159,16.089827060699463],[157888,15.736763000488281],[102182,15.966578006744385],[93140,16.62172293663025],[67118,17.639660120010376],[47128,18.04668092727661],[38051,20.376925945281982],[166209,15.4913170337677],[107997,16.71196413040161],[90283,18.797409057617188],[69533,17.87241816520691],[47277,18.439950942993164],[36722,19.97773504257202],[159669,15.199268102645874],[105435,15.54888391494751],[81034,17.382174015045166],[70851,15.445274114608765],[48228,18.32260799407959],[35458,15.182796955108643],[159183,18.154945135116577],[108982,16.21970295906067],[95203,19.730012893676758],[72601,16.427305936813354],[48346,19.163769006729126],[37989,21.096418857574463],[153955,17.424829959869385],[106740,16.39507293701172],[90262,18.587674140930176],[70284,18.167994022369385],[47438,18.36085605621338],[35813,18.650686979293823]],