{"LBO slow local search":[[127530,24.281394958496094],[79076,30.161792993545532],[77766,30.36650800704956],[58355,18.83497405052185],[44134,27.251720905303955],[44404,24.093662977218628],[119418,20.80327796936035],[81443,26.630481004714966],[75964,31.978893041610718],[59670,19.48362898826599],[45434,26.568031072616577],[43013,31.783219814300537],[120403,26.63563299179077],[81741,33.91483402252197],[71103,35.10654282569885],[58222,20.154603958129883],[46167,28.096134901046753],[41775,31.796540021896362],[121549,25.202197074890137],[83811,26.17711091041565],[76148,30.395270824432373],[59830,24.48970913887024],[45498,28.25589895248413],[44258,33.38567495346069],[122372,24.251596927642822],[83293,30.004397869110107],[77813,31.18899393081665],[59432,18.196186065673828],[45125,28.939425945281982],[46116,25.575337171554565],[231508,19.742372035980225],[154584,31.558550119400024],[139735,42.822959184646606],[108014,20.317935943603516],[79178,23.869298219680786],[75762,20.555307149887085],[241172,20.9479660987854],[154074,24.215046882629395],[144694,36.38640093803406],[106864,18.634538888931274],[77082,33.50551199913025],[75026,24.121669054031372],[241327,15.88635802268982],[158940,20.490810871124268],[152712,37.81703305244446],[106367,16.105923891067505],[77928,19.451115131378174],[74253,22.893099784851074],[236565,18.638307809829712],[160259,21.712361812591553],[145633,33.73261213302612],[105513,18.080173015594482],[77287,21.98997688293457],[76675,24.3593111038208],[237942,19.793354988098145],[153500,30.42101001739502],[133395,27.79433298110962],[104587,17.600895166397095],[76137,27.061239004135132],[73685,35.09778904914856],[321935,19.664506912231445],[218906,29.056905031204224],[179673,34.834699869155884],[140845,16.46607804298401],[98311,30.016066074371338],[81596,30.29761505126953],[321359,20.006201028823853],[227026,30.93956995010376],[188399,36.94709801673889],[139642,18.2217378616333],[98276,23.771871089935303],[80562,35.60079097747803],[317404,15.20345687866211],[228568,33.64594793319702],[203172,38.83446216583252],[141941,19.397451877593994],[98198,34.94822692871094],[80987,27.617983102798462],[333895,25.280867099761963],[237556,22.89144015312195],[210150,38.27507209777832],[140925,15.315109968185425],[99428,25.162454843521118],[81129,28.829642057418823],[331253,23.092834949493408],[203724,29.738318920135498],[189693,35.53431701660156],[139006,20.024615049362183],[97888,16.415208101272583],[82025,25.643392086029053]],"TLBO":[[128814,28.909344911575317],[78419,55.56570100784302],[76757,67.73138284683228],[58869,18.681518077850342],[42059,64.17497706413269],[44404,60.23175597190857],[122547,26.269057035446167],[78842,59.24943995475769],[72901,66.05447196960449],[59941,21.68700408935547],[44642,64.33174514770508],[43830,75.79049396514893],[121344,35.2961859703064],[78818,64.50902605056763],[65599,72.62733316421509],[57908,27.323493003845215],[43199,70.01599788665771],[41019,83.04295420646667],[122757,27.45255208015442],[80257,59.45781993865967],[73673,69.45403814315796],[59255,27.960750102996826],[45186,67.11632919311523],[44579,81.93656706809998],[124264,24.358272075653076],[80410,52.92304801940918],[75711,71.77949690818787],[58968,23.28162980079651],[43875,70.71037912368774],[44563,66.7425889968872],[232865,18.13575315475464],[151451,53.323570013046265],[134146,82.14674186706543],[108305,23.767827033996582],[78784,65.68204808235168],[76000,46.45893406867981],[242958,18.14918088912964],[150369,47.24825596809387],[138329,66.42994093894958],[106475,21.568974018096924],[75008,77.18149304389954],[75298,59.149497985839844],[243594,22.895017862319946],[157337,42.26022696495056],[146019,70.62059283256531],[106059,19.8370840549469],[76404,50.88812804222107],[75202,60.83155393600464],[239311,23.645196199417114],[157032,39.18260598182678],[143780,71.52697801589966],[104520,17.19121503829956],[75604,54.81181502342224],[71880,51.25378084182739],[239743,18.874523162841797],[149555,64.83178901672363],[131978,64.99572920799255],[104289,17.24539804458618],[76606,71.6984851360321],[71060,73.02001595497131],[323449,19.74738597869873],[215942,45.26127505302429],[176019,55.26529097557068],[140562,24.04406714439392],[95033,58.652660846710205],[81596,70.25132489204407],[323059,17.006587028503418],[226409,55.66666603088379],[185022,52.5184600353241],[139698,20.487249851226807],[97484,62.63644886016846],[80562,64.20340299606323],[319350,31.681795835494995],[226058,48.67237377166748],[200308,50.549981117248535],[141574,15.256333827972412],[97020,64.14593696594238],[80070,53.59715914726257],[336105,19.50932812690735],[236587,43.0902419090271],[208766,56.977783203125],[141112,18.12611484527588],[96818,51.460057973861694],[80388,62.885595083236694],[330267,20.951045036315918],[203724,44.99332404136658],[187579,52.51439595222473],[139075,20.574002981185913],[97480,43.40107083320618],[80840,70.33885884284973]],"TBO top5 slow local search":[[128871,27.210118055343628],[77868,62.59067106246948],[76757,69.18300199508667],[58771,20.9149489402771],[44895,70.9937391281128],[45864,57.6106390953064],[122849,25.12468910217285],[80457,55.24653506278992],[72901,69.3483350276947],[59185,20.237469911575317],[43899,67.76348209381104],[41394,73.97162294387817],[121246,30.89107322692871],[78818,73.80270290374756],[68199,72.31030797958374],[57908,26.70940113067627],[42749,62.90857005119324],[41056,81.98300504684448],[122851,27.240947008132935],[82543,55.77508497238159],[73673,64.8838369846344],[59461,27.422189950942993],[45138,71.91816306114197],[44771,85.02292799949646],[124374,25.81822896003723],[82196,57.82060098648071],[73801,70.04570007324219],[59313,26.56921696662903],[42444,69.86770009994507],[44870,61.86284613609314],[232878,23.398410081863403],[151451,48.13188815116882],[134146,76.46226406097412],[108014,15.801506042480469],[78660,53.94890594482422],[76202,46.21973490715027],[242183,19.817699193954468],[150369,48.774982213974],[139793,57.86066293716431],[106475,16.702018976211548],[75344,74.69733786582947],[73266,52.82112097740173],[243213,23.3385910987854],[157337,47.70099115371704],[146019,66.79501295089722],[106059,17.659912109375],[76656,55.99883699417114],[75923,65.15555095672607],[239329,19.849595069885254],[157032,40.41358280181885],[143780,64.38386702537537],[104745,29.266690015792847],[74989,57.26563882827759],[73562,60.100610971450806],[239650,23.04317593574524],[150442,62.49957990646362],[131978,61.66069316864014],[104474,20.45462989807129],[77429,68.93792486190796],[70206,68.30648994445801],[322553,20.807422876358032],[217142,46.324246883392334],[176019,58.64957404136658],[141371,26.279421091079712],[95626,61.1053249835968],[82251,60.645527839660645],[322979,19.928520917892456],[226409,48.0417001247406],[185022,59.125335931777954],[139604,19.856157779693604],[97080,56.00485706329346],[80562,77.32747602462769],[318735,28.25196385383606],[226058,52.10904002189636],[200882,55.495320081710815],[141628,23.962043046951294],[99533,64.73443984985352],[80412,52.77814316749573],[336039,19.41599202156067],[236894,47.9256010055542],[208766,49.09206295013428],[141559,26.560697078704834],[96409,43.82911014556885],[80388,60.42542099952698],[331226,22.34643006324768],[203724,47.10695004463196],[187579,57.24069619178772],[138718,28.290019989013672],[96893,39.267422914505005],[81454,64.9185700416565]],