{"TLBO":[[129231,27.107424020767212],[78127,60.84519004821777],[77454,80.76398706436157],[58335,29.33834195137024],[44619,62.96717381477356],[43530,81.7512891292572],[122567,30.451820135116577],[80245,53.55782198905945],[74019,81.5921471118927],[59643,22.66511821746826],[43708,53.020164012908936],[42377,55.96578788757324],[120377,39.86440086364746],[79071,66.85115098953247],[65987,71.18111610412598],[58004,26.112035036087036],[42896,67.75229287147522],[39569,100.02547287940979],[123427,35.31354308128357],[80336,67.57982301712036],[74057,68.93647193908691],[59535,28.246525764465332],[45355,61.43795585632324],[46047,66.5018858909607],[124483,33.05424094200134],[81810,64.3506588935852],[73950,67.34010791778564],[59582,30.80138611793518],[42695,75.58097887039185],[45208,58.72272300720215],[232939,15.772022008895874],[148252,64.98775386810303],[131269,84.84587001800537],[108172,27.49155282974243],[77173,46.07275390625],[74062,46.777583837509155],[242804,19.015669107437134],[151851,54.76930904388428],[140385,75.89093804359436],[106979,21.329111099243164],[75130,72.43993902206421],[74692,59.94319701194763],[242641,29.287151098251343],[156394,45.504690170288086],[148178,38.362411975860596],[104783,23.715595960617065],[76156,72.27076601982117],[71444,52.15225791931152],[239431,26.0861759185791],[158954,60.57080006599426],[142132,75.3833520412445],[104173,21.30688786506653],[75468,82.33791399002075],[73598,56.22316002845764],[238990,24.063530921936035],[151279,68.4153790473938],[131134,61.98652100563049],[104208,18.64989709854126],[76346,69.32958698272705],[74653,78.25698494911194],[323434,21.58729600906372],[216790,47.43606495857239],[176693,54.585275173187256],[140656,17.9274160861969],[96683,59.260560035705566],[81230,71.0550148487091],[323300,19.958518028259277],[226363,45.59047603607178],[185847,54.757567167282104],[139563,17.05100703239441],[94701,47.144635915756226],[78328,68.90925812721252],[318124,27.14844512939453],[226862,43.076716899871826],[200318,58.12200903892517],[141723,25.561922073364258],[99906,49.44301915168762],[80270,43.44632005691528],[335903,22.01535701751709],[235803,45.0362229347229],[207711,56.178937911987305],[140994,23.436161994934082],[97376,53.73892307281494],[79876,59.687092781066895],[331500,18.09050703048706],[202147,42.53606915473938],[185184,56.40673518180847],[138619,25.50262212753296],[97274,48.360288858413696],[82853,61.311649799346924]],"CAC 2 parents fast local search":[[131431,15.027587890625],[83347,15.012914896011353],[81097,15.049922943115234],[60738,15.017760992050171],[47545,15.016942977905273],[45347,15.000996112823486],[125558,15.008243799209595],[84320,15.026971101760864],[75808,15.080389976501465],[62082,15.001370906829834],[46180,15.041504859924316],[45745,15.00978684425354],[124174,15.000432014465332],[84090,15.02898120880127],[68700,15.094611883163452],[59899,15.00089693069458],[47846,15.004548072814941],[46027,15.002811908721924],[124881,15.023758888244629],[86065,15.025467872619629],[74263,15.0534348487854],[61534,15.01816701889038],[48213,15.007839918136597],[49818,15.000271081924438],[126845,15.016690015792847],[87098,15.009044170379639],[78866,15.01023006439209],[61745,15.02020001411438],[47351,15.030089855194092],[49625,15.001559019088745],[235801,15.00154995918274],[156923,15.001389026641846],[137951,15.005143880844116],[109934,15.000699996948242],[83925,15.013880014419556],[81621,15.003794193267822],[244599,15.007659912109375],[158164,15.01010799407959],[148473,15.016431093215942],[108739,15.000816106796265],[83302,15.014808893203735],[79715,15.003242015838623],[246739,15.007292985916138],[163744,15.027101993560791],[154925,15.004690170288086],[107268,15.012751817703247],[82426,15.019618034362793],[79524,15.015000104904175],[241940,15.002864122390747],[164335,15.024812936782837],[147363,15.032626152038574],[107075,15.00430703163147],[81312,15.000908851623535],[80103,15.002103090286255],[242076,15.009854078292847],[156918,15.00206995010376],[139219,15.026984930038452],[106374,15.009525060653687],[83833,15.002436876296997],[80382,15.009701013565063],[325433,15.00907015800476],[218824,15.0473051071167],[178384,15.006964921951294],[142470,15.0016930103302],[100098,15.043001174926758],[85689,15.0437650680542],[325626,15.008901119232178],[230176,15.011335849761963],[186336,15.080871820449829],[140868,15.002785921096802],[102632,15.031132936477661],[84003,15.010075092315674],[321307,15.006470918655396],[229747,15.102183103561401],[202376,15.063341856002808],[142962,15.010597944259644],[102700,15.019837856292725],[85278,15.017679929733276],[338160,15.010735034942627],[240644,15.041445016860962],[208960,15.035804033279419],[142596,15.010356903076172],[102038,15.019140005111694],[85689,15.020136833190918],[333626,15.014615058898926],[205313,15.03767991065979],[187882,15.03595495223999],[139988,15.013766050338745],[101253,15.006524085998535],[86406,15.005677938461304]],"LBO fast local search":[[131755,15.007775068283081],[82301,15.037944078445435],[78608,15.055094003677368],[60448,15.01832103729248],[48207,15.047969102859497],[46185,15.057627201080322],[124853,15.009576082229614],[84447,15.059212923049927],[74019,15.034872055053711],[61753,15.014240980148315],[48465,15.013237953186035],[44690,15.029865026473999],[123675,15.03021502494812],[84499,15.03727102279663],[67082,15.02858304977417],[60203,15.010038137435913],[48239,15.00073504447937],[42413,15.020267009735107],[125581,15.03156590461731],[85784,15.045323133468628],[78796,15.045015811920166],[61822,15.00756311416626],[49199,15.000310897827148],[49773,15.025967121124268],[125496,15.02657699584961],[86959,15.023980855941772],[76728,15.019118070602417],[61510,15.021260976791382],[47229,15.008247137069702],[50406,15.020150899887085],[235389,15.00971007347107],[157215,15.008342027664185],[143000,15.002561807632446],[109973,15.004181146621704],[84394,15.007239818572998],[82235,15.00514006614685],[244652,15.012712001800537],[157891,15.01313304901123],[149475,15.023207902908325],[108423,15.00876498222351],[82644,15.002721071243286],[79680,15.007553100585938],[246148,15.015024900436401],[163177,15.008409023284912],[154997,15.001051902770996],[107379,15.005834102630615],[82371,15.012289047241211],[80351,15.005918025970459],[242298,15.00927996635437],[165305,15.004465103149414],[150765,15.034558057785034],[107200,15.006704092025757],[80939,15.020907163619995],[77977,15.005765914916992],[241819,15.010826110839844],[158220,15.011324882507324],[139852,15.000026941299438],[106597,15.009525060653687],[83714,15.00888204574585],[80800,15.02543592453003],[325863,15.006770133972168],[217478,15.083152055740356],[176693,15.096585988998413],[142306,15.006847858428955],[101386,15.017520904541016],[85036,15.048332929611206],[325445,15.010413885116577],[230803,15.012661933898926],[186016,15.027714967727661],[140964,15.003906011581421],[101783,15.036678791046143],[84726,15.03875184059143],[321174,15.014068126678467],[229688,15.008315086364746],[204363,15.042688846588135],[142878,15.00894808769226],[101749,15.03044605255127],[86199,15.00277304649353],[338136,15.006028890609741],[240710,15.012670040130615],[208971,15.030996799468994],[142455,15.013116121292114],[101459,15.052073955535889],[85964,15.010586977005005],[333346,15.018784046173096],[202046,15.04491114616394],[185184,15.06069016456604],[140175,15.006105899810791],[100909,15.025084018707275],[86708,15.016523122787476]],