{"Rao1 top1 bottom1 repair operator":[[27974,120.25506281852722],[24162,120.00212001800537],[19084,120.00079894065857],[7526,120.00771713256836],[8138,120.01047110557556],[7560,120.0003309249878],[23293,120.00989699363708],[22379,120.00827503204346],[22535,120.00644707679749],[8864,120.00731587409973],[8075,120.00095796585083],[6339,120.00803899765015],[26889,120.02534794807434],[21115,120.0080349445343],[18163,120.01366209983826],[6418,120.01671600341797],[7561,120.0170168876648],[6553,120.00092697143555],[26461,120.03054714202881],[23586,120.0100769996643],[18377,120.00310587882996],[8162,120.03046584129333],[8179,120.00995993614197],[6700,120.00438284873962],[26334,120.02261686325073],[27756,120.00126004219055],[21744,120.00206899642944],[8099,120.00665092468262],[7822,120.01198196411133],[6798,120.01052713394165],[47786,120.00219297409058],[40963,120.03062891960144],[36774,120.0132429599762],[12884,120.035315990448],[13556,120.02294087409973],[10589,120.02709889411926],[49326,120.01067781448364],[41952,120.01596903800964],[35301,120.00125408172607],[15304,120.01776504516602],[14437,120.01670718193054],[10393,120.01087093353271],[45060,120.01976013183594],[45752,120.03096604347229],[35110,120.01215696334839],[14161,120.00130295753479],[12917,120.00279688835144],[11550,120.02661895751953],[51564,120.01475691795349],[43774,120.01535391807556],[33549,120.02826189994812],[12557,120.01318407058716],[14262,120.0095489025116],[10597,120.0109281539917],[47049,120.01658916473389],[46712,120.00488591194153],[33678,120.004723072052],[14714,120.0017421245575],[13252,120.00376105308533],[10807,120.00479006767273],[75745,120.03883600234985],[63056,120.00969386100769],[48920,120.00767612457275],[18668,120.03705716133118],[17256,120.04514718055725],[13555,120.00074815750122],[68298,120.00161600112915],[54855,120.0458071231842],[53112,120.02108693122864],[18683,120.02968692779541],[20426,120.03035807609558],[14170,120.01617002487183],[69235,120.03666996955872],[68015,120.00111985206604],[55765,120.02487421035767],[19934,120.00592184066772],[18405,120.00632405281067],[14183,120.0084319114685],[77122,120.00414705276489],[63425,120.01124405860901],[64351,120.01010513305664],[20570,120.00339698791504],[19760,120.02032089233398],[16088,120.00688695907593],[61726,120.01805686950684],[56208,120.0097029209137],[50565,120.00152516365051],[17252,120.01701998710632],[17791,120.00308799743652],[14043,120.00573396682739]],"Rao1 top15 bottom15 fast local search":[[30781,120.0070390701294],[28116,120.02209401130676],[21124,120.01115012168884],[10518,120.03738903999329],[9456,120.00735092163086],[9718,120.012216091156],[27434,120.04043006896973],[25445,120.00877594947815],[25309,120.02099108695984],[10308,120.00707292556763],[10346,120.00485491752625],[10046,120.00777411460876],[29464,120.00444197654724],[22942,120.01918911933899],[18997,120.00718808174133],[9288,120.01318001747131],[9397,120.01578998565674],[9298,120.00926089286804],[30128,120.02063298225403],[25970,120.00584602355957],[19785,120.00338697433472],[10028,120.00037097930908],[9624,120.010488986969],[9211,120.00489711761475],[33003,120.03707194328308],[29563,120.01025295257568],[23760,120.00993299484253],[9750,120.00945115089417],[9725,120.01734209060669],[8602,120.02121496200562],[49713,120.0050699710846],[41633,120.00945901870728],[38077,120.01044297218323],[16945,120.00984215736389],[16534,120.02825403213501],[13293,120.01294708251953],[52364,120.00380206108093],[45323,120.0043249130249],[35468,120.00356101989746],[16681,120.0164008140564],[16017,120.03335189819336],[15103,120.00164294242859],[53474,120.00859117507935],[48558,120.01328182220459],[37120,120.01206016540527],[17411,120.03064393997192],[14899,120.01188683509827],[14403,120.00416803359985],[53859,120.00499701499939],[48491,120.00207686424255],[36216,120.00785398483276],[18017,120.00271606445312],[16007,120.03837013244629],[15146,120.00465416908264],[53836,120.00978708267212],[47821,120.04207396507263],[38553,120.02256608009338],[16890,120.01873803138733],[16030,120.0086407661438],[13983,120.01169013977051],[78550,120.01682090759277],[64327,120.00577592849731],[51036,120.00067687034607],[22868,120.0082950592041],[21164,120.0237889289856],[17819,120.00107192993164],[75277,120.01324391365051],[59497,120.00888204574585],[54806,120.00265002250671],[22812,120.00340604782104],[22489,120.04462909698486],[17776,120.01932501792908],[72944,120.0296277999878],[69499,120.00093603134155],[57409,120.01401782035828],[22613,120.00309991836548],[21539,120.00244402885437],[17173,120.01395893096924],[80647,120.01857113838196],[66012,120.03098392486572],[66455,120.00063490867615],[22398,120.00515413284302],[22787,120.00646996498108],[18439,120.0000569820404],[68390,120.02431607246399],[61876,120.00321698188782],[53206,120.01037502288818],[21095,120.00816702842712],[19101,120.01091814041138],[16956,120.006098985672]],"Rao1 top5 bottom5 repair operator":[[30382,120.01454901695251],[27990,120.00770783424377],[21243,120.01255893707275],[10178,120.0002658367157],[8991,120.02863788604736],[8847,120.00256204605103],[26812,120.02256679534912],[24712,120.0057020187378],[25091,120.00566983222961],[9533,120.01613807678223],[8773,120.0074188709259],[7202,120.0035469532013],[28875,120.00550103187561],[21835,120.029953956604],[18745,120.01089215278625],[8533,120.00463509559631],[8593,120.00370001792908],[7107,120.00465202331543],[28099,120.00718998908997],[25949,120.00863099098206],[19571,120.00176787376404],[9183,120.00171995162964],[8906,120.00020289421082],[7676,120.00100612640381],[32872,120.0025098323822],[29680,120.00170111656189],[23886,120.00565600395203],[9103,120.02259278297424],[9343,120.00145697593689],[7677,120.00336289405823],[48616,120.00265908241272],[41884,120.00132822990417],[37794,120.0076379776001],[16128,120.02716398239136],[14205,120.0205590724945],[10551,120.00967907905579],[52294,120.02539491653442],[45113,120.00113296508789],[35039,120.00660991668701],[15590,120.00849199295044],[14257,120.0008749961853],[13249,120.01098394393921],[52638,120.0155611038208],[48392,120.01067805290222],[35883,120.00042700767517],[16806,120.0000319480896],[13770,120.00951480865479],[12596,120.00360298156738],[50829,120.03397107124329],[48363,120.01639294624329],[35399,120.00610303878784],[16914,120.00526714324951],[15363,120.00586891174316],[14354,120.00382399559021],[51214,120.00244212150574],[42505,120.01867699623108],[36620,120.00021004676819],[15244,120.02487802505493],[16208,120.02370691299438],[14149,120.01915287971497],[78272,120.00079298019409],[64170,120.00039315223694],[50849,120.00341892242432],[21768,120.0274350643158],[20202,120.0032250881195],[14856,120.01113605499268],[71770,120.00865411758423],[58455,120.01056694984436],[54806,120.00895404815674],[22095,120.02913498878479],[21971,120.00223684310913],[13878,120.00688290596008],[68314,120.0375669002533],[65823,120.01095581054688],[57266,120.01362490653992],[22882,120.00890588760376],[20958,120.001629114151],[17592,120.00378489494324],[80293,120.02518105506897],[62329,120.00743818283081],[66245,120.01777911186218],[22961,120.00901794433594],[22593,120.03036284446716],[19029,120.00059795379639],[67834,120.00069808959961],[58820,120.02480792999268],[50658,120.00534701347351],[18247,120.00363302230835],[18923,120.00313210487366],[15172,120.00084400177002]],