{"Rao1 top1 bottom1 repair operator":[[22187,120.30194997787476],[18741,120.02308177947998],[19626,120.01285815238953],[8577,120.0157380104065],[7890,120.00131702423096],[4292,120.0133888721466],[22838,120.00713801383972],[17986,120.0296540260315],[17773,120.01379203796387],[8517,120.00947690010071],[6084,120.01023197174072],[5154,120.00517082214355],[24697,120.0039541721344],[17037,120.00559091567993],[16562,120.00964403152466],[7195,120.00335097312927],[7133,120.00588893890381],[6236,120.00504207611084],[24038,120.00886702537537],[17707,120.00039505958557],[14892,120.0253050327301],[8867,120.00149893760681],[6708,120.00387191772461],[5287,120.02201199531555],[22875,120.00472497940063],[17071,120.03389692306519],[17143,120.00361514091492],[8693,120.00447010993958],[8042,120.02317976951599],[6760,120.00649785995483],[41956,120.02453780174255],[33942,120.02393198013306],[31673,120.000235080719],[16209,120.01016497612],[12598,120.03350901603699],[9895,120.01429200172424],[43582,120.03734517097473],[32338,120.01239109039307],[30365,120.01501393318176],[15603,120.00511503219604],[14364,120.01392912864685],[11511,120.0311050415039],[39595,120.0318021774292],[26974,120.01214981079102],[28682,120.00249099731445],[17112,120.01334881782532],[13218,120.00600099563599],[10441,120.01936388015747],[40911,120.0209710597992],[34403,120.02911710739136],[31040,120.01675605773926],[16233,120.03319191932678],[14283,120.01937913894653],[9049,120.01942706108093],[47094,120.02446293830872],[33899,120.01612782478333],[30908,120.04351592063904],[13610,120.00006198883057],[14637,120.01789712905884],[10683,120.00094199180603],[64625,120.00216102600098],[43330,120.00264382362366],[38533,120.00243616104126],[19775,120.03975987434387],[17403,120.02922916412354],[13046,120.04047894477844],[60495,120.00412106513977],[42332,120.03565287590027],[44493,120.00486993789673],[22823,120.00255513191223],[18465,120.00116300582886],[13387,120.03045582771301],[65081,120.03176617622375],[56401,120.02741599082947],[45010,120.01613116264343],[21077,120.00087904930115],[19740,120.0057680606842],[13667,120.01449489593506],[57129,120.0128538608551],[53797,120.00013303756714],[45198,120.01799201965332],[22286,120.00234317779541],[19925,120.01265215873718],[13364,120.00410604476929],[68707,120.00664496421814],[43546,120.00483989715576],[47080,120.00239300727844],[22572,120.03488612174988],[20967,120.0048999786377],[12044,120.00510597229004]],"Rao1 top15 bottom15 fast local search":[[28456,120.00557708740234],[20987,120.01476907730103],[21129,120.00001192092896],[10389,120.01427102088928],[9118,120.01354908943176],[7659,120.01229310035706],[26266,120.02803301811218],[19783,120.00061798095703],[18948,120.01356101036072],[9764,120.03671789169312],[9074,120.02702808380127],[7876,120.01010584831238],[26357,120.00865888595581],[19197,120.02949285507202],[19055,120.01740312576294],[10627,120.00698709487915],[8810,120.0094678401947],[8889,120.00966000556946],[25904,120.0337061882019],[19965,120.01737189292908],[16356,120.01401996612549],[10410,120.01067209243774],[9880,120.01251602172852],[8981,120.02364182472229],[25977,120.00920486450195],[19053,120.00878381729126],[17333,120.00727820396423],[10356,120.03425097465515],[9357,120.02335286140442],[8475,120.00298190116882],[46472,120.01480507850647],[35533,120.0072889328003],[32945,120.02393913269043],[18600,120.01319193840027],[14941,120.01548194885254],[13506,120.01119804382324],[47266,120.01281213760376],[35653,120.02090096473694],[33089,120.0177550315857],[19193,120.00626683235168],[16849,120.02056407928467],[15457,120.00749516487122],[44015,120.01697111129761],[32435,120.00465393066406],[31246,120.01424503326416],[19511,120.01319289207458],[17592,120.0183310508728],[14664,120.005038022995],[45506,120.02138710021973],[37657,120.01331400871277],[33222,120.00727486610413],[19370,120.01451086997986],[16672,120.01630902290344],[13858,120.01273488998413],[49821,120.03554892539978],[36902,120.01133704185486],[32932,120.00002789497375],[19195,120.01029801368713],[16650,120.01194715499878],[14132,120.02914500236511],[65380,120.00570702552795],[46501,120.00339698791504],[40858,120.00324392318726],[25273,120.00732088088989],[20533,120.03174209594727],[15827,120.02972888946533],[65321,120.02408599853516],[44815,120.00191521644592],[46893,120.0171229839325],[25426,120.00097799301147],[21700,120.02453017234802],[16547,120.01282000541687],[68353,120.00132203102112],[57818,120.00103211402893],[46672,120.01962804794312],[25665,120.02901792526245],[21603,120.00647711753845],[16279,120.03184700012207],[61155,120.00718903541565],[55893,120.01386094093323],[48318,120.00728988647461],[25078,120.00422310829163],[21725,120.01949906349182],[16510,120.01443600654602],[69187,120.03253412246704],[47370,120.01556992530823],[48633,120.01777982711792],[25559,120.00617694854736],[22095,120.00776696205139],[15344,120.02648496627808]],"Rao1 top5 bottom5 repair operator":[[27579,120.01491379737854],[20905,120.01012396812439],[21065,120.00201296806335],[9981,120.00661492347717],[8197,120.01146411895752],[7157,120.01196718215942],[25407,120.00074195861816],[19285,120.00338578224182],[18056,120.02093195915222],[9405,120.00207209587097],[8743,120.0188729763031],[6284,120.01844906806946],[26174,120.01179790496826],[18330,120.0313491821289],[18851,120.00407004356384],[10232,120.00195097923279],[8905,120.03334712982178],[8706,120.00077605247498],[25964,120.0017638206482],[19928,120.01984000205994],[16002,120.00620079040527],[10411,120.00308394432068],[9313,120.0030300617218],[7550,120.00878190994263],[26078,120.00131702423096],[17613,120.0205729007721],[17576,120.00168204307556],[9470,120.00209999084473],[8115,120.00976395606995],[8324,120.00182104110718],[45653,120.00608706474304],[35096,120.00208806991577],[32532,120.02412509918213],[18188,120.03830194473267],[14465,120.01078510284424],[11161,120.01171898841858],[43553,120.04776191711426],[31977,120.02078914642334],[32712,120.02057719230652],[16260,120.00259399414062],[16472,120.00463700294495],[14901,120.0123119354248],[41633,120.02895402908325],[28262,120.01465892791748],[30688,120.00222301483154],[16328,120.00683283805847],[16720,120.04296112060547],[13586,120.00072693824768],[43391,120.02591109275818],[34905,120.01501297950745],[32712,120.00924110412598],[14723,120.00891304016113],[15154,120.00339198112488],[14091,120.01021718978882],[48926,120.00018787384033],[31858,120.01217007637024],[32483,120.01050806045532],[18473,120.01248383522034],[16008,120.03195786476135],[9856,120.00293707847595],[64907,120.0118420124054],[44024,120.02511882781982],[40697,120.0028281211853],[20351,120.0108380317688],[19341,120.02693700790405],[15827,120.01292204856873],[62021,120.03180193901062],[43119,120.0033929347992],[46241,120.0102059841156],[22386,120.00010299682617],[20118,120.00268816947937],[14700,120.03395199775696],[64623,120.0063989162445],[56080,120.0168149471283],[45067,120.0138328075409],[23736,120.02734780311584],[18825,120.01841807365417],[14418,120.0003969669342],[58645,120.01249098777771],[53905,120.0337769985199],[48375,120.0214490890503],[23202,120.00575613975525],[21591,120.00787091255188],[15472,120.01643681526184],[69030,120.00830292701721],[44757,120.02717185020447],[48666,120.00899910926819],[24841,120.0284149646759],[20815,120.0094850063324],[14604,120.00948882102966]],