{"Jaya top15 bottom15 no local search":[[30236,20.000139951705933],[27643,20.000182151794434],[20970,20.00016498565674],[10376,20.000205993652344],[9955,20.000450134277344],[9896,20.000017881393433],[27324,20.000437021255493],[25489,20.00047278404236],[25836,20.002339124679565],[10609,20.000079870224],[10687,20.00197696685791],[9139,20.000398874282837],[29426,20.00321078300476],[23043,20.00148606300354],[19905,20.0002920627594],[10067,20.000405073165894],[9477,20.0002019405365],[9360,20.00002694129944],[30282,20.000135898590088],[26895,20.000010013580322],[21110,20.000328063964844],[10492,20.00037693977356],[9856,20.000102043151855],[9439,20.000460863113403],[32787,20.00009298324585],[30355,20.000388145446777],[24975,20.00010895729065],[10594,20.000022888183594],[10315,20.000068187713623],[9276,20.000202894210815],[51414,20.000006914138794],[43973,20.000083923339844],[39655,20.000439882278442],[18212,20.000071048736572],[17298,20.00020408630371],[15578,20.000444889068604],[52791,20.001354217529297],[47415,20.00241494178772],[37829,20.0001540184021],[18114,20.000185012817383],[16508,20.001224994659424],[15685,20.000372886657715],[53281,20.00043296813965],[48750,20.000223875045776],[38169,20.000154972076416],[17596,20.001362800598145],[15718,20.000082969665527],[15475,20.00024390220642],[53782,20.00004482269287],[48267,20.00025486946106],[37053,20.000141143798828],[18230,20.000423908233643],[16609,20.00042700767517],[15966,20.00044894218445],[54359,20.00001883506775],[49218,20.000866174697876],[38529,20.000444889068604],[17089,20.000102043151855],[16823,20.00004291534424],[14664,20.000461101531982],[78721,20.000177145004272],[64185,20.000427961349487],[51800,20.00011897087097],[23268,20.000090837478638],[21256,20.000240087509155],[18335,20.000581979751587],[75746,20.000180959701538],[59524,20.000339031219482],[54101,20.000309944152832],[23853,20.00034809112549],[22466,20.000406980514526],[18015,20.000183820724487],[72648,20.001585960388184],[70318,20.001654148101807],[56915,20.000262022018433],[23338,20.00005793571472],[21826,20.0003399848938],[17799,20.000314950942993],[80055,20.00240182876587],[66893,20.0001699924469],[66600,20.000432014465332],[23639,20.000190019607544],[22867,20.000246047973633],[18361,20.000325918197632],[68578,20.000671863555908],[61644,20.000164031982422],[53060,20.0003879070282],[21145,20.00022006034851],[19378,20.002182006835938],[16867,20.000147104263306]],"Jaya top1 bottom1 no local search":[[25831,20.115461111068726],[22282,20.000398874282837],[15994,20.000170946121216],[7244,20.000343084335327],[5128,20.000010013580322],[2997,20.00028109550476],[21055,20.000277996063232],[19403,20.000447988510132],[19144,20.000104904174805],[6855,20.000394105911255],[6700,20.00023317337036],[3719,20.00011396408081],[24210,20.000269174575806],[16150,20.000339031219482],[12603,20.000277042388916],[6675,20.00154995918274],[6372,20.002755165100098],[2997,20.00025701522827],[22721,20.00037407875061],[21204,20.000682830810547],[14784,20.00013518333435],[7057,20.000277996063232],[4763,20.000432014465332],[3562,20.000595092773438],[25060,20.000160932540894],[24500,20.00007200241089],[18619,20.00027108192444],[7322,20.00039005279541],[5951,20.000285863876343],[3537,20.00046706199646],[44148,20.00000810623169],[37650,20.000022172927856],[32920,20.00035309791565],[13548,20.000076055526733],[12450,20.00041699409485],[7663,20.001157999038696],[45579,20.000105142593384],[41350,20.000288009643555],[31033,20.0001060962677],[12825,20.00021505355835],[11059,20.000410079956055],[6252,20.00011706352234],[47336,20.00001096725464],[40150,20.00019383430481],[-357,20.000011920928955],[12520,20.000037908554077],[11898,20.000478982925415],[7314,20.00011420249939],[45658,20.000232934951782],[41989,20.000269889831543],[29610,20.000321865081787],[12916,20.000237941741943],[11626,20.000422954559326],[7108,20.00011396408081],[45343,20.000006914138794],[41718,20.000067949295044],[-16,20.000922203063965],[13171,20.000248908996582],[11691,20.00018310546875],[7700,20.000380039215088],[73041,20.000338077545166],[60972,20.002140998840332],[45059,20.000439882278442],[19025,20.00041699409485],[16963,20.00023603439331],[13694,20.000017881393433],[69593,20.000025033950806],[54285,20.000200033187866],[50077,20.000244140625],[19423,20.000339031219482],[18511,20.000062942504883],[11279,20.00044584274292],[66790,20.00020694732666],[64259,20.0000901222229],[51752,20.000171899795532],[19526,20.00019907951355],[18126,20.000375986099243],[11186,20.00118398666382],[74553,20.0003719329834],[61471,20.000167846679688],[60535,20.000152111053467],[19468,20.000843048095703],[19428,20.00000810623169],[11326,20.00019907951355],[62617,20.0002498626709],[57732,20.001554012298584],[48284,20.00026297569275],[17626,20.00004005432129],[15762,20.000235080718994],[11403,20.000115871429443]],"Jaya top1 bottom1 fast local search":[[27933,20.59494686126709],[24165,20.0054771900177],[19472,20.002681970596313],[8788,20.00018000602722],[8000,20.00671911239624],[8815,20.000083923339844],[23991,20.00206208229065],[22851,20.004652976989746],[23928,20.001533031463623],[8857,20.005493879318237],[9012,20.004050970077515],[8764,20.0048348903656],[26890,20.001546144485474],[20676,20.00249195098877],[17194,20.00229001045227],[8333,20.008230924606323],[8524,20.000063180923462],[7894,20.004243850708008],[25636,20.002919912338257],[23020,20.00161910057068],[18875,20.001939058303833],[9497,20.005851984024048],[8834,20.00198006629944],[8163,20.00421380996704],[28142,20.00296401977539],[28326,20.00206685066223],[22434,20.002254962921143],[8426,20.003496885299683],[9071,20.003477096557617],[7633,20.004544973373413],[46339,20.001598119735718],[40191,20.00099492073059],[36972,20.002120971679688],[14858,20.003537893295288],[14073,20.0052170753479],[12629,20.003426790237427],[48941,20.000192880630493],[43713,20.00105094909668],[34937,20.002918004989624],[15696,20.00003409385681],[14418,20.003171920776367],[12676,20.00680184364319],[50082,20.003559112548828],[43294,20.00071406364441],[35396,20.000634908676147],[14531,20.005053997039795],[14017,20.001787900924683],[12155,20.00215220451355],[49430,20.0002179145813],[43139,20.005587100982666],[34394,20.005271196365356],[16500,20.002650022506714],[14737,20.004930019378662],[12373,20.002912998199463],[48707,20.000133991241455],[44107,20.00123620033264],[33659,20.00645089149475],[15194,20.001749992370605],[14622,20.002305030822754],[12291,20.003666877746582],[75957,20.00395703315735],[62184,20.003623962402344],[49072,20.0004780292511],[21107,20.003692865371704],[19726,20.00238299369812],[17120,20.000933170318604],[71334,20.00484299659729],[57494,20.003742218017578],[53176,20.006076097488403],[22040,20.00177311897278],[19925,20.003051042556763],[16191,20.00419783592224],[68940,20.00423502922058],[67983,20.000518083572388],[54869,20.002142906188965],[20741,20.000237941741943],[20012,20.00508189201355],[16003,20.0070321559906],[77534,20.001528024673462],[64364,20.005529165267944],[63849,20.004297018051147],[21324,20.003137826919556],[21219,20.00161600112915],[16752,20.001121997833252],[65920,20.000049829483032],[58539,20.003269910812378],[50733,20.001824855804443],[19434,20.003554821014404],[18314,20.00025177001953],[14657,20.00563907623291]],