{"Jaya top15 bottom15 no local search":[[78731,20.0000319480896],[72983,20.00006103515625],[64944,20.000954151153564],[24218,20.00183391571045],[20995,20.00054097175598],[24528,20.00042986869812],[70711,20.000519037246704],[70240,20.000982999801636],[57550,20.000489950180054],[25492,20.00029706954956],[22128,20.00056791305542],[21508,20.00061798095703],[76167,20.000041961669922],[67309,20.00120210647583],[58539,20.000799894332886],[22350,20.00072479248047],[21342,20.00028109550476],[21175,20.002036094665527],[74918,20.001594066619873],[75825,20.000071048736572],[62325,20.000059127807617],[23244,20.000046014785767],[22004,20.000914096832275],[21619,20.00083899497986],[75768,20.00197696685791],[64969,20.00074601173401],[58269,20.000325202941895],[23754,20.000635147094727],[22377,20.000829935073853],[20404,20.00009298324585],[145196,20.000273942947388],[125370,20.00143814086914],[120585,20.00096321105957],[42239,20.000720024108887],[38434,20.000921964645386],[33550,20.00001311302185],[130277,20.000665187835693],[125472,20.00092887878418],[115375,20.001041889190674],[41971,20.000297784805298],[38738,20.00010919570923],[33452,20.000560998916626],[135631,20.00113296508789],[127914,20.000634908676147],[97925,20.000860929489136],[40846,20.00059700012207],[36430,20.000688791275024],[35132,20.000041961669922],[130007,20.001019954681396],[112101,20.00147318840027],[102828,20.00032114982605],[42682,20.000545024871826],[37342,20.000059127807617],[33823,20.000809907913208],[129197,20.000903129577637],[119749,20.000838041305542],[107792,20.000593900680542],[42034,20.00028109550476],[40375,20.00003409385681],[37254,20.00078296661377],[215938,20.00064492225647],[191737,20.00090789794922],[157792,20.00085997581482],[57132,20.000427961349487],[50420,20.00114393234253],[43542,20.000827074050903],[194018,20.000750064849854],[161033,20.001099109649658],[171112,20.000893115997314],[58659,20.000396966934204],[51683,20.000380039215088],[43721,20.00037384033203],[219416,20.000471830368042],[182211,20.000400066375732],[147792,20.000800132751465],[59516,20.00005006790161],[54059,20.000675916671753],[46633,20.001189947128296],[186076,20.00025510787964],[167284,20.00014615058899],[147970,20.0007221698761],[57893,20.000746965408325],[51786,20.000820875167847],[44345,20.00096106529236],[193679,20.001847982406616],[182567,20.000017166137695],[151730,20.0000958442688],[56286,20.000614166259766],[50501,20.000323057174683],[43964,20.000822067260742]],"Jaya top1 bottom1 no local search":[[65902,20.00101399421692],[59306,20.000913858413696],[-358,20.0004141330719],[17008,20.00044584274292],[15672,20.00111484527588],[8536,20.000848054885864],[59332,20.00087285041809],[58174,20.000973224639893],[45901,20.000892877578735],[17361,20.000621795654297],[14948,20.00049614906311],[7597,20.001099109649658],[62699,20.000885009765625],[53303,20.00055480003357],[-244,20.001147031784058],[17681,20.00089716911316],[15530,20.00014591217041],[11732,20.00083899497986],[58725,20.000328063964844],[59221,20.000394821166992],[48807,20.000656127929688],[16399,20.00008201599121],[14698,20.001006841659546],[7820,20.000041007995605],[58916,20.000545978546143],[52621,20.00048804283142],[43483,20.000037908554077],[16128,20.000592947006226],[16027,20.000333070755005],[8529,20.00023889541626],[130305,20.000795125961304],[109619,20.000223875045776],[107831,20.000251054763794],[33333,20.000664949417114],[28953,20.00036597251892],[20005,20.00083088874817],[114796,20.000067949295044],[112233,20.001161098480225],[100175,20.00065302848816],[31260,20.000972986221313],[29418,20.000799894332886],[21006,20.001025915145874],[123194,20.00043797492981],[111326,20.00047492980957],[-233,20.00044584274292],[33025,20.000630140304565],[31304,20.000508069992065],[22268,20.00089693069458],[112934,20.000761032104492],[96834,20.0000479221344],[87842,20.00005793571472],[35620,20.00040102005005],[28827,20.000102996826172],[21011,20.000689029693604],[116854,20.0002338886261],[106956,20.000821113586426],[94718,20.00049901008606],[35421,20.001090049743652],[30407,20.000086069107056],[18383,20.001131772994995],[200006,20.00002408027649],[178705,20.000952005386353],[147378,20.0000159740448],[49809,20.001832962036133],[44239,20.000293970108032],[27817,20.000202894210815],[185406,20.00108003616333],[150792,20.000385999679565],[160475,20.00032901763916],[50567,20.001009941101074],[45741,20.00073790550232],[-292,20.00029182434082],[205820,20.0005841255188],[169627,20.00060510635376],[134921,20.001688957214355],[51019,20.000670909881592],[45378,20.00056219100952],[33810,20.00062584877014],[172376,20.000893115997314],[155901,20.000595092773438],[131997,20.00016689300537],[49478,20.000750064849854],[42886,20.00048017501831],[-117,20.000531911849976],[181241,20.000473022460938],[169208,20.000230073928833],[138152,20.00043296813965],[48400,20.000617027282715],[42513,20.00045609474182],[27685,20.000826835632324]],"Jaya top1 bottom1 fast local search":[[67811,20.017491102218628],[63370,20.009268045425415],[56392,20.00064516067505],[20576,20.003230094909668],[19167,20.01097583770752],[18302,20.00037908554077],[61204,20.011552095413208],[63133,20.00194787979126],[50755,20.0046808719635],[19642,20.004158973693848],[20264,20.007720947265625],[18364,20.015662908554077],[65755,20.005988121032715],[57608,20.00242304801941],[49556,20.00523018836975],[19123,20.013992071151733],[19634,20.003348112106323],[19952,20.022513151168823],[67954,20.00402808189392],[65903,20.00229811668396],[54499,20.01001501083374],[20580,20.009425163269043],[19145,20.012540102005005],[17844,20.011542081832886],[65090,20.00025510787964],[56486,20.001748085021973],[49705,20.002465963363647],[19754,20.006319046020508],[21017,20.013734102249146],[17465,20.00928807258606],[135381,20.010315895080566],[114921,20.006000995635986],[115754,20.00249218940735],[38270,20.010127067565918],[33823,20.00493597984314],[31196,20.005523920059204],[118782,20.011860132217407],[114342,20.00470805168152],[106465,20.01292586326599],[36137,20.00291109085083],[34099,20.01024603843689],[30077,20.003338098526],[125102,20.00953197479248],[117918,20.012020111083984],[90107,20.008883953094482],[36746,20.003247022628784],[32967,20.00879192352295],[31775,20.009417057037354],[117962,20.011531114578247],[103314,20.008423805236816],[93654,20.003715991973877],[37177,20.005320072174072],[31318,20.001588106155396],[31389,20.00773596763611],[117987,20.007655143737793],[112059,20.001272916793823],[101459,20.018045902252197],[37581,20.013758897781372],[37102,20.00667905807495],[33272,20.008728981018066],[204264,20.00302505493164],[181879,20.01110601425171],[153552,20.005588054656982],[52551,20.001012086868286],[46968,20.010915994644165],[38912,20.007052898406982],[186605,20.00208592414856],[153678,20.011662006378174],[164403,20.000735998153687],[53485,20.004345893859863],[48461,20.01414394378662],[38231,20.019143104553223],[211589,20.0015869140625],[172686,20.000315189361572],[141153,20.005956888198853],[53057,20.002979040145874],[48206,20.009389877319336],[41400,20.01991891860962],[175390,20.00441884994507],[159882,20.001011848449707],[140632,20.007901906967163],[54236,20.00094509124756],[49243,20.005473852157593],[37691,20.00296401977539],[185020,20.001937866210938],[174102,20.000914812088013],[144603,20.00603699684143],[52005,20.003045082092285],[46333,20.005120038986206],[38930,20.002458810806274]],