{"Jaya top15 bottom15 no local search":[[27682,20.000392198562622],[20996,20.000087022781372],[21124,20.000365018844604],[10223,20.00031304359436],[9588,20.000126123428345],[7657,20.001067876815796],[25467,20.00030517578125],[19287,20.00047206878662],[19287,20.00113606452942],[10199,20.000391960144043],[8555,20.00030493736267],[7239,20.00041913986206],[25588,20.000267028808594],[18596,20.00036096572876],[17833,20.00008797645569],[10146,20.00003719329834],[8781,20.000380992889404],[8213,20.00013494491577],[25314,20.000385999679565],[19427,20.000962018966675],[15770,20.000370025634766],[10910,20.000342845916748],[9376,20.000476121902466],[7927,20.000296115875244],[25653,20.000262022018433],[18149,20.00048017501831],[17000,20.00007700920105],[9574,20.00014615058899],[8433,20.000005960464478],[8221,20.000471115112305],[45247,20.000244140625],[33672,20.000354051589966],[32494,20.000414848327637],[18363,20.00125503540039],[14936,20.000108003616333],[13537,20.0004780292511],[45602,20.000396013259888],[36175,20.000368118286133],[32280,20.000193119049072],[18942,20.000283002853394],[16684,20.00007390975952],[13923,20.00050187110901],[43524,20.000284910202026],[32634,20.00005292892456],[30184,20.001709938049316],[19244,20.00021195411682],[17069,20.00040102005005],[14606,20.000504970550537],[44373,20.000324964523315],[36165,20.000259160995483],[32837,20.000048875808716],[19097,20.000391960144043],[15118,20.0004780292511],[14207,20.000065088272095],[48440,20.000347137451172],[36608,20.00016498565674],[32330,20.000216007232666],[19245,20.00024700164795],[16572,20.000098943710327],[13904,20.000447988510132],[64464,20.000364065170288],[47149,20.00029993057251],[39966,20.001386165618896],[25281,20.000248908996582],[19806,20.00014901161194],[14786,20.00002408027649],[64403,20.000213146209717],[45234,20.00036120414734],[45662,20.000575065612793],[25481,20.00028109550476],[21159,20.00006103515625],[15772,20.00031614303589],[68357,20.000163078308105],[57474,20.00038504600525],[46322,20.00028920173645],[26006,20.000412940979004],[21269,20.0003559589386],[16099,20.000293970108032],[61295,20.000458002090454],[57402,20.00047492980957],[47336,20.000138998031616],[25069,20.000288009643555],[21534,20.000218152999878],[16402,20.0002019405365],[69020,20.00030016899109],[47318,20.00012493133545],[48198,20.0004460811615],[25977,20.000114917755127],[21553,20.000051021575928],[15307,20.000470876693726]],"Jaya top1 bottom1 no local search":[[22393,20.11704993247986],[15225,20.00104284286499],[-2654,20.00169801712036],[7374,20.000398874282837],[-176,20.001850843429565],[-1667,20.00048518180847],[20040,20.00025701522827],[-1148,20.000184059143066],[-2160,20.000274896621704],[6299,20.000046014785767],[-11,20.00033211708069],[-1781,20.0004780292511],[20121,20.000030994415283],[-282,20.000391006469727],[-3119,20.000110864639282],[7004,20.000427961349487],[-763,20.001557111740112],[-1858,20.000229835510254],[20363,20.00040602684021],[15353,20.00013279914856],[-4565,20.0002281665802],[7108,20.000020027160645],[-253,20.000123023986816],[-1708,20.000458002090454],[19739,20.000105142593384],[14027,20.000025987625122],[-97,20.000226974487305],[6789,20.00041913986206],[-887,20.000428915023804],[-2296,20.000513076782227],[40712,20.000081062316895],[28292,20.000119924545288],[-3017,20.000123023986816],[14355,20.00034999847412],[-1245,20.00013494491577],[-2098,20.000298976898193],[40308,20.000046968460083],[29346,20.000091075897217],[-2335,20.000081062316895],[13115,20.000271797180176],[-1456,20.000408172607422],[-1584,20.001921892166138],[38046,20.000346899032593],[-99,20.00042700767517],[-1066,20.000442028045654],[14135,20.000126123428345],[8508,20.000245094299316],[-2426,20.0004301071167],[39243,20.000350952148438],[-33,20.000996112823486],[-814,20.000055074691772],[13883,20.00123882293701],[-626,20.0002338886261],[-4083,20.000526905059814],[42830,20.000108003616333],[-424,20.00025510787964],[-2806,20.00035285949707],[13258,20.000154972076416],[-32,20.0000319480896],[-769,20.0001540184021],[60473,20.000155925750732],[-774,20.00012707710266],[-1152,20.000428915023804],[20400,20.000815868377686],[-1088,20.000024795532227],[-1567,20.000218868255615],[61654,20.000164031982422],[39981,20.000368118286133],[-3058,20.000081062316895],[22327,20.000449895858765],[-81,20.000427961349487],[-2889,20.00014090538025],[63345,20.00014591217041],[-144,20.0015652179718],[-1582,20.00034213066101],[21524,20.000208854675293],[-612,20.000322818756104],[-1144,20.000010013580322],[56626,20.000773906707764],[-42,20.00003695487976],[-240,20.000416040420532],[21311,20.000317811965942],[-47,20.00044012069702],[-705,20.000306844711304],[63418,20.000681161880493],[-368,20.00008511543274],[-2527,20.000025987625122],[22300,20.000164031982422],[-113,20.00013518333435],[-910,20.00026798248291]],"Jaya top1 bottom1 fast local search":[[24394,20.618335008621216],[19086,20.00410008430481],[19937,20.010841846466064],[8902,20.00600814819336],[7935,20.008236169815063],[5900,20.002107858657837],[22982,20.00068211555481],[18132,20.00665020942688],[17971,20.005451917648315],[8435,20.00067687034607],[7644,20.00492811203003],[5644,20.004014015197754],[23400,20.00376796722412],[16404,20.00323796272278],[16881,20.004554986953735],[8077,20.005147218704224],[7175,20.001167058944702],[7325,20.00469994544983],[24079,20.004904985427856],[17587,20.002790927886963],[15069,20.003026008605957],[8547,20.00421380996704],[8436,20.0040020942688],[6796,20.00416398048401],[22085,20.004836082458496],[17038,20.00215792655945],[16853,20.0084810256958],[8484,20.00035810470581],[8231,20.005020141601562],[6732,20.005041122436523],[43034,20.00172710418701],[31758,20.00447392463684],[30226,20.004871129989624],[16723,20.00225305557251],[13803,20.001936197280884],[10476,20.00023603439331],[43583,20.003870010375977],[32753,20.00785803794861],[30651,20.000311136245728],[15862,20.005635023117065],[14988,20.003876209259033],[11661,20.008610010147095],[42548,20.000642776489258],[29206,20.00610613822937],[27693,20.006601810455322],[17507,20.004201889038086],[14320,20.008355855941772],[10852,20.01025915145874],[41298,20.003303050994873],[33907,20.00137686729431],[29431,20.001013040542603],[16854,20.00679111480713],[13824,20.00630784034729],[11981,20.0051429271698],[46189,20.00277614593506],[34191,20.006304025650024],[29624,20.0049250125885],[16824,20.000835180282593],[14001,20.006668090820312],[12183,20.000985145568848],[62298,20.000386953353882],[45246,20.007179975509644],[39053,20.004793882369995],[23086,20.00008511543274],[18736,20.006905794143677],[13656,20.008615970611572],[63258,20.00566005706787],[43950,20.000579118728638],[44972,20.010915994644165],[23786,20.002109050750732],[19428,20.004750967025757],[14415,20.00171208381653],[65928,20.004026889801025],[55464,20.001173973083496],[44742,20.00384521484375],[23898,20.002933025360107],[19910,20.000752925872803],[14885,20.00076389312744],[58405,20.003581047058105],[55264,20.00127911567688],[46472,20.008244037628174],[23258,20.0067880153656],[19966,20.003695011138916],[14874,20.006307125091553],[65896,20.002790927886963],[45064,20.00101900100708],[46501,20.003450870513916],[24196,20.00158381462097],[20521,20.006603002548218],[13817,20.001986980438232]],