{"Jaya top15 bottom15 no local search":[[57474,20.00029182434082],[47437,20.001028060913086],[44650,20.002541065216064],[24453,20.000566959381104],[22153,20.000602960586548],[23770,20.00101590156555],[68896,20.000253200531006],[54782,20.00101399421692],[47840,20.0001962184906],[24523,20.00049901008606],[21712,20.00024700164795],[20508,20.00100803375244],[62565,20.000075817108154],[47601,20.000167846679688],[38810,20.00238585472107],[24882,20.001129150390625],[18862,20.000408172607422],[20620,20.000229120254517],[58162,20.000970125198364],[44395,20.000142812728882],[48342,20.001302003860474],[25205,20.00108289718628],[20935,20.00074005126953],[21968,20.000553131103516],[58875,20.00013303756714],[49830,20.000799894332886],[44418,20.000766038894653],[23994,20.000225067138672],[20655,20.001002073287964],[21795,20.00083899497986],[106358,20.000982999801636],[88005,20.001161098480225],[83920,20.000434160232544],[44126,20.00076699256897],[37402,20.00090193748474],[28508,20.000715017318726],[119063,20.000418186187744],[96555,20.001227140426636],[78086,20.00104594230652],[43097,20.000291109085083],[38095,20.001070976257324],[31107,20.000118017196655],[117145,20.000590085983276],[97361,20.001131057739258],[75844,20.000293970108032],[42998,20.000144004821777],[36801,20.00090503692627],[31855,20.000532150268555],[116011,20.000114917755127],[91047,20.000123977661133],[75914,20.000715017318726],[45122,20.000442028045654],[36056,20.000399827957153],[33959,20.001713037490845],[118593,20.00096297264099],[95717,20.000013828277588],[76907,20.000859022140503],[44233,20.000592947006226],[36989,20.000701904296875],[32457,20.000522136688232],[160431,20.00076413154602],[120435,20.0014431476593],[110794,20.000244140625],[60985,20.000165939331055],[49603,20.001085996627808],[38775,20.000356912612915],[162240,20.00017285346985],[121545,20.000007152557373],[113425,20.000829219818115],[60638,20.00051498413086],[51003,20.00122594833374],[40392,20.001120805740356],[166646,20.000335931777954],[121553,20.00019121170044],[99345,20.000735998153687],[61077,20.000458002090454],[48861,20.000445127487183],[40354,20.000569105148315],[154640,20.001979112625122],[126886,20.000135898590088],[118883,20.001219034194946],[63866,20.00022006034851],[50738,20.00076389312744],[39253,20.000759840011597],[164986,20.000591039657593],[128087,20.001211881637573],[105007,20.000871896743774],[61857,20.00109601020813],[51629,20.00040602684021],[39988,20.00210404396057]],"Jaya top1 bottom1 no local search":[[51054,20.000466108322144],[41441,20.00014591217041],[-3114,20.00040888786316],[17815,20.000554084777832],[-864,20.000993967056274],[-1349,20.00000500679016],[58261,20.00157594680786],[-488,20.00086998939514],[-1920,20.000295877456665],[18186,20.000514030456543],[-186,20.001087188720703],[-2028,20.000383853912354],[53327,20.000362157821655],[-1092,20.00070810317993],[-3222,20.000104904174805],[17778,20.000914812088013],[-58,20.001070976257324],[-1143,20.000207901000977],[50114,20.000412940979004],[-918,20.000739812850952],[-3140,20.000626802444458],[17502,20.000976085662842],[-1062,20.000574827194214],[-2285,20.001825094223022],[53521,20.000701904296875],[-197,20.00118112564087],[-3725,20.000559091567993],[18559,20.00002908706665],[11614,20.000197172164917],[-2799,20.002130031585693],[99054,20.000518798828125],[-1996,20.00113606452942],[-3972,20.000427961349487],[37208,20.000595808029175],[-64,20.000216007232666],[-3444,20.00095295906067],[111413,20.00041890144348],[87289,20.000330924987793],[-8265,20.0003821849823],[35479,20.000457048416138],[25671,20.00080895423889],[-461,20.001003980636597],[110136,20.0001277923584],[85732,20.000151872634888],[-3425,20.000854015350342],[37180,20.001121997833252],[-405,20.000051021575928],[-3042,20.001074075698853],[106224,20.000117778778076],[-737,20.00132989883423],[-3825,20.001348972320557],[37575,20.000178813934326],[-142,20.00018882751465],[-3602,20.002453804016113],[111700,20.000633001327515],[-2090,20.001235961914062],[-3727,20.000457048416138],[35939,20.00068497657776],[-187,20.000132083892822],[-4882,20.000113010406494],[154222,20.00007200241089],[112564,20.000550031661987],[-2610,20.001044988632202],[55068,20.00013494491577],[-432,20.000969171524048],[-3471,20.000916957855225],[153975,20.000854015350342],[117205,20.0009708404541],[-5270,20.001227855682373],[54225,20.000037908554077],[-72,20.000950813293457],[-3614,20.0007541179657],[160242,20.000385999679565],[114612,20.00017285346985],[-1686,20.00069308280945],[54232,20.000284910202026],[-2178,20.001107931137085],[-4627,20.000341176986694],[147897,20.00090503692627],[-467,20.001394033432007],[-5428,20.000683069229126],[56806,20.00090193748474],[-23,20.001127004623413],[-1293,20.000370025634766],[156727,20.000977993011475],[-407,20.000979900360107],[-4065,20.002100944519043],[55137,20.000037908554077],[-365,20.001137018203735],[-3526,20.000942945480347]],"Jaya top1 bottom1 fast local search":[[56251,20.000530004501343],[46084,20.00068688392639],[42335,20.010174989700317],[21883,20.001173973083496],[18010,20.002266883850098],[18931,20.01781415939331],[60264,20.005921125411987],[49135,20.000543117523193],[46062,20.01515793800354],[21520,20.01433515548706],[19987,20.027745008468628],[20136,20.020056009292603],[58501,20.002413034439087],[46235,20.012775182724],[38861,20.024209022521973],[21262,20.006032943725586],[17466,20.026038885116577],[19155,20.02760910987854],[53807,20.012550115585327],[42164,20.010864973068237],[45297,20.013970136642456],[22907,20.012969970703125],[20988,20.00336503982544],[18926,20.004130125045776],[58409,20.003196001052856],[48386,20.010632038116455],[39637,20.001300811767578],[22173,20.01950192451477],[18653,20.01770806312561],[18991,20.01251196861267],[104946,20.01362705230713],[86708,20.007837057113647],[79493,20.000940084457397],[41240,20.008152961730957],[36182,20.025436878204346],[26349,20.03584909439087],[116018,20.015283823013306],[94464,20.00811505317688],[77507,20.00739097595215],[39940,20.00972294807434],[34267,20.024429082870483],[30931,20.006145000457764],[113890,20.00712299346924],[95652,20.015388011932373],[74816,20.00112509727478],[40869,20.01237201690674],[34775,20.02800488471985],[29755,20.026029109954834],[111623,20.010610103607178],[87876,20.016302824020386],[72419,20.01421308517456],[40248,20.009124040603638],[35311,20.007389783859253],[32630,20.02259612083435],[115959,20.005685091018677],[95276,20.01640295982361],[75376,20.00387406349182],[40998,20.00985097885132],[34926,20.025697946548462],[33079,20.017416954040527],[159217,20.006058931350708],[117142,20.006319046020508],[109189,20.00106406211853],[56859,20.006037950515747],[47735,20.002763032913208],[35334,20.004585027694702],[159943,20.007588148117065],[119857,20.01751208305359],[112680,20.00312089920044],[57476,20.001134157180786],[48587,20.00753092765808],[37883,20.01998782157898],[164285,20.007113218307495],[120835,20.013944149017334],[98157,20.015939950942993],[57893,20.011280059814453],[47760,20.021152019500732],[36306,20.02811312675476],[149991,20.003952026367188],[122987,20.002126932144165],[116007,20.013102054595947],[60860,20.010704040527344],[48889,20.004675149917603],[37366,20.027278184890747],[162192,20.003437995910645],[125740,20.006008863449097],[103966,20.010051012039185],[58087,20.010305166244507],[48670,20.030950784683228],[38489,20.010150909423828]],