{"Jaya top15 bottom15 no local search":[[18744,20.0002121925354],[11841,20.000365018844604],[8757,20.000417947769165],[9747,20.0000741481781],[4874,20.000636100769043],[3319,20.000237941741943],[18733,20.000519037246704],[10726,20.001078128814697],[-140,20.002180099487305],[10779,20.000096082687378],[4549,20.000400066375732],[2832,20.000368118286133],[20863,20.000452041625977],[14026,20.000051975250244],[-124,20.00067687034607],[10641,20.000602960586548],[4143,20.00031590461731],[-150,20.00029706954956],[19442,20.000319957733154],[10180,20.00031304359436],[9895,20.000195026397705],[10957,20.000877857208252],[3783,20.000179052352905],[2456,20.000116109848022],[19926,20.00013303756714],[11456,20.000457048416138],[-706,20.000263929367065],[10715,20.00043487548828],[3761,20.000235080718994],[-339,20.000701904296875],[39046,20.000295877456665],[24276,20.00062584877014],[20242,20.000585079193115],[20567,20.000228881835938],[10242,20.000132083892822],[6710,20.00019097328186],[40582,20.000460147857666],[24056,20.00040888786316],[18440,20.000385999679565],[21551,20.000098943710327],[11004,20.000516891479492],[4991,20.00036096572876],[36949,20.000330924987793],[25073,20.000566959381104],[19903,20.000450134277344],[20667,20.000109910964966],[9806,20.000631093978882],[6641,20.000087022781372],[39148,20.000406980514526],[24306,20.000072956085205],[-16,20.000196933746338],[20468,20.000389099121094],[11924,20.00051712989807],[6187,20.000447988510132],[40771,20.00017809867859],[26418,20.00206685066223],[22176,20.000256061553955],[20916,20.0004620552063],[11020,20.000090837478638],[6485,20.001189947128296],[54226,20.00050187110901],[37905,20.000411987304688],[-564,20.000536918640137],[28933,20.000468015670776],[15125,20.00001096725464],[-1123,20.000021934509277],[57108,20.00029492378235],[37284,20.000324010849],[30706,20.000256061553955],[27669,20.000427961349487],[15306,20.000874042510986],[-6,20.000070095062256],[61529,20.00049901008606],[32580,20.000016927719116],[-6,20.000062942504883],[29374,20.000048875808716],[14793,20.000600814819336],[-22,20.000498056411743],[57795,20.000241994857788],[39156,20.00013017654419],[33612,20.000231981277466],[28566,20.000104188919067],[15309,20.000046014785767],[8398,20.000214099884033],[56979,20.001492977142334],[33136,20.000597953796387],[-157,20.001362800598145],[28651,20.001871824264526],[15374,20.000636100769043],[-78,20.00011706352234]],"Jaya top1 bottom1 no local search":[[15699,20.113926887512207],[-6116,20.000136137008667],[-16702,20.001138925552368],[6696,20.00028395652771],[-8054,20.00006914138794],[-19876,20.000648021697998],[15548,20.000455141067505],[-8149,20.000213861465454],[-16350,20.00069808959961],[6858,20.000359058380127],[-9508,20.000463008880615],[-15733,20.000104904174805],[17691,20.000106811523438],[-9094,20.000030040740967],[-17169,20.000406980514526],[6121,20.002177953720093],[-8486,20.00037693977356],[-18649,20.000372171401978],[15291,20.000041961669922],[-11465,20.0002019405365],[-20329,20.00168204307556],[6950,20.000511169433594],[-11569,20.000447988510132],[-18907,20.00011110305786],[14898,20.001757860183716],[-8643,20.00049901008606],[-14837,20.000555992126465],[7304,20.000420093536377],[-8815,20.000329971313477],[-17841,20.000678062438965],[33808,20.00044322013855],[-10512,20.00002908706665],[-23821,20.001208782196045],[14248,20.00033402442932],[-10339,20.000341176986694],[-30049,20.000298023223877],[34623,20.00041699409485],[-8420,20.00055193901062],[-22538,20.00055503845215],[16334,20.001190900802612],[-11260,20.00011110305786],[-25530,20.00041699409485],[33343,20.00027894973755],[-10533,20.00113797187805],[-20031,20.000691175460815],[14423,20.00138211250305],[-10167,20.0001220703125],[-16970,20.000531911849976],[34481,20.000107049942017],[-12709,20.000364065170288],[-21563,20.000197887420654],[16172,20.001641988754272],[-13489,20.000643014907837],[-21444,20.00114893913269],[36738,20.00002098083496],[-10431,20.000396013259888],[-16737,20.000251054763794],[13646,20.00050401687622],[-10129,20.000330924987793],[-22559,20.000148057937622],[49662,20.000414848327637],[-12045,20.00009322166443],[-19445,20.000099897384644],[23908,20.00041103363037],[-10778,20.00017499923706],[-17895,20.000654935836792],[53971,20.000781059265137],[-9746,20.00012493133545],[-22826,20.000638961791992],[23439,20.0001540184021],[-10039,20.000325918197632],[-12530,20.0002121925354],[57141,20.000148057937622],[-9385,20.000168085098267],[-21139,20.000667095184326],[24739,20.00015616416931],[-11717,20.000915050506592],[-19720,20.000582933425903],[53934,20.000261068344116],[-9518,20.000142097473145],[-17750,20.001611948013306],[24048,20.000025987625122],[-6801,20.00036382675171],[-14765,20.00045895576477],[51532,20.000211000442505],[-11053,20.000121116638184],[-23634,20.000184059143066],[23398,20.000083208084106],[-14419,20.000044107437134],[-14750,20.000581979751587]],"Jaya top1 bottom1 fast local search":[[17755,20.656993865966797],[11651,20.009451866149902],[9186,20.00901508331299],[9108,20.000473022460938],[4664,20.01102614402771],[-375,20.005290031433105],[18161,20.002196788787842],[10114,20.000849962234497],[-608,20.00992488861084],[9965,20.005740880966187],[3485,20.0066180229187],[-921,20.015980005264282],[19426,20.005378007888794],[12858,20.002612113952637],[-547,20.001821994781494],[9077,20.003724098205566],[4683,20.00881791114807],[-451,20.01389193534851],[17740,20.004724979400635],[-19,20.001547813415527],[-506,20.01189088821411],[9514,20.00186800956726],[2250,20.008315086364746],[-242,20.00682497024536],[18159,20.003976821899414],[11821,20.004601001739502],[-489,20.003963947296143],[9108,20.00661587715149],[3611,20.00440502166748],[-998,20.00258493423462],[36549,20.00775909423828],[24379,20.006818056106567],[-208,20.01853919029236],[18068,20.007802963256836],[9023,20.01081109046936],[-371,20.003247022628784],[38369,20.005845069885254],[24422,20.00505495071411],[-8,20.01618194580078],[18510,20.006525993347168],[9646,20.00846004486084],[-246,20.001834869384766],[36325,20.004684925079346],[24647,20.003861904144287],[19846,20.016856908798218],[17970,20.004224061965942],[8914,20.00250792503357],[-108,20.008702993392944],[38354,20.004204988479614],[24439,20.013312101364136],[-119,20.012880086898804],[18451,20.001307010650635],[8963,20.01048994064331],[-659,20.011418104171753],[40688,20.004228830337524],[25415,20.003002166748047],[-69,20.005039930343628],[17421,20.008872032165527],[8986,20.007081985473633],[-27,20.011502027511597],[52327,20.00687289237976],[36945,20.0046329498291],[-527,20.008530139923096],[27182,20.003517866134644],[14854,20.000701904296875],[-803,20.004050970077515],[55974,20.0021550655365],[36397,20.00077795982361],[-400,20.012799978256226],[25084,20.00353503227234],[14571,20.008903980255127],[-329,20.004892110824585],[61008,20.006295919418335],[31350,20.007511854171753],[-1005,20.01518702507019],[27181,20.003920078277588],[14250,20.00552201271057],[-225,20.003178119659424],[56313,20.006848096847534],[37835,20.010170936584473],[33338,20.00755214691162],[26483,20.00516104698181],[14161,20.003434896469116],[-234,20.00985097885132],[53855,20.007065057754517],[33423,20.004805088043213],[-346,20.01661992073059],[26789,20.004667043685913],[14919,20.011169910430908],[-205,20.011101961135864]],