{"Jaya top15 bottom15 no local search":[[54902,20.00097393989563],[27170,20.0006000995636],[25094,20.001049041748047],[24891,20.000010013580322],[11661,20.003056049346924],[6144,20.00025701522827],[52287,20.002511024475098],[31293,20.002559900283813],[26989,20.000986099243164],[23955,20.00196099281311],[11977,20.002955198287964],[4278,20.000545978546143],[51637,20.00104808807373],[33748,20.001389980316162],[29301,20.001886129379272],[24989,20.001081943511963],[11746,20.00202202796936],[7927,20.001170873641968],[52494,20.000809907913208],[27657,20.000020027160645],[25828,20.002436876296997],[23820,20.00083589553833],[10768,20.00097417831421],[6587,20.001615047454834],[52234,20.000640153884888],[27868,20.00081992149353],[25438,20.000281810760498],[23802,20.00216507911682],[11861,20.000030994415283],[6806,20.0020968914032],[98639,20.001461029052734],[67791,20.001184940338135],[59191,20.000833988189697],[48270,20.000322103500366],[23840,20.001269102096558],[14628,20.000959873199463],[101844,20.000654220581055],[61940,20.002719163894653],[53083,20.002066135406494],[46067,20.001163005828857],[23391,20.000555992126465],[17786,20.000786066055298],[99549,20.00088405609131],[66065,20.00115394592285],[55806,20.001842975616455],[46347,20.000547885894775],[25194,20.000015020370483],[10567,20.000128984451294],[102559,20.000274896621704],[63864,20.001221895217896],[54911,20.002997159957886],[48151,20.00007700920105],[24144,20.00092387199402],[-33,20.00101089477539],[101475,20.000743865966797],[65111,20.000144958496094],[58413,20.00154399871826],[44672,20.00075912475586],[23575,20.000707149505615],[12649,20.001864194869995],[150071,20.000869035720825],[93998,20.002978086471558],[87497,20.001267194747925],[62288,20.000518083572388],[36579,20.001250982284546],[22513,20.00153684616089],[158645,20.00025987625122],[100692,20.001981019973755],[84350,20.00073504447937],[63906,20.00078511238098],[38919,20.00140380859375],[21758,20.00177502632141],[151046,20.000290870666504],[97381,20.000155210494995],[74750,20.00098204612732],[66834,20.00146198272705],[37525,20.000516891479492],[21894,20.002660989761353],[151326,20.001185178756714],[99643,20.000121116638184],[88501,20.001105070114136],[70071,20.000283002853394],[36891,20.000915050506592],[24089,20.000670194625854],[146817,20.000459909439087],[99314,20.002982139587402],[82603,20.00130295753479],[64949,20.000185012817383],[38332,20.001113176345825],[-131,20.00069308280945]],"Jaya top1 bottom1 no local search":[[48330,20.000503063201904],[-15264,20.000720024108887],[-28133,20.000800132751465],[17725,20.00047779083252],[-17606,20.002952814102173],[-20584,20.0002498626709],[47212,20.001508951187134],[-12427,20.00116491317749],[-20726,20.001476049423218],[18170,20.000303983688354],[-15071,20.001637935638428],[-27293,20.00091791152954],[45316,20.001344919204712],[-15426,20.001170873641968],[-23794,20.000827074050903],[18231,20.000442028045654],[-21643,20.001046895980835],[-28092,20.002750873565674],[47922,20.000845909118652],[-14662,20.000979900360107],[-28707,20.002609968185425],[17985,20.000061988830566],[-14676,20.001622915267944],[-28307,20.000219106674194],[49093,20.00117588043213],[-17988,20.00127387046814],[-17231,20.001713037490845],[16582,20.000263929367065],[-15476,20.00110387802124],[-34586,20.001748085021973],[93568,20.001232862472534],[-8943,20.000411987304688],[-34124,20.000771045684814],[39734,20.001070022583008],[-7879,20.00016498565674],[-34148,20.000216007232666],[98090,20.001531839370728],[-17719,20.00160503387451],[-38161,20.000285148620605],[35971,20.00136113166809],[-21994,20.001198053359985],[-41258,20.00054693222046],[93745,20.000866174697876],[-17261,20.001905918121338],[-29664,20.00165605545044],[38552,20.00101613998413],[-18318,20.00080108642578],[-38482,20.000741004943848],[95830,20.00129199028015],[-20877,20.000295162200928],[-30810,20.001121044158936],[40506,20.001099109649658],[-18330,20.001004934310913],[-26050,20.002071142196655],[95462,20.000826120376587],[-19762,20.00273299217224],[-35912,20.00159001350403],[36402,20.000274896621704],[-15012,20.00024700164795],[-31147,20.002012014389038],[145958,20.00127410888672],[-21919,20.000902891159058],[-30629,20.002995014190674],[53607,20.000910997390747],[-9008,20.000767946243286],[-21059,20.000567197799683],[153269,20.000144958496094],[-20617,20.000882148742676],[-32103,20.001567840576172],[57634,20.000149965286255],[-15250,20.00243902206421],[-27831,20.00222611427307],[146947,20.00091290473938],[-17671,20.000482082366943],[-24668,20.001502990722656],[58061,20.002108097076416],[-10904,20.001572132110596],[-34494,20.002485990524292],[147232,20.000021934509277],[-14444,20.000420808792114],[-34641,20.001588106155396],[59750,20.00163197517395],[-20263,20.00063395500183],[-25867,20.001604080200195],[142761,20.00052285194397],[-17579,20.000097036361694],[-34238,20.001304864883423],[57927,20.000401973724365],[-17520,20.00090789794922],[-31947,20.000324964523315]],"Jaya top1 bottom1 fast local search":[[55021,20.007494926452637],[30518,20.01535391807556],[26159,20.02537202835083],[22265,20.01713800430298],[13903,20.00355315208435],[6719,20.039103984832764],[53915,20.005643844604492],[33005,20.03409504890442],[28102,20.050064086914062],[22360,20.024101972579956],[11240,20.029475927352905],[7740,20.004060983657837],[53027,20.008069038391113],[34247,20.00046682357788],[30074,20.016392946243286],[22396,20.020355939865112],[13908,20.035979986190796],[9232,20.007469177246094],[53031,20.023315906524658],[31675,20.04103994369507],[26255,20.0104079246521],[22161,20.011831998825073],[13829,20.017415046691895],[8169,20.05665397644043],[55599,20.007155179977417],[30551,20.009905099868774],[25852,20.025439023971558],[22224,20.022401094436646],[14226,20.006797075271606],[11260,20.04691791534424],[98608,20.009371995925903],[70999,20.030241012573242],[62222,20.018227100372314],[43375,20.00976300239563],[28515,20.02740788459778],[17076,20.04351496696472],[102182,20.004261016845703],[64641,20.03760004043579],[55536,20.008185863494873],[40825,20.014051914215088],[28315,20.02159285545349],[15837,20.052165031433105],[99842,20.007441997528076],[68246,20.036804914474487],[59760,20.042131900787354],[43102,20.01987099647522],[29359,20.00118899345398],[17671,20.03847098350525],[103372,20.01199507713318],[68331,20.009188175201416],[57060,20.0431010723114],[45102,20.01242995262146],[26409,20.033823013305664],[18119,20.0612850189209],[104113,20.007277011871338],[69435,20.025043964385986],[62330,20.02983593940735],[40999,20.006882905960083],[25538,20.034990072250366],[15371,20.016403913497925],[148602,20.005024909973145],[97542,20.0001859664917],[89194,20.04312300682068],[58924,20.014638900756836],[39199,20.003317832946777],[23297,20.042443990707397],[157359,20.0029239654541],[101849,20.004751920700073],[84967,20.02198886871338],[59885,20.01106595993042],[39464,20.007313013076782],[25316,20.022346019744873],[152604,20.002361059188843],[97969,20.04216980934143],[76694,20.03115701675415],[61673,20.01595687866211],[41090,20.0088210105896],[26183,20.037353992462158],[151817,20.00563097000122],[101361,20.041545867919922],[90516,20.004359006881714],[65878,20.013200044631958],[40944,20.01383900642395],[25171,20.048404932022095],[145932,20.016907930374146],[100659,20.024276971817017],[84105,20.00702404975891],[62337,20.01188588142395],[38620,20.04222583770752],[24984,20.029447078704834]],