{"Rao1 top15 bottom15 no local search":[[28609,10.000743865966797],[26293,10.000515937805176],[18974,10.000568151473999],[8913,10.000202178955078],[8912,10.000037908554077],[6223,10.000701189041138],[24309,10.001191854476929],[22142,10.001036882400513],[22074,10.000472068786621],[9152,10.000017881393433],[9704,10.000374794006348],[6235,10.000690937042236],[27616,10.00049901008606],[20410,10.000233173370361],[18546,10.000730991363525],[9708,10.000105142593384],[8416,10.00073790550232],[6032,10.000852108001709],[27013,10.000235080718994],[25243,10.000625133514404],[19713,10.00035309791565],[9760,10.000595092773438],[8682,10.00087285041809],[5667,10.00422215461731],[30398,10.001155853271484],[28546,10.000152111053467],[22098,10.000611066818237],[9506,10.000286102294922],[8529,10.000315189361572],[7791,10.001749992370605],[48696,10.000720977783203],[40042,10.000257968902588],[36024,10.000130891799927],[16433,10.000939846038818],[15040,10.000406980514526],[11080,10.000401020050049],[50469,10.00013017654419],[44337,10.0001699924469],[34504,10.000058889389038],[14775,10.00070309638977],[15384,10.000223875045776],[12415,10.000608921051025],[50105,10.000126123428345],[45282,10.000593900680542],[34432,10.000456094741821],[15104,10.00083589553833],[13902,10.000437021255493],[10381,10.00085997581482],[52297,10.000373840332031],[47315,10.000252962112427],[33372,10.00095510482788],[16401,10.000137090682983],[14114,10.000244140625],[10377,10.000711917877197],[51975,10.000591039657593],[46006,10.000082015991211],[35441,10.000579833984375],[14825,10.00081491470337],[13840,10.00039005279541],[11611,10.000019073486328],[77081,10.000224828720093],[61560,10.000457048416138],[50613,10.000248908996582],[21636,10.00102686882019],[19153,10.000108003616333],[15100,10.000118017196655],[72595,10.000622034072876],[58075,10.000618934631348],[51578,10.000844955444336],[20934,10.000130891799927],[20589,10.00091814994812],[14934,10.000352144241333],[70984,10.000954151153564],[67719,10.000741004943848],[54723,10.000050067901611],[21982,10.00061297416687],[20008,10.000330924987793],[13589,10.000663995742798],[79096,10.000107049942017],[65933,10.000431776046753],[64672,10.000438928604126],[22655,10.000146865844727],[21782,10.000834941864014],[15956,10.001008987426758],[67433,10.0002920627594],[59590,10.000981092453003],[49877,10.000163078308105],[20514,10.000116109848022],[18363,10.000094890594482],[14756,10.00019097328186]],"Rao1 top15 bottom15 fast local search":[[30831,10.000911951065063],[28197,10.007478952407837],[21691,10.006767988204956],[10564,10.007827997207642],[10218,10.000825881958008],[10222,10.003907918930054],[27528,10.00615406036377],[26386,10.003040075302124],[26280,10.00482988357544],[11255,10.00973892211914],[11114,10.002758026123047],[10604,10.007444143295288],[30075,10.00104308128357],[23400,10.008182048797607],[20628,10.007399082183838],[10258,10.004707098007202],[9951,10.00795316696167],[10124,10.005706071853638],[30581,10.007817029953003],[27242,10.001614093780518],[21547,10.004447937011719],[10767,10.00897216796875],[10559,10.00372314453125],[9899,10.009040117263794],[33567,10.001483917236328],[30593,10.004373788833618],[25066,10.00216794013977],[10717,10.002002000808716],[10522,10.004904985427856],[9964,10.00819993019104],[51832,10.004793882369995],[44503,10.005903959274292],[40327,10.013408899307251],[18376,10.003039836883545],[17424,10.007467031478882],[15522,10.00236201286316],[53347,10.002344131469727],[47735,10.001307964324951],[37983,10.004549026489258],[18216,10.011434078216553],[16963,10.007450103759766],[15986,10.000706911087036],[54192,10.000497102737427],[48750,10.004852056503296],[38292,10.010199785232544],[17665,10.003462791442871],[16348,10.003743171691895],[15712,10.0016450881958],[54293,10.000056982040405],[48744,10.00719690322876],[37157,10.001480102539062],[18385,10.002145051956177],[17272,10.004629850387573],[15966,10.006357908248901],[54458,10.002393960952759],[49373,10.006271839141846],[38735,10.00296401977539],[17467,10.005031108856201],[16969,10.004966020584106],[15279,10.005529165267944],[78877,10.002234935760498],[64688,10.003541231155396],[52525,10.002114057540894],[23268,10.004688024520874],[21562,10.003119945526123],[18571,10.007061958312988],[76112,10.002270936965942],[59951,10.003514051437378],[54759,10.001415967941284],[23930,10.001853942871094],[22625,10.00258207321167],[18431,10.009213209152222],[72937,10.0015389919281],[70588,10.00135612487793],[57511,10.005989074707031],[23358,10.007719039916992],[21827,10.004775047302246],[18029,10.003731966018677],[80915,10.003861904144287],[67147,10.00211501121521],[66742,10.007406949996948],[23819,10.002457857131958],[22996,10.002866983413696],[19402,10.010176181793213],[68817,10.002002954483032],[62683,10.002063989639282],[53350,10.00180196762085],[21534,10.001343011856079],[19614,10.003825187683105],[17216,10.004453897476196]],"Rao1 top1 bottom1 fast local search":[[30891,10.674546003341675],[28330,10.010629892349243],[21740,10.001060009002686],[10533,10.006268978118896],[10148,10.002970933914185],[10060,10.007792949676514],[27434,10.00649905204773],[26066,10.003987073898315],[26280,10.003136157989502],[11303,10.00697112083435],[11114,10.001281023025513],[10625,10.00595998764038],[30033,10.002536058425903],[23484,10.003843784332275],[20628,10.008785009384155],[10186,10.000063180923462],[9961,10.000380992889404],[9972,10.005789995193481],[30581,10.00211787223816],[27294,10.003663063049316],[21526,10.00112795829773],[10740,10.006035089492798],[10559,10.005805969238281],[9828,10.002462148666382],[33518,10.001335144042969],[30595,10.001110076904297],[24980,10.005409955978394],[10779,10.004174947738647],[10485,10.003994941711426],[9776,10.00063419342041],[51858,10.00326681137085],[44492,10.002715110778809],[40074,10.007858037948608],[18360,10.002997875213623],[17487,10.005445957183838],[15409,10.004804134368896],[53372,10.000129222869873],[47837,10.002400875091553],[37918,10.008445024490356],[18130,10.001792907714844],[16955,10.004281044006348],[15673,10.004554986953735],[54220,10.003344058990479],[48750,10.000707864761353],[38229,10.002084970474243],[17659,10.004189014434814],[16348,10.009247064590454],[15609,10.001206159591675],[54328,10.002892017364502],[48675,10.000941038131714],[37211,10.005997896194458],[18385,10.00086498260498],[17075,10.003840923309326],[15980,10.007062911987305],[54430,10.003692150115967],[49373,10.001888036727905],[38614,10.002471208572388],[17454,10.003350973129272],[16969,10.009186029434204],[15303,10.003399133682251],[78775,10.001654863357544],[64688,10.000023126602173],[52447,10.000651836395264],[23176,10.00075888633728],[21562,10.006225109100342],[18441,10.013465881347656],[76112,10.001497983932495],[59939,10.00246000289917],[54692,10.003185987472534],[23930,10.001997947692871],[22625,10.005148887634277],[18275,10.002055883407593],[72991,10.000572919845581],[70588,10.001142024993896],[57466,10.000922918319702],[23348,10.00080394744873],[21827,10.002465009689331],[17956,10.001715898513794],[80915,10.000663995742798],[67121,10.007963180541992],[66742,10.004533052444458],[23871,10.0036940574646],[22924,10.002612113952637],[19365,10.012044906616211],[68817,10.000382900238037],[62683,10.003577947616577],[53386,10.010642051696777],[21588,10.000466108322144],[19523,10.003868103027344],[17174,10.007045030593872]],