{"Rao1 top15 bottom15 no local search":[[28570,10.00006890296936],[24719,10.000351905822754],[18986,10.000960111618042],[8599,10.000672101974487],[8810,10.000255107879639],[6657,10.000678062438965],[25724,10.000695943832397],[22566,10.00062894821167],[23519,10.001559972763062],[9370,10.002003192901611],[9492,10.00036883354187],[6499,10.000026941299438],[26559,10.002309799194336],[20517,10.000587940216064],[17049,10.000508785247803],[8554,10.000352144241333],[8398,10.000232934951782],[7615,10.000520944595337],[28016,10.000560998916626],[23881,10.0001060962677],[20152,10.001274108886719],[9551,10.00020694732666],[9517,10.003377199172974],[7595,10.00098204612732],[32314,10.000663042068481],[29084,10.000913143157959],[23247,10.000522136688232],[8856,10.000501155853271],[7348,10.00049114227295],[6428,10.000709056854248],[49235,10.000041007995605],[42671,10.00094199180603],[37612,10.00083303451538],[16570,10.000756025314331],[15114,10.000437021255493],[10908,10.001155138015747],[50170,10.000854969024658],[45693,10.00097107887268],[34059,10.000334024429321],[15817,10.000515937805176],[14271,10.000036001205444],[12296,10.000499963760376],[50602,10.000767946243286],[44977,10.00098204612732],[34308,10.000056028366089],[14710,10.000411033630371],[13766,10.000674962997437],[12838,10.000770807266235],[51659,10.000951051712036],[46657,10.000845909118652],[34404,10.000644207000732],[17030,10.00057601928711],[15565,10.001131057739258],[11578,10.000744104385376],[51802,10.000049114227295],[47092,10.004137992858887],[36421,10.00051498413086],[15161,10.000364065170288],[13641,10.002049922943115],[10970,10.000507831573486],[76703,10.000542163848877],[61298,10.000880002975464],[49804,10.000556945800781],[20458,10.00022006034851],[18831,10.000854969024658],[16206,10.000226020812988],[74265,10.000487089157104],[57958,10.000648021697998],[51354,10.000479936599731],[22617,10.000521898269653],[20239,10.000210046768188],[15768,10.000507116317749],[71648,10.000398874282837],[66722,10.000924110412598],[54658,10.000589847564697],[22051,10.000694036483765],[20324,10.000991106033325],[13540,10.002403974533081],[79351,10.002583980560303],[65961,10.000658988952637],[63822,10.000248908996582],[22033,10.000079154968262],[20941,10.000394105911255],[17393,10.001049041748047],[66280,10.00028109550476],[58661,10.001395225524902],[50082,10.000115156173706],[20186,10.000149011611938],[17036,10.000720977783203],[13876,10.00059986114502]],"Rao1 top15 bottom15 fast local search":[[30906,10.002917051315308],[28185,10.000046014785767],[21700,10.020192861557007],[10657,10.003966093063354],[10379,10.00435495376587],[10060,10.003720045089722],[27434,10.00482702255249],[26318,10.001168012619019],[26166,10.00186800956726],[11303,10.003367900848389],[11114,10.00076699256897],[10625,10.005192041397095],[30108,10.009232997894287],[23424,10.005409955978394],[20628,10.0069420337677],[10294,10.003597974777222],[9955,10.004992008209229],[10124,10.00843620300293],[30581,10.002476930618286],[27298,10.003544092178345],[21519,10.003562927246094],[10770,10.0036301612854],[10559,10.0069100856781],[10030,10.00690507888794],[33570,10.005128860473633],[30510,10.006057024002075],[25074,10.005404949188232],[10738,10.00007700920105],[10485,10.010961055755615],[9776,10.005820989608765],[51706,10.00109601020813],[44574,10.000253915786743],[40137,10.005421161651611],[18388,10.003629207611084],[17449,10.000157833099365],[15578,10.000133037567139],[53246,10.004776000976562],[47809,10.002004861831665],[38066,10.006571054458618],[18216,10.011711835861206],[17011,10.002387046813965],[15743,10.002762079238892],[54384,10.0049409866333],[48633,10.001054048538208],[38292,10.001191139221191],[17697,10.00855302810669],[16375,10.00379204750061],[15741,10.00062108039856],[54211,10.003981113433838],[48744,10.004040956497192],[37238,10.005712032318115],[18385,10.000117063522339],[17272,10.003275871276855],[15980,10.000032901763916],[54327,10.00210189819336],[49367,10.004726886749268],[38647,10.004731178283691],[17358,10.003124237060547],[17012,10.005043983459473],[15287,10.002635955810547],[78877,10.005043029785156],[64688,10.007704019546509],[52478,10.001837968826294],[23268,10.00597596168518],[21562,10.001133918762207],[18536,10.00386905670166],[76006,10.000773191452026],[59951,10.005017042160034],[54759,10.001651048660278],[23930,10.00476598739624],[22625,10.00285792350769],[18309,10.00139594078064],[73125,10.004356145858765],[70588,10.004573106765747],[57511,10.003914833068848],[23358,10.005083084106445],[21807,10.008207082748413],[18029,10.001122951507568],[80741,10.006301879882812],[67095,10.003089904785156],[66742,10.005653858184814],[23871,10.010387182235718],[22924,10.00460410118103],[19334,10.009484052658081],[68817,10.00228500366211],[62683,10.007245779037476],[53350,10.00365400314331],[21588,10.001819133758545],[19541,10.000592947006226],[17346,10.011141061782837]],"Rao1 top1 bottom1 fast local search":[[30899,10.841453075408936],[28185,10.000818014144897],[21578,10.00069284439087],[10640,10.007460832595825],[10132,10.001830816268921],[10097,10.009088039398193],[27240,10.003607034683228],[26386,10.005297183990479],[26280,10.002835035324097],[11093,10.009106159210205],[10977,10.002524137496948],[10373,10.012249946594238],[30108,10.007030963897705],[23317,10.011232137680054],[20535,10.003953218460083],[10294,10.001199960708618],[9894,10.001890897750854],[9913,10.012999057769775],[30504,10.001927852630615],[27374,10.003589868545532],[21383,10.00212287902832],[10740,10.004151105880737],[10559,10.000483989715576],[9963,10.008764028549194],[33471,10.005106925964355],[30574,10.004892110824585],[24976,10.003443956375122],[10731,10.00477409362793],[10415,10.003297090530396],[9776,10.002057075500488],[51649,10.002891063690186],[44510,10.00254201889038],[40093,10.009356021881104],[18365,10.000669956207275],[17391,10.008591890335083],[15578,10.002613067626953],[53298,10.004786968231201],[47635,10.00432014465332],[38007,10.003498077392578],[18158,10.005910873413086],[16963,10.007704973220825],[15888,10.009578943252563],[54189,10.003643989562988],[48750,10.000560998916626],[38229,10.00251293182373],[17697,10.009546995162964],[16325,10.004934072494507],[15660,10.003058195114136],[54304,10.00156307220459],[48524,10.004418134689331],[37181,10.00736689567566],[18302,10.002788066864014],[17136,10.001579999923706],[16007,10.005922794342041],[54268,10.000563144683838],[49350,10.004554033279419],[38603,10.004539012908936],[17396,10.000708103179932],[17027,10.002636194229126],[15245,10.004430055618286],[78795,10.00186800956726],[64688,10.006428956985474],[52423,10.00044298171997],[23268,10.006778955459595],[21459,10.007642030715942],[18441,10.006399154663086],[76112,10.004670143127441],[59951,10.003201007843018],[54752,10.001452922821045],[23885,10.002013921737671],[22625,10.000632047653198],[18431,10.008764028549194],[73042,10.003607034683228],[70504,10.006992816925049],[57461,10.004647970199585],[23348,10.002824068069458],[21807,10.002242088317871],[17989,10.001703023910522],[80812,10.006119966506958],[67095,10.001372814178467],[66658,10.005145788192749],[23831,10.005039930343628],[22924,10.002784013748169],[19334,10.003417015075684],[68740,10.000797986984253],[62683,10.003959894180298],[53348,10.003861904144287],[21509,10.00402307510376],[19468,10.002124071121216],[17174,10.011083841323853]],