{"Rao1 top15 bottom15 no local search":[[24163,10.000488042831421],[20284,10.00071406364441],[18780,10.00098705291748],[9507,10.000115156173706],[6875,10.000132083892822],[5350,10.00078797340393],[23524,10.000330924987793],[16420,10.000512838363647],[16805,10.001621961593628],[8915,10.001091003417969],[7127,10.000769853591919],[4501,10.001075029373169],[23817,10.002454996109009],[15701,10.002527952194214],[15377,10.00073504447937],[9245,10.001034021377563],[7250,10.00020980834961],[6554,10.000921964645386],[24391,10.001013994216919],[16976,10.000706911087036],[12833,10.000550031661987],[9091,10.000900030136108],[7293,10.000866174697876],[4586,10.001481056213379],[23602,10.000927925109863],[16094,10.000763893127441],[17073,10.000984907150269],[9114,10.000594139099121],[6414,10.000507831573486],[4815,10.000976085662842],[42107,10.006505012512207],[30334,10.00058102607727],[29672,10.000734090805054],[16539,10.001439809799194],[11555,10.000557899475098],[6563,10.001425981521606],[43490,10.000535011291504],[32979,10.000077962875366],[29235,10.00069808959961],[17093,10.000632047653198],[15097,10.00044298171997],[11548,10.002748012542725],[42535,10.00072717666626],[29873,10.000300884246826],[27634,10.000287055969238],[17675,10.000087022781372],[14423,10.001254081726074],[7872,10.001085996627808],[42266,10.001372814178467],[33684,10.001195907592773],[28460,10.00085186958313],[17708,10.000249147415161],[13649,10.000009059906006],[10245,10.000739097595215],[47153,10.000200986862183],[33762,10.00072193145752],[30034,10.001487016677856],[17237,10.000391960144043],[13783,10.000441074371338],[8281,10.000173091888428],[64064,10.00361680984497],[44197,10.000823020935059],[37920,10.000692129135132],[24014,10.00082802772522],[17311,10.000502109527588],[11420,10.001230001449585],[64386,10.000677824020386],[43539,10.001023054122925],[44262,10.001410961151123],[23891,10.001121044158936],[18552,10.00083303451538],[11679,10.001996040344238],[66650,10.000144004821777],[55363,10.00071096420288],[44032,10.001008987426758],[24473,10.000818014144897],[18830,10.000009059906006],[11860,10.001502990722656],[58858,10.002896070480347],[55126,10.000735998153687],[46163,10.002092123031616],[23930,10.00174880027771],[18099,10.000028133392334],[13039,10.001024007797241],[66748,10.000359058380127],[44445,10.001329898834229],[46184,10.000612020492554],[24300,10.000790119171143],[17658,10.00231385231018],[12183,10.000350952148438]],"Rao1 top15 bottom15 fast local search":[[28456,10.006718158721924],[21602,10.004390001296997],[21935,10.021421194076538],[10820,10.006776094436646],[9809,10.004683017730713],[8202,10.001297950744629],[26515,10.009456157684326],[20566,10.005881071090698],[20103,10.011543035507202],[10583,10.007469892501831],[9678,10.001726865768433],[8493,10.002748012542725],[26762,10.000019073486328],[19296,10.011555910110474],[19133,10.002120971679688],[10671,10.005856990814209],[9566,10.004842042922974],[9157,10.005320072174072],[26183,10.000802040100098],[20484,10.003308057785034],[17392,10.005929946899414],[11217,10.003268003463745],[10429,10.002151012420654],[9707,10.006266117095947],[26656,10.000606060028076],[19233,10.00469708442688],[18645,10.001967906951904],[10390,10.008490085601807],[9878,10.000257968902588],[8630,10.001389980316162],[47031,10.00802993774414],[35797,10.00579285621643],[33637,10.015201807022095],[18849,10.003777027130127],[16013,10.002973794937134],[14124,10.001796960830688],[47612,10.001830816268921],[37097,10.001616954803467],[33318,10.000285148620605],[19514,10.00570297241211],[17628,10.001445055007935],[15457,10.006732940673828],[45116,10.000038146972656],[33370,10.000313997268677],[31402,10.009265899658203],[19695,10.002030849456787],[17862,10.00423002243042],[15242,10.002252101898193],[45868,10.00227689743042],[37896,10.003988981246948],[33277,10.013299942016602],[19386,10.004673957824707],[17052,10.002822160720825],[14360,10.000139951705933],[50073,10.000726222991943],[37392,10.000303983688354],[33238,10.003557920455933],[19418,10.004323959350586],[17219,10.000585079193115],[14853,10.005889892578125],[65676,10.002683877944946],[47749,10.001051902770996],[40855,10.000229120254517],[25491,10.001375913619995],[20574,10.002482891082764],[16137,10.001317977905273],[65655,10.001446008682251],[46345,10.005687952041626],[47019,10.000617027282715],[25645,10.000346183776855],[21772,10.006531000137329],[16868,10.014757871627808],[68826,10.001702070236206],[58313,10.002063035964966],[46992,10.000406980514526],[26050,10.003983974456787],[21783,10.00002408027649],[16425,10.01407504081726],[61805,10.00418996810913],[57663,10.004617929458618],[48505,10.000009059906006],[25322,10.003856182098389],[21959,10.002015113830566],[16820,10.000242948532104],[69515,10.000191926956177],[48189,10.001481056213379],[48776,10.00791883468628],[26204,10.001281023025513],[22288,10.001386165618896],[15767,10.011584997177124]],"Rao1 top1 bottom1 fast local search":[[28379,10.536072015762329],[21715,10.012123823165894],[21769,10.005222082138062],[10703,10.00656008720398],[9764,10.00928783416748],[8070,10.003085851669312],[26507,10.000197887420654],[20311,10.011602878570557],[20103,10.007483005523682],[10555,10.0055251121521],[9675,10.008956909179688],[8377,10.005514860153198],[26532,10.001089096069336],[19333,10.018033981323242],[19071,10.015017986297607],[10723,10.010701894760132],[9443,10.008112907409668],[9152,10.000407934188843],[26257,10.001437902450562],[20485,10.008750915527344],[17118,10.018551111221313],[11139,10.00305986404419],[10429,10.00208306312561],[9601,10.001236915588379],[26656,10.0038480758667],[18995,10.00894808769226],[18454,10.007822036743164],[10398,10.000325202941895],[9793,10.001028060913086],[8761,10.013995885848999],[47037,10.004097938537598],[35635,10.008087873458862],[33453,10.007102966308594],[18793,10.000128984451294],[16023,10.007805109024048],[13864,10.00278902053833],[47525,10.002490997314453],[36871,10.005019903182983],[33251,10.005259990692139],[19404,10.002887964248657],[17723,10.004683017730713],[15382,10.016634941101074],[45114,10.001922845840454],[33365,10.001654863357544],[31402,10.000709056854248],[19695,10.008498907089233],[17762,10.008589029312134],[15071,10.004958152770996],[45868,10.002305030822754],[37646,10.00053596496582],[33312,10.008575916290283],[19399,10.000964879989624],[16638,10.000324964523315],[14378,10.001593112945557],[49849,10.003490924835205],[37288,10.005348920822144],[33234,10.001865148544312],[19401,10.00371503829956],[17176,10.000041961669922],[14853,10.005766153335571],[65676,10.00258994102478],[47903,10.001208066940308],[40942,10.001415014266968],[25491,10.000323057174683],[20492,10.004680871963501],[16307,10.017645120620728],[65804,10.001001834869385],[46323,10.00816822052002],[47007,10.0004141330719],[25645,10.00831913948059],[21827,10.006762981414795],[16620,10.014214992523193],[68826,10.005777835845947],[58063,10.000037908554077],[46820,10.014542818069458],[26050,10.006875038146973],[21627,10.004838943481445],[16296,10.005280017852783],[61958,10.000055074691772],[57621,10.001806020736694],[48311,10.0090970993042],[25265,10.00192403793335],[21896,10.006722927093506],[16732,10.013301134109497],[69515,10.002197980880737],[48189,10.00502896308899],[48628,10.002835035324097],[26204,10.001782894134521],[22288,10.00446105003357],[15850,10.012439012527466]],