{"Rao1 top15 bottom15 no local search":[[25537,10.000510931015015],[18621,10.000731229782104],[17468,10.001262903213501],[10482,10.0001699924469],[6867,10.003583908081055],[5494,10.000802040100098],[24106,10.003082036972046],[17584,10.000023126602173],[15880,10.000410795211792],[8437,10.000277996063232],[6853,10.002104997634888],[4373,10.000882863998413],[23723,10.000758171081543],[15123,10.001549005508423],[16597,10.001190900802612],[8731,10.000296115875244],[7221,10.00071907043457],[4833,10.000569105148315],[23467,10.00090217590332],[17532,10.001407146453857],[13777,10.000277996063232],[9371,10.001503944396973],[8041,10.00037693977356],[5366,10.000303983688354],[22761,10.001436948776245],[15691,10.000993013381958],[15049,10.00000786781311],[9126,10.001246929168701],[7191,10.000224113464355],[4379,10.000900030136108],[43679,10.000638008117676],[32263,10.000765800476074],[29343,10.00039792060852],[17152,10.001013040542603],[13468,10.000133991241455],[6838,10.000133991241455],[45048,10.000108003616333],[33118,10.001532077789307],[29803,10.000056028366089],[17392,10.000670194625854],[13347,10.000813961029053],[10776,10.000942945480347],[42428,10.000571966171265],[27852,10.001046895980835],[27649,10.000762939453125],[17924,10.00101900100708],[12815,10.000681161880493],[9985,10.000788927078247],[42465,10.00068712234497],[32706,10.001000165939331],[29796,10.000695943832397],[17735,10.001224994659424],[13846,10.000285148620605],[8931,10.000906944274902],[46761,10.000679016113281],[33492,10.000226974487305],[29388,10.0016348361969],[17816,10.000791072845459],[12284,10.000785112380981],[10163,10.000115156173706],[63785,10.005986213684082],[44771,10.001077890396118],[36986,10.00446891784668],[23479,10.000555992126465],[17089,10.00068187713623],[11834,10.001657009124756],[64421,10.000492811203003],[42909,10.001046895980835],[43229,10.000694036483765],[25365,10.000186204910278],[17721,10.001039028167725],[13164,10.001274108886719],[66650,10.001498937606812],[55943,10.000957012176514],[43410,10.000144958496094],[24033,10.001709938049316],[17286,10.001021146774292],[11646,10.000051021575928],[59788,10.0000479221344],[55669,10.00050401687622],[45906,10.001296997070312],[24396,10.001082181930542],[19387,10.000301837921143],[13389,10.000265121459961],[66662,10.001790046691895],[43845,10.002533197402954],[45778,10.001465082168579],[24222,10.000135898590088],[17592,10.001168966293335],[10530,10.001189947128296]],"Rao1 top15 bottom15 fast local search":[[28401,10.011630058288574],[21602,10.00130581855774],[22029,10.006832122802734],[10764,10.006562948226929],[9896,10.000657796859741],[8230,10.003915071487427],[26388,10.00400686264038],[20364,10.005316972732544],[20103,10.016240119934082],[10626,10.001406908035278],[9609,10.007226943969727],[8377,10.003222942352295],[26762,10.00285005569458],[19124,10.008807897567749],[19179,10.01711106300354],[10767,10.005178928375244],[9630,10.007935047149658],[9152,10.012363910675049],[26438,10.000684022903442],[20350,10.003281116485596],[17392,10.000810861587524],[11270,10.000982999801636],[10429,10.000351905822754],[9622,10.000638961791992],[26656,10.008225917816162],[19099,10.002348899841309],[18607,10.003829002380371],[10415,10.011487007141113],[9735,10.00022578239441],[8642,10.00577688217163],[47027,10.003762006759644],[35634,10.00995683670044],[33703,10.00630807876587],[18831,10.003000020980835],[15977,10.001418113708496],[13853,10.003798007965088],[47492,10.001173973083496],[36780,10.00281310081482],[33433,10.001114845275879],[19587,10.001997947692871],[17825,10.005006074905396],[15418,10.001383066177368],[45207,10.001199960708618],[33352,10.000795125961304],[31282,10.011542081832886],[19717,10.006443977355957],[17862,10.005892992019653],[15095,10.006857872009277],[45893,10.003024101257324],[37733,10.004180908203125],[33407,10.013622999191284],[19374,10.006754875183105],[16946,10.006824970245361],[14553,10.002671957015991],[49970,10.00064492225647],[37288,10.00780987739563],[33234,10.007299900054932],[19418,10.006968975067139],[17137,10.003285884857178],[14853,10.003132104873657],[65643,10.000349998474121],[47734,10.002618074417114],[40905,10.005788087844849],[25509,10.003108978271484],[20574,10.002636194229126],[16307,10.005805015563965],[65653,10.00435495376587],[46345,10.001360893249512],[47003,10.010040998458862],[25621,10.001460075378418],[21926,10.002376794815063],[16982,10.000998973846436],[68737,10.007495880126953],[58394,10.005720138549805],[46970,10.005563974380493],[26050,10.006633043289185],[21726,10.002053022384644],[16453,10.009742975234985],[61968,10.0015549659729],[57708,10.003056049346924],[48508,10.009501934051514],[25413,10.003382921218872],[21959,10.00973391532898],[16820,10.004395008087158],[69454,10.004076957702637],[47827,10.006069898605347],[48665,10.002865076065063],[26204,10.00034499168396],[22235,10.000578165054321],[15967,10.001314163208008]],"Rao1 top1 bottom1 fast local search":[[28367,10.61158299446106],[21663,10.002140045166016],[21822,10.006016969680786],[10617,10.005208969116211],[9742,10.005069971084595],[8238,10.013919115066528],[26382,10.005714178085327],[20271,10.00594711303711],[20103,10.004954099655151],[10518,10.01036810874939],[9675,10.011202096939087],[8283,10.010653972625732],[26757,10.015197992324829],[19087,10.014738082885742],[19130,10.005079984664917],[10659,10.003396034240723],[9532,10.018805027008057],[9157,10.010437965393066],[26461,10.005253076553345],[20400,10.005983114242554],[17416,10.009768962860107],[11168,10.006681203842163],[10330,10.016013860702515],[9465,10.000568866729736],[26362,10.019195079803467],[18903,10.014017105102539],[18661,10.003388166427612],[10427,10.003789901733398],[9563,10.010617971420288],[8738,10.003705978393555],[46953,10.003918886184692],[35635,10.004684925079346],[33680,10.007483005523682],[18642,10.005435943603516],[15832,10.010723114013672],[14066,10.01101803779602],[47273,10.010663986206055],[36841,10.011860132217407],[33271,10.011847019195557],[19433,10.00331997871399],[17689,10.014165163040161],[15513,10.004112005233765],[45100,10.013065099716187],[33217,10.021522998809814],[31304,10.011741876602173],[19584,10.009259939193726],[17868,10.000869989395142],[14958,10.008692026138306],[45627,10.001272201538086],[37713,10.017303943634033],[33152,10.003777980804443],[19432,10.008430004119873],[16685,10.012465000152588],[14319,10.01099705696106],[49933,10.006394147872925],[37259,10.00978708267212],[33238,10.029192924499512],[19418,10.014036893844604],[17181,10.004423141479492],[14820,10.003657817840576],[65623,10.00621509552002],[47531,10.010357141494751],[40929,10.007520914077759],[25459,10.004225015640259],[20407,10.000379800796509],[16309,10.000643014907837],[65677,10.002273082733154],[46345,10.004894018173218],[47085,10.003312110900879],[25618,10.00033712387085],[21544,10.00641393661499],[16880,10.016226053237915],[68578,10.003934144973755],[58170,10.008584976196289],[46992,10.001688003540039],[26049,10.000927925109863],[21625,10.007524013519287],[16348,10.002673149108887],[61788,10.001208066940308],[57708,10.018106937408447],[48315,10.01018500328064],[25369,10.002479076385498],[21896,10.003160953521729],[16820,10.004897832870483],[69364,10.00017499923706],[48000,10.004866123199463],[48653,10.00391697883606],[26204,10.000251054763794],[22304,10.008379936218262],[15881,10.011705160140991]],