{"Rao1 top15 bottom15 no local search":[[17860,10.003133058547974],[10100,10.000915050506592],[-190,10.001161098480225],[9318,10.002339124679565],[2239,10.001131057739258],[-660,10.00126314163208],[18739,10.000956058502197],[10285,10.000736951828003],[-1746,10.000028133392334],[9084,10.000224113464355],[2501,10.000720024108887],[-2287,10.000119924545288],[19468,10.001535177230835],[12284,10.00938081741333],[-5164,10.001492023468018],[9311,10.001310110092163],[3969,10.00113582611084],[-1984,10.002000093460083],[19459,10.000118017196655],[10358,10.001898050308228],[-619,10.000514030456543],[9872,10.0001540184021],[-121,10.001285791397095],[-1001,10.002643823623657],[18336,10.006494998931885],[-91,10.000020027160645],[-2576,10.001293182373047],[8774,10.001629114151001],[3466,10.000802040100098],[-1453,10.000596046447754],[37473,10.005490064620972],[22212,10.000619888305664],[-816,10.000673055648804],[17636,10.001532077789307],[7329,10.001861810684204],[4487,10.001086950302124],[38715,10.000757932662964],[24835,10.01039719581604],[-1141,10.00766897201538],[19297,10.000117063522339],[7161,10.001150131225586],[-452,10.00015902519226],[35590,10.001736879348755],[21567,10.002444982528687],[21313,10.001447916030884],[18464,10.001310110092163],[9213,10.000627040863037],[-217,10.000329971313477],[39426,10.001258134841919],[24815,10.002021074295044],[-1617,10.00057601928711],[17303,10.001648902893066],[8980,10.0018630027771],[-1103,10.001552820205688],[40239,10.000756025314331],[25160,10.000983953475952],[-1247,10.001193046569824],[19094,10.00120210647583],[9544,10.001005172729492],[-427,10.0018470287323],[53526,10.000962018966675],[37192,10.001688957214355],[-1810,10.000747203826904],[27051,10.000997066497803],[13744,10.00180697441101],[-2573,10.005484104156494],[55763,10.00095009803772],[-6,10.000997066497803],[-421,10.001384019851685],[25941,10.000129222869873],[-22,10.000103950500488],[-1794,10.000444889068604],[61551,10.000237941741943],[31438,10.000895023345947],[-2199,10.00114107131958],[26408,10.000277996063232],[14591,10.000633955001831],[-187,10.000961065292358],[58039,10.000869035720825],[37012,10.000495195388794],[-1104,10.000922203063965],[26354,10.000216960906982],[14087,10.001024007797241],[-616,10.00082802772522],[55085,10.000800848007202],[32389,10.0001380443573],[-2060,10.001192808151245],[25270,10.001840114593506],[13804,10.000177145004272],[-2369,10.000664949417114]],"Rao1 top15 bottom15 fast local search":[[20194,10.001135110855103],[13382,10.00175404548645],[9971,10.012956857681274],[10448,10.001520872116089],[6436,10.00256085395813],[3865,10.005223989486694],[20150,10.005487203598022],[12145,10.014376878738403],[9362,10.001284837722778],[11439,10.008748054504395],[6984,10.005111932754517],[3228,10.007009983062744],[22178,10.006090879440308],[15195,10.017297983169556],[-29,10.012346982955933],[11652,10.003421068191528],[6087,10.00112795829773],[2086,10.003835916519165],[20527,10.002795934677124],[12140,10.018288135528564],[9296,10.002928018569946],[11494,10.01297402381897],[6300,10.018868923187256],[2981,10.00767183303833],[20737,10.000890016555786],[12301,10.015298843383789],[-43,10.011609077453613],[11070,10.007102012634277],[5720,10.007252931594849],[-85,10.018687963485718],[40622,10.001236915588379],[27296,10.00398302078247],[22327,10.008077144622803],[21053,10.00020694732666],[12788,10.011647939682007],[9719,10.001957178115845],[42395,10.006357192993164],[27590,10.01675796508789],[21538,10.00225305557251],[21786,10.010998964309692],[13506,10.009361028671265],[7920,10.01162600517273],[39643,10.008877038955688],[27478,10.014656066894531],[21777,10.008671998977661],[21200,10.001769065856934],[13132,10.003164052963257],[9498,10.00939393043518],[41512,10.007070779800415],[27861,10.008500099182129],[21204,10.01292085647583],[21168,10.00320816040039],[13602,10.000598192214966],[7906,10.01029896736145],[43297,10.003734827041626],[28281,10.013564109802246],[23315,10.020200967788696],[21442,10.002686023712158],[13359,10.00054383277893],[7661,10.015253067016602],[55218,10.007829904556274],[40055,10.009536027908325],[-153,10.004057168960571],[29191,10.001865863800049],[17794,10.00164008140564],[-160,10.009109020233154],[58194,10.004297018051147],[38678,10.009727001190186],[31070,10.012082815170288],[28019,10.003187894821167],[17200,10.021559953689575],[10011,10.01801609992981],[63242,10.004245042800903],[35323,10.00491189956665],[31118,10.018402814865112],[29647,10.003477811813354],[17559,10.019434928894043],[9647,10.019806146621704],[59458,10.010279178619385],[40713,10.013179063796997],[33952,10.004106044769287],[28901,10.001641988754272],[18542,10.008143901824951],[8602,10.010591983795166],[57563,10.013069152832031],[35386,10.003895998001099],[29815,10.017648935317993],[29130,10.005383968353271],[17627,10.024580955505371],[7622,10.016063928604126]],"Rao1 top1 bottom1 fast local search":[[19827,10.649048089981079],[13263,10.017597913742065],[9676,10.016819953918457],[10409,10.010875940322876],[6276,10.016308784484863],[3859,10.013420104980469],[20162,10.00921893119812],[11811,10.006102085113525],[9785,10.000190019607544],[11515,10.005403995513916],[6393,10.018144845962524],[2832,10.00720500946045],[21910,10.005851984024048],[15172,10.011956930160522],[9718,10.018379926681519],[11616,10.004690885543823],[5894,10.013041019439697],[1485,10.007712125778198],[20521,10.00560998916626],[11838,10.011432886123657],[8954,10.004319906234741],[11278,10.011029958724976],[6157,10.006065845489502],[2902,10.00019097328186],[20615,10.000463962554932],[12395,10.00951600074768],[-221,10.012040853500366],[10905,10.00454306602478],[5881,10.001538038253784],[-42,10.015426874160767],[40606,10.005834817886353],[26331,10.001115083694458],[21139,10.014941930770874],[20904,10.008193969726562],[11755,10.014089107513428],[8855,10.00774598121643],[42052,10.0072340965271],[27263,10.002552032470703],[19936,10.00595998764038],[21870,10.007317066192627],[12595,10.019291162490845],[6027,10.002681970596313],[39205,10.005932092666626],[27412,10.00973892211914],[21483,10.019850969314575],[21183,10.000258922576904],[12816,10.007240056991577],[6799,10.006125926971436],[41386,10.004748106002808],[27520,10.018537044525146],[20486,10.00809383392334],[21094,10.010623931884766],[13033,10.017254114151001],[6812,10.007806062698364],[43185,10.002034902572632],[27771,10.017972946166992],[22827,10.003735065460205],[21442,10.004992008209229],[13092,10.01359486579895],[7506,10.003844976425171],[55056,10.00067400932312],[39870,10.009074926376343],[-106,10.016865968704224],[29191,10.004807949066162],[17376,10.001578092575073],[-65,10.008058071136475],[58012,10.004204988479614],[38328,10.007122039794922],[31229,10.000596046447754],[28029,10.011586904525757],[16657,10.002684116363525],[10484,10.027914047241211],[63162,10.01287317276001],[34952,10.0209219455719],[31733,10.006839036941528],[29611,10.012829065322876],[16621,10.028768062591553],[8174,10.01643705368042],[59504,10.002081155776978],[40567,10.00386095046997],[33912,10.02977991104126],[28875,10.005982875823975],[17953,10.019883871078491],[7891,10.01547908782959],[57526,10.009145975112915],[34814,10.009957075119019],[-30,10.025763988494873],[29130,10.000173091888428],[16740,10.005512952804565],[8535,10.023855924606323]],