{"Rao1 top15 bottom15 no local search":[[17703,10.00111985206604],[10313,10.000885963439941],[-352,10.002308130264282],[8187,10.004809856414795],[2133,10.003614902496338],[1567,10.00249981880188],[18101,10.007118940353394],[-7,10.001749038696289],[-2400,10.00403094291687],[9586,10.000133037567139],[3031,10.000771045684814],[-1416,10.002393960952759],[19515,10.000480890274048],[13158,10.001042127609253],[-2489,10.00058102607727],[10202,10.001272916793823],[3232,10.00082015991211],[-2838,10.001094818115234],[18999,10.00066089630127],[10289,10.000733852386475],[-140,10.000231981277466],[10074,10.001212120056152],[-36,10.001480102539062],[-427,10.00007700920105],[18033,10.000715970993042],[10495,10.000808954238892],[-3006,10.00081491470337],[9278,10.000918865203857],[-25,10.001176834106445],[-2846,10.000600099563599],[36821,10.001198053359985],[23897,10.000355005264282],[-99,10.001230001449585],[18515,10.00065302848816],[7821,10.00011396408081],[-6,10.000780820846558],[38019,10.004112958908081],[22956,10.000370025634766],[-201,10.002912998199463],[18577,10.000310897827148],[9143,10.000670194625854],[-665,10.000580787658691],[36291,10.000535011291504],[-88,10.002336978912354],[-346,10.001657009124756],[19669,10.000088930130005],[7736,10.001013994216919],[-2117,10.001228094100952],[39236,10.000561952590942],[24746,10.000310897827148],[-653,10.000838041305542],[18909,10.00012993812561],[-67,10.000361919403076],[-2334,10.001137971878052],[39367,10.000048875808716],[24254,10.000291109085083],[-377,10.001344919204712],[18557,10.00036907196045],[7876,10.000040054321289],[-394,10.000641822814941],[52803,10.000463008880615],[37433,10.000669956207275],[-1974,10.002171039581299],[26300,10.00222897529602],[14036,10.00269603729248],[-1312,10.00026798248291],[55190,10.000324010848999],[36329,10.00022292137146],[-1693,10.001168012619019],[25111,10.000898122787476],[-255,10.00098991394043],[-890,10.001127004623413],[60819,10.00111985206604],[32355,10.000757932662964],[-24,10.000189065933228],[28236,10.001002073287964],[15211,10.000591039657593],[-535,10.000219821929932],[56848,10.000965118408203],[38527,10.0003821849823],[-1067,10.002503156661987],[25968,10.000917911529541],[13889,10.000243902206421],[-854,10.00203800201416],[54187,10.003148078918457],[32495,10.000860929489136],[-1293,10.000055074691772],[26335,10.000446796417236],[-44,10.00011396408081],[-1142,10.000281810760498]],"Rao1 top15 bottom15 fast local search":[[19937,10.002399921417236],[13485,10.006044864654541],[10074,10.00911808013916],[10389,10.00044298171997],[6360,10.010740041732788],[3555,10.006633043289185],[20143,10.010802030563354],[12132,10.008049011230469],[9612,10.019702911376953],[11456,10.015824794769287],[6898,10.009280920028687],[3001,10.017184972763062],[21853,10.015931129455566],[15261,10.021789073944092],[10437,10.021584033966064],[11665,10.008867025375366],[6021,10.008260011672974],[2086,10.004842042922974],[20506,10.00165581703186],[11801,10.00220012664795],[8634,10.020727157592773],[11438,10.022021055221558],[6587,10.00453805923462],[2737,10.008358001708984],[20628,10.005108833312988],[12980,10.021816968917847],[-175,10.015215873718262],[11033,10.02920413017273],[6217,10.007396936416626],[-50,10.013345956802368],[40583,10.000752925872803],[27427,10.00100588798523],[22170,10.00001311302185],[21094,10.000885963439941],[13334,10.001122951507568],[8527,10.007325887680054],[42191,10.009181022644043],[27675,10.000185012817383],[21384,10.020084857940674],[21786,10.00553297996521],[13601,10.007351875305176],[8812,10.0017831325531],[39612,10.00655484199524],[27966,10.009060859680176],[22274,10.011334896087646],[21151,10.001900911331177],[13539,10.006267070770264],[9059,10.009523153305054],[41463,10.004077911376953],[28038,10.007936000823975],[20517,10.00109314918518],[21069,10.010937929153442],[13757,10.003407001495361],[7045,10.002682209014893],[43467,10.00384783744812],[27420,10.010381937026978],[23451,10.012014150619507],[21323,10.008153915405273],[12997,10.026495933532715],[7925,10.004633903503418],[55201,10.023490905761719],[40122,10.012399911880493],[-73,10.012446165084839],[29115,10.00584101676941],[17116,10.000303030014038],[-190,10.018278121948242],[57839,10.008064031600952],[39015,10.011510133743286],[30930,10.005702018737793],[28020,10.002216815948486],[17337,10.012068033218384],[9954,10.027168989181519],[63401,10.014284133911133],[35323,10.01340103149414],[31481,10.017006874084473],[29611,10.005166053771973],[16967,10.0050950050354],[8468,10.008581161499023],[59474,10.006977081298828],[40948,10.001605033874512],[34095,10.001979112625122],[28901,10.003078937530518],[18975,10.006136894226074],[10116,10.009947061538696],[57765,10.005439043045044],[35608,10.006437063217163],[29424,10.008157968521118],[29130,10.00137186050415],[17753,10.002378940582275],[9112,10.01521897315979]],"Rao1 top1 bottom1 fast local search":[[20151,10.58869194984436],[13356,10.011978149414062],[9152,10.010947942733765],[10420,10.00253701210022],[6371,10.005050897598267],[3762,10.020782947540283],[20183,10.006754159927368],[12181,10.01359486579895],[9397,10.001663208007812],[11391,10.026717901229858],[5945,10.003257036209106],[3049,10.010947942733765],[21695,10.020142793655396],[15033,10.023494958877563],[-112,10.033571004867554],[11615,10.000221014022827],[6338,10.01355504989624],[-17,10.016655921936035],[20240,10.007719993591309],[11884,10.018816947937012],[9288,10.029206991195679],[11344,10.00618290901184],[5870,10.011152982711792],[2581,10.011444091796875],[20207,10.01888918876648],[12321,10.009552001953125],[-98,10.002980947494507],[11122,10.003190040588379],[5293,10.002477884292603],[-104,10.005851984024048],[40194,10.002112865447998],[25947,10.016404867172241],[21623,10.00754690170288],[21001,10.006243228912354],[12927,10.008894920349121],[7687,10.003480911254883],[41966,10.004503011703491],[27429,10.003844976425171],[21236,10.000452995300293],[21708,10.013175964355469],[13506,10.00830078125],[6062,10.037966012954712],[39568,10.000627994537354],[27393,10.009945154190063],[21566,10.017858982086182],[21297,10.004080057144165],[13386,10.000740051269531],[7669,10.021867036819458],[41297,10.011723041534424],[27548,10.00084114074707],[20986,10.010329961776733],[20968,10.002992153167725],[13260,10.011363983154297],[6153,10.000802993774414],[43302,10.006333112716675],[28062,10.007910013198853],[22739,10.008295059204102],[21252,10.000452041625977],[12799,10.015014886856079],[7892,10.006389856338501],[55115,10.006836175918579],[39985,10.012557983398438],[-83,10.010113954544067],[29191,10.00856900215149],[15544,10.001793146133423],[-202,10.027992010116577],[57893,10.015371084213257],[38390,10.008548021316528],[30187,10.017646074295044],[27945,10.005736112594604],[16839,10.016123056411743],[10458,10.017433881759644],[63125,10.01001501083374],[35214,10.004236936569214],[31676,10.027645111083984],[29589,10.006860971450806],[17317,10.028863906860352],[8876,10.013606071472168],[59447,10.012727975845337],[40704,10.007572174072266],[33576,10.022286176681519],[28875,10.00461196899414],[18518,10.001061916351318],[8939,10.00473690032959],[57674,10.002247095108032],[35075,10.004588842391968],[29424,10.007747888565063],[29038,10.00570297241211],[17677,10.001842021942139],[-38,10.008579015731812]],