{"Rao1 top15 bottom15 no local search":[[53577,10.002815008163452],[27177,10.001590967178345],[25294,10.003153085708618],[22848,10.002102851867676],[9510,10.0039222240448],[5395,10.000777006149292],[50635,10.002753019332886],[30806,10.000271081924438],[27039,10.002310037612915],[22302,10.00119400024414],[9567,10.00040602684021],[2837,10.000233888626099],[49840,10.002496004104614],[31445,10.000942945480347],[-52,10.000922918319702],[23637,10.002488136291504],[10798,10.008819103240967],[5812,10.001574039459229],[53049,10.003566980361938],[28715,10.000156164169312],[25942,10.003784894943237],[22488,10.007858991622925],[15253,10.001047134399414],[4973,10.004326105117798],[51568,10.002774000167847],[30129,10.002639055252075],[24390,10.00597882270813],[22902,10.001360893249512],[10303,10.002224922180176],[8588,10.000972986221313],[98990,10.005836009979248],[70143,10.00247597694397],[58703,10.004302978515625],[44778,10.000210046768188],[24623,10.00137710571289],[13508,10.00188422203064],[104062,10.002873182296753],[59791,10.000744104385376],[53008,10.00110912322998],[45777,10.000916957855225],[25902,10.003152132034302],[12828,10.002381086349487],[98249,10.002800941467285],[66538,10.003134965896606],[-57,10.00276517868042],[42592,10.001716136932373],[25051,10.002225875854492],[14603,10.003112077713013],[101414,10.00487995147705],[65749,10.006087064743042],[55867,10.003379106521606],[44862,10.001674175262451],[24306,10.000438928604126],[14580,10.002573013305664],[103452,10.004863977432251],[66358,10.0052649974823],[59589,10.002565860748291],[42045,10.000863075256348],[24450,10.000301122665405],[15331,10.005518913269043],[151492,10.003066778182983],[95429,10.003079891204834],[87991,10.000532150268555],[61515,10.002705097198486],[38202,10.001618146896362],[26977,10.001780033111572],[157453,10.001715898513794],[100206,10.00332522392273],[84457,10.004923105239868],[63257,10.00632905960083],[37176,10.001103162765503],[-418,10.002797842025757],[153149,10.002626180648804],[96966,10.002424955368042],[76637,10.006108045578003],[64823,10.002594947814941],[38250,10.00136113166809],[23257,10.00164008140564],[151552,10.001551866531372],[100849,10.002415895462036],[-37,10.003676176071167],[65408,10.007197141647339],[40104,10.001505851745605],[22132,10.003233909606934],[146848,10.002012014389038],[98434,10.000675201416016],[84285,10.0032799243927],[65582,10.001837968826294],[37351,10.000913858413696],[-163,10.000312089920044]],"Rao1 top15 bottom15 fast local search":[[62842,10.010287046432495],[35879,10.018971920013428],[31492,10.014402866363525],[30218,10.02409291267395],[19466,10.000232934951782],[18237,10.014945030212402],[61149,10.024147987365723],[37367,10.032394886016846],[33883,10.047292947769165],[28761,10.019118070602417],[20327,10.065996885299683],[19716,10.007135152816772],[62628,10.006776094436646],[39664,10.002034902572632],[35921,10.028248071670532],[30412,10.001988887786865],[19549,10.001514911651611],[19675,10.013314008712769],[61394,10.000355958938599],[34752,10.011437177658081],[31274,10.0348379611969],[29272,10.022167921066284],[17717,10.078630924224854],[18918,10.00261902809143],[62282,10.006042003631592],[34716,10.079610109329224],[32077,10.031328916549683],[29197,10.004322052001953],[20419,10.04688286781311],[18181,10.019845008850098],[110544,10.021413803100586],[75914,10.067014932632446],[67054,10.05452585220337],[54195,10.013577938079834],[35912,10.080283164978027],[28499,10.018577098846436],[114331,10.013659954071045],[71230,10.058304071426392],[59973,10.00592589378357],[52985,10.01348614692688],[35163,10.008842945098877],[30660,10.009605884552002],[110504,10.002025127410889],[73601,10.035063028335571],[65422,10.043192863464355],[52180,10.000853061676025],[37079,10.018245935440063],[23762,10.069743871688843],[114242,10.017971992492676],[75179,10.00518012046814],[59722,10.003065824508667],[54343,10.01811695098877],[36062,10.026012897491455],[22468,10.054058074951172],[114156,10.00196385383606],[76094,10.045961141586304],[66782,10.032259941101074],[51730,10.007588148117065],[33425,10.079639911651611],[30554,10.006552934646606],[158724,10.013766050338745],[101768,10.021183013916016],[95274,10.004485130310059],[67298,10.009382009506226],[46041,10.059898853302002],[37929,10.01970100402832],[167298,10.014661073684692],[108885,10.028328895568848],[90666,10.04073977470398],[69753,10.029388904571533],[46967,10.100517988204956],[37242,10.030000925064087],[160513,10.006947040557861],[105291,10.029921054840088],[82044,10.018526792526245],[71105,10.00311017036438],[47849,10.064677000045776],[37131,10.020971059799194],[160193,10.00670313835144],[107694,10.018764972686768],[94352,10.04445195198059],[73119,10.004683017730713],[48946,10.011471033096313],[37111,10.05961298942566],[153756,10.013808965682983],[107669,10.037810802459717],[89474,10.038005113601685],[70586,10.014292001724243],[49643,10.032474994659424],[31530,10.01751708984375]],"Rao1 top1 bottom1 fast local search":[[62087,10.029454946517944],[34631,10.03901195526123],[29098,10.081532955169678],[29685,10.029611110687256],[18815,10.041002988815308],[13109,10.034318208694458],[59843,10.019345998764038],[36009,10.047798871994019],[31496,10.022192001342773],[28653,10.024280071258545],[18276,10.013647079467773],[15624,10.05172610282898],[62182,10.014342069625854],[39017,10.055034160614014],[36267,10.05870795249939],[29955,10.007199048995972],[19403,10.034296035766602],[16958,10.049194097518921],[60715,10.01091194152832],[34056,10.000265121459961],[30496,10.018521070480347],[28327,10.018244981765747],[17123,10.062477111816406],[15256,10.016174077987671],[62612,10.01452112197876],[33678,10.062425136566162],[30780,10.009330034255981],[28404,10.023669958114624],[18482,10.01122498512268],[15299,10.053641080856323],[106932,10.001538038253784],[74016,10.036923170089722],[66080,10.005457878112793],[54008,10.012250900268555],[34751,10.044933080673218],[25957,10.005505800247192],[111136,10.02554202079773],[67696,10.03317403793335],[59160,10.04862093925476],[51825,10.02273416519165],[35142,10.032651901245117],[30420,10.002432107925415],[108038,10.002043008804321],[72840,10.048701047897339],[62222,10.054124116897583],[52010,10.024662971496582],[34369,10.10265588760376],[22548,10.089591979980469],[113450,10.029989004135132],[70432,10.016308069229126],[59129,10.031956911087036],[54162,10.019743919372559],[35850,10.044159889221191],[19149,10.032648086547852],[112212,10.022231101989746],[72756,10.026558876037598],[65300,10.020879030227661],[51094,10.029160976409912],[34217,10.079197883605957],[23662,10.085232973098755],[156615,10.012152910232544],[99009,10.03013300895691],[92110,10.058307886123657],[66997,10.041029930114746],[45297,10.010098218917847],[36399,10.0488600730896],[166620,10.011902093887329],[106955,10.013319969177246],[88233,10.046682834625244],[69474,10.004898071289062],[45272,10.022441148757935],[35255,10.076501846313477],[159494,10.000944137573242],[102140,10.00693392753601],[79022,10.022797107696533],[70789,10.02712106704712],[47416,10.052408933639526],[32670,10.102638959884644],[158891,10.012669086456299],[105867,10.042116165161133],[93580,10.082360982894897],[72815,10.014089822769165],[45735,10.076229810714722],[32578,10.033716201782227],[153034,10.011935949325562],[105721,10.056879043579102],[86847,10.054996013641357],[70039,10.018073081970215],[45477,10.005863904953003],[30527,10.065201997756958]],