{"Jaya top15 bottom15 no local search":[[30220,10.000133037567139],[27566,10.000355958938599],[21272,10.000370025634766],[10133,10.000500917434692],[9561,10.00012993812561],[9705,10.000436067581177],[26698,10.00039005279541],[24786,10.000077962875366],[25701,10.000362157821655],[10188,10.000380039215088],[10442,10.000264167785645],[9668,10.000235795974731],[28735,10.001521825790405],[22333,10.001796007156372],[19973,10.000258922576904],[9693,10.000405073165894],[9080,10.000314950942993],[9335,10.000038862228394],[29972,10.000021934509277],[26766,10.000293970108032],[20863,10.000219106674194],[9733,10.000154972076416],[10110,10.000095129013062],[9274,10.000120878219604],[33241,10.000380039215088],[29968,10.000110864639282],[24457,10.000187873840332],[10126,10.00000810623169],[9911,10.002722978591919],[8612,10.000433921813965],[50973,10.000272035598755],[43470,10.000725030899048],[39355,10.000120878219604],[17978,10.000365972518921],[16545,10.001425981521606],[14830,10.00025200843811],[52521,10.000335931777954],[46687,10.000245094299316],[37710,10.001649856567383],[17474,10.000203132629395],[16187,10.000066995620728],[14633,10.000094890594482],[52073,10.000120878219604],[48144,10.000088930130005],[38116,10.000046968460083],[16929,10.000226020812988],[15791,10.000152111053467],[14750,10.000367164611816],[53493,10.000308990478516],[48009,10.000489950180054],[36817,10.000218868255615],[17234,10.000672817230225],[16403,10.000022888183594],[15548,10.002212047576904],[53205,10.000081062316895],[48524,10.000169038772583],[37717,10.0001540184021],[16411,10.0001220703125],[16139,10.000160932540894],[13990,10.001112937927246],[78212,10.001098155975342],[64314,10.000443935394287],[52023,10.00037693977356],[22955,10.000027894973755],[21231,10.000317811965942],[18370,10.000200986862183],[75888,10.00015902519226],[59911,10.000088930130005],[54371,10.000062942504883],[23691,10.00040602684021],[22155,10.000334978103638],[17590,10.000181913375854],[72466,10.000040054321289],[69779,10.000123977661133],[57261,10.002562999725342],[22911,10.000250816345215],[21543,10.000347137451172],[17266,10.000411033630371],[79596,10.000175952911377],[66857,10.00111699104309],[66018,10.000144004821777],[23748,10.000399827957153],[22867,10.000282049179077],[18484,10.002222061157227],[68463,10.00037693977356],[62486,10.00020694732666],[53224,10.000452041625977],[21427,10.000108003616333],[18785,10.00289011001587],[16537,10.000279903411865]],"Jaya top1 bottom1 no local search":[[24851,10.120006084442139],[20886,12.936461925506592],[-179,10.000427961349487],[6451,10.000884056091309],[5322,10.000183820724487],[4103,10.000051021575928],[20494,10.00045108795166],[19435,10.000446081161499],[18795,10.000123023986816],[7498,10.000176906585693],[5531,10.000239849090576],[3643,10.000688076019287],[23099,10.000039100646973],[17299,10.00037693977356],[-3,10.000362157821655],[6898,10.0000159740448],[6425,10.000348806381226],[-191,10.000211000442505],[21650,10.000384092330933],[19530,10.000365972518921],[13970,10.001893997192383],[7180,10.000041007995605],[5831,10.000359058380127],[3802,10.000160217285156],[25169,10.00010085105896],[22648,10.000257968902588],[18170,10.000148057937622],[6750,10.00019907951355],[5912,10.000385999679565],[2590,10.000199794769287],[45034,10.000004053115845],[37288,10.000112056732178],[34209,10.000191926956177],[13731,10.000362873077393],[11717,10.00036096572876],[8253,10.000242948532104],[45736,10.000290870666504],[40002,10.000370979309082],[31957,10.000498056411743],[13749,10.000340938568115],[12541,10.000258922576904],[8363,10.000244140625],[47424,10.001309156417847],[40203,10.000030994415283],[31964,10.0001859664917],[11964,10.000163078308105],[11259,10.000144004821777],[5994,10.000185012817383],[47683,10.000010967254639],[42892,10.000421047210693],[28983,10.000180959701538],[13484,10.000288963317871],[12343,10.000012159347534],[5892,10.000391006469727],[46609,10.000384092330933],[42107,10.002140998840332],[29331,10.000173091888428],[12802,10.00220799446106],[10814,10.000170946121216],[8132,10.00012993812561],[71723,10.000302076339722],[59275,10.001255989074707],[46963,10.000457048416138],[19018,10.000318050384521],[17190,10.001659870147705],[10568,10.000168800354004],[71747,10.000356912612915],[53450,10.000425815582275],[-305,10.000118017196655],[20255,10.000368118286133],[18130,10.000087976455688],[11675,10.000289916992188],[67368,10.000448942184448],[65701,10.000443935394287],[51485,10.000018119812012],[19387,10.000270128250122],[17194,10.000416040420532],[9622,10.000003099441528],[75604,10.00092887878418],[62981,10.00025200843811],[61320,10.000346183776855],[19826,10.0001220703125],[18669,10.00028395652771],[13803,10.000257015228271],[62320,10.000339984893799],[57324,10.000464916229248],[47433,10.00037693977356],[18265,10.000295877456665],[15942,10.00032091140747],[12672,10.000559091567993]],"Jaya top1 bottom1 fast local search":[[26881,10.635313034057617],[24349,10.00001311302185],[18099,10.005375146865845],[8427,10.00062608718872],[7729,10.000611066818237],[8519,10.00393295288086],[24089,10.004905939102173],[22158,10.00084400177002],[22668,10.004651069641113],[8223,10.005341053009033],[9612,10.000693082809448],[8937,10.005228996276855],[26307,10.00108790397644],[20910,10.002702951431274],[18056,10.005267143249512],[8187,10.002318143844604],[8464,10.005932807922363],[7607,10.007325172424316],[24974,10.0070059299469],[22371,10.000494003295898],[18820,10.004132986068726],[8764,10.000303983688354],[8317,10.003312110900879],[7716,10.004555940628052],[28574,10.00313115119934],[27874,10.0035879611969],[21989,10.00406289100647],[8568,10.002681970596313],[7709,10.00669002532959],[7770,10.002726078033447],[46487,10.000117063522339],[39649,10.00517201423645],[36962,10.000678062438965],[15535,10.005120992660522],[14864,10.006998062133789],[13107,10.003437042236328],[47487,10.001080989837646],[43087,10.000980854034424],[34322,10.000126123428345],[15135,10.005934953689575],[14419,10.000715970993042],[11878,10.009665966033936],[49103,10.000576972961426],[43803,10.006025075912476],[34634,10.004853963851929],[14734,10.004417896270752],[12696,10.004642009735107],[12267,10.004359006881714],[49696,10.000022888183594],[43883,10.004010915756226],[33603,10.005676984786987],[15284,10.000628232955933],[14931,10.003843069076538],[12384,10.003237962722778],[48438,10.005919933319092],[44552,10.001103162765503],[34375,10.004158020019531],[14734,10.004967212677002],[14418,10.00142216682434],[12038,10.007746934890747],[74365,10.004863023757935],[61792,10.002922058105469],[50368,10.001487016677856],[20606,10.001747131347656],[19521,10.002792119979858],[16567,10.007715940475464],[72702,10.002745866775513],[56342,10.002863883972168],[52238,10.003928899765015],[22097,10.000953912734985],[20449,10.000382900238037],[15768,10.003594875335693],[69455,10.002104043960571],[67063,10.000198125839233],[54746,10.002308130264282],[20577,10.00124192237854],[19369,10.001322984695435],[15876,10.001765012741089],[76242,10.000014066696167],[64162,10.003180980682373],[62893,10.00037693977356],[20991,10.00130295753479],[21261,10.002625942230225],[16758,10.003497123718262],[65710,10.002113103866577],[60387,10.00369906425476],[51744,10.000986099243164],[20092,10.003182888031006],[17527,10.007849931716919],[14969,10.003785133361816]],