{"Jaya top15 bottom15 no local search":[[27296,10.000275135040283],[20977,10.000217914581299],[20921,10.001147031784058],[9781,10.000478982925415],[8845,10.001540899276733],[7077,10.000195980072021],[24834,10.000164031982422],[19125,10.001097917556763],[18230,10.000349998474121],[9994,10.001689195632935],[8372,10.00036907196045],[7108,10.000346899032593],[24739,10.000123977661133],[18226,10.000030040740967],[17420,10.000265836715698],[9962,10.000423908233643],[8267,10.000432014465332],[8065,10.00016188621521],[24799,10.000036001205444],[18543,10.000431060791016],[16357,10.000066995620728],[10795,10.001543045043945],[9033,10.000293970108032],[8486,10.000465869903564],[25188,10.000323057174683],[17180,10.000303030014038],[17008,10.000377893447876],[9524,10.000423908233643],[8604,10.000386953353882],[7409,10.000479936599731],[44611,10.00046992301941],[32673,10.000277996063232],[32026,10.000171899795532],[18236,10.002140998840332],[13249,10.000226020812988],[13061,10.000036001205444],[44440,10.000456094741821],[35117,10.000132083892822],[31821,10.001024961471558],[18340,10.000391006469727],[16479,10.000657081604004],[14295,10.000545978546143],[42277,10.000353813171387],[31691,10.000241994857788],[30573,10.000245094299316],[18518,10.001581907272339],[15897,10.000154972076416],[14939,10.00020694732666],[43942,10.000067949295044],[36075,10.000298023223877],[32384,10.000560998916626],[18395,10.00032377243042],[14837,10.000431060791016],[13642,10.001243829727173],[47788,10.001444101333618],[35479,10.00040602684021],[32280,10.00044298171997],[18026,10.000438928604126],[15227,10.000022888183594],[13835,10.000258922576904],[64855,10.000149965286255],[46744,10.001621007919312],[39903,10.000180959701538],[24985,10.0003080368042],[19558,10.00007700920105],[15809,10.000295162200928],[64312,10.000278949737549],[45320,10.000095129013062],[45578,10.000027894973755],[25313,10.000191926956177],[20508,10.000103950500488],[15342,10.000303030014038],[67482,10.00088095664978],[57475,10.00034785270691],[45959,10.00029706954956],[25687,10.0001962184906],[21525,10.000263929367065],[15126,10.000481128692627],[60649,10.000363111495972],[56538,10.000391960144043],[47107,10.00013518333435],[24713,10.000006198883057],[20877,10.000283002853394],[15574,10.000465869903564],[68729,10.000339984893799],[47210,10.000462055206299],[48290,10.001283168792725],[25621,10.000241041183472],[21360,10.000420093536377],[14520,10.000209093093872]],"Jaya top1 bottom1 no local search":[[22223,10.118778944015503],[-266,10.001697063446045],[-1880,10.00022006034851],[6309,10.000123023986816],[-36,10.00034499168396],[-2762,10.00014591217041],[18999,10.000877141952515],[-237,10.00034499168396],[-3313,10.00002408027649],[5849,10.000300884246826],[-47,10.000344038009644],[-950,10.000386953353882],[20299,10.000720977783203],[13692,10.000319004058838],[-3012,10.000285148620605],[6747,10.000034093856812],[-320,10.000380039215088],[-1188,10.000365972518921],[22708,10.000339984893799],[-579,10.000432968139648],[-3507,10.00019907951355],[7683,10.000027894973755],[-203,10.00013518333435],[-1687,10.000037908554077],[20147,10.000181913375854],[-662,10.000318050384521],[-1075,10.000947952270508],[6064,10.000229120254517],[-849,10.001444816589355],[-54,10.000067949295044],[39397,10.000190019607544],[26734,10.00006103515625],[-2520,10.000257968902588],[13998,10.000279903411865],[-734,10.000278949737549],[-3448,10.000515937805176],[41063,10.000394105911255],[-1010,10.000378847122192],[-3363,10.000023126602173],[14252,10.00049614906311],[-48,10.000153064727783],[-3316,10.000287055969238],[38692,10.000375032424927],[-153,10.00236988067627],[-2371,10.000686883926392],[13925,10.001150131225586],[9152,10.000298976898193],[-3433,10.000446081161499],[40045,10.000373840332031],[-9,10.000473022460938],[-1969,10.000056982040405],[14134,10.000075101852417],[10264,10.000262022018433],[-1382,10.00156283378601],[43473,10.000118017196655],[29517,10.000468969345093],[-4714,10.00038480758667],[13686,10.000313997268677],[-33,10.000954151153564],[-2233,10.000080108642578],[59842,10.000382900238037],[-187,10.000441074371338],[-2899,10.000186920166016],[21166,10.000156879425049],[-9,10.000017881393433],[-3043,10.000205039978027],[62212,10.000399112701416],[-362,10.000218152999878],[-4248,10.000767946243286],[20709,10.000361919403076],[16592,10.000298023223877],[-857,10.000470161437988],[63117,10.000802993774414],[-1287,10.00040602684021],[-2662,10.000502824783325],[21742,10.000035047531128],[-104,10.000136137008667],[-2435,10.00000786781311],[56986,10.000172853469849],[51036,10.000213861465454],[-937,10.000111103057861],[20942,10.000769138336182],[-438,10.000020027160645],[-695,10.00008511543274],[64605,10.000447034835815],[43140,10.000482082366943],[-1361,10.000376224517822],[21493,10.00034213066101],[16153,10.000157117843628],[-2316,10.001660108566284]],"Jaya top1 bottom1 fast local search":[[24639,10.602365016937256],[19194,10.001342058181763],[19340,10.001341819763184],[8738,10.001457929611206],[7209,10.007256031036377],[5486,10.002578973770142],[22453,10.005936861038208],[18177,10.005680084228516],[17694,10.002596855163574],[8899,10.003577947616577],[7385,10.00990104675293],[7079,10.003448009490967],[23453,10.002133846282959],[16526,10.009017944335938],[16437,10.000118970870972],[8714,10.001869916915894],[7257,10.00202202796936],[7397,10.006663084030151],[24431,10.005103826522827],[17398,10.002781867980957],[14907,10.000481128692627],[9173,10.002212047576904],[8896,10.003959894180298],[6761,10.007748126983643],[23456,10.00071406364441],[17346,10.00749397277832],[16019,10.001824855804443],[8232,10.0033118724823],[7226,10.000520944595337],[7167,10.003770112991333],[43093,10.000138998031616],[31984,10.00789999961853],[30367,10.004572868347168],[16461,10.001766920089722],[12964,10.003133058547974],[8860,10.001953125],[44103,10.005795955657959],[33426,10.001186847686768],[29316,10.00210189819336],[15800,10.003113031387329],[14407,10.003849983215332],[13384,10.00853180885315],[40966,10.000171899795532],[29453,10.004271984100342],[28200,10.003022909164429],[16679,10.004619121551514],[14212,10.007088899612427],[12060,10.007415056228638],[41882,10.000546932220459],[34120,10.00895094871521],[30636,10.002948999404907],[15954,10.001543998718262],[14438,10.000749111175537],[11703,10.009522914886475],[45865,10.003680944442749],[33896,10.000401020050049],[30571,10.003796100616455],[15959,10.001077890396118],[14611,10.00008511543274],[12000,10.006493091583252],[62419,10.002532958984375],[44711,10.00103211402893],[38757,10.009016036987305],[23905,10.001862049102783],[19125,10.003409147262573],[12461,10.009974956512451],[63088,10.000783205032349],[43912,10.005102157592773],[44901,10.003396034240723],[23607,10.00381588935852],[20570,10.006691932678223],[14220,10.008089065551758],[65036,10.000476121902466],[55817,10.000732898712158],[43902,10.000232219696045],[23634,10.001922130584717],[19500,10.006211042404175],[13460,10.004698038101196],[59094,10.000972032546997],[55990,10.003896951675415],[46601,10.005271911621094],[23412,10.000761032104492],[20428,10.001420974731445],[14501,10.009408950805664],[66183,10.00098204612732],[45706,10.000304937362671],[45614,10.004323959350586],[23353,10.00483512878418],[20562,10.003576040267944],[14462,10.01043701171875]],