{"Jaya top15 bottom15 no local search":[[18488,10.000028848648071],[11993,10.000654935836792],[9154,10.000075101852417],[9198,10.000201940536499],[4448,10.001455783843994],[1266,10.00055718421936],[18376,10.000466108322144],[10338,10.000213146209717],[-742,10.000003099441528],[10687,10.001617193222046],[3653,10.0004301071167],[-443,10.001826047897339],[19583,10.000429153442383],[13255,10.000623941421509],[-315,10.00050401687622],[10819,10.000563859939575],[4706,10.001085042953491],[-67,10.000583171844482],[18875,10.000150918960571],[9967,10.000635147094727],[-185,10.00031304359436],[11115,10.000577926635742],[3612,10.000028848648071],[-63,10.000149965286255],[19186,10.000201940536499],[11448,10.000497817993164],[-244,10.000418186187744],[10104,10.000169038772583],[3533,10.000099897384644],[-438,10.000859022140503],[37726,10.000114917755127],[22628,10.0018949508667],[20560,10.000440835952759],[19529,10.000461101531982],[8494,10.000436067581177],[-34,10.000632047653198],[39520,10.00167989730835],[24403,10.00051999092102],[18332,10.000633955001831],[21003,10.0003080368042],[9032,10.000317096710205],[5092,10.000555038452148],[36753,10.000464916229248],[23882,10.000484943389893],[19717,10.000305891036987],[19547,10.000108003616333],[8987,10.000350952148438],[5263,10.000103950500488],[38566,10.000488042831421],[24251,10.000205039978027],[20311,10.000103950500488],[19987,10.000087976455688],[9679,10.000599145889282],[3881,10.000005006790161],[39898,10.000499963760376],[24884,10.000225067138672],[-16,10.001189947128296],[20636,10.000977993011475],[9362,10.000678062438965],[-105,10.00062108039856],[54037,10.00053095817566],[38250,10.0000159740448],[-783,10.00011396408081],[28402,10.000195026397705],[14758,10.00120997428894],[-315,10.00017499923706],[55769,10.000118970870972],[36918,10.000219106674194],[-41,10.000708818435669],[27301,10.000360012054443],[14564,10.000602006912231],[9612,10.000690937042236],[60815,10.000101089477539],[31799,10.000592947006226],[-194,10.000326156616211],[28831,10.000418186187744],[14955,10.001441955566406],[-76,10.000006914138794],[57643,10.000247955322266],[38924,10.000425815582275],[33525,10.001305103302002],[28365,10.000082969665527],[16012,10.00003695487976],[-168,10.000127077102661],[56027,10.000580072402954],[33880,10.000377893447876],[-17,10.000416040420532],[28639,10.000219821929932],[15446,10.000312089920044],[-19,10.000082015991211]],"Jaya top1 bottom1 no local search":[[15035,10.123999118804932],[-8564,10.000334978103638],[-18466,10.000473022460938],[6322,10.000264883041382],[-10026,10.000240087509155],[-15861,10.00003695487976],[15113,10.000555038452148],[-12010,10.000208139419556],[-22127,10.001137018203735],[7203,10.000092029571533],[-10462,10.000088930130005],[-19186,10.00039291381836],[16313,10.000234842300415],[-9476,10.000160932540894],[-21943,10.000645875930786],[6891,10.000303030014038],[-14086,10.000306844711304],[-24839,10.000722885131836],[15282,10.000221014022827],[-12644,10.00007700920105],[-20371,10.000778913497925],[7822,10.000219821929932],[-8868,10.000248908996582],[-17820,10.000302076339722],[15366,10.00015902519226],[-14189,10.00062084197998],[-24901,10.000092029571533],[6470,10.000514030456543],[-11005,10.000263929367065],[-14519,10.00153398513794],[34381,10.000051975250244],[-12636,10.001662015914917],[-19863,10.00036096572876],[15126,10.000270128250122],[-10472,10.00026798248291],[-19055,10.00036907196045],[34452,10.000363826751709],[-10815,10.000195980072021],[-19268,10.000374794006348],[15755,10.000447034835815],[-11551,10.00002384185791],[-22791,10.000253200531006],[32855,10.000050067901611],[-9666,10.000193119049072],[-18420,10.000727891921997],[14512,10.00051999092102],[-12515,10.000163793563843],[-16091,10.00016713142395],[33079,10.000328063964844],[-14767,10.000504970550537],[-21343,10.000972032546997],[15073,10.000186920166016],[-14268,10.000243902206421],[-19593,10.000302076339722],[37767,10.000406980514526],[-8705,10.000205039978027],[-24310,10.000679969787598],[15296,10.000373840332031],[-9752,10.000077962875366],[-22674,10.000720977783203],[49982,10.000044107437134],[-12485,10.000339984893799],[-19835,10.000662088394165],[23574,10.002018928527832],[-7990,10.001964092254639],[-17804,10.000278949737549],[53606,10.000545978546143],[-13623,10.000143051147461],[-24771,10.000410079956055],[23439,10.000310897827148],[-12296,10.000036001205444],[-16914,10.00019097328186],[58679,10.000110149383545],[-9978,10.000162124633789],[-19849,10.000479936599731],[23888,10.001445055007935],[-8999,10.000515222549438],[-20601,10.000645160675049],[55461,10.000036001205444],[-10918,10.000035047531128],[-19382,10.000707149505615],[22642,10.000460147857666],[-11605,10.000655889511108],[-21971,10.000149965286255],[50907,10.000232934951782],[-10602,10.000429153442383],[-21953,10.00059199333191],[23091,10.000314950942993],[-14364,10.000231981277466],[-23193,10.000043869018555]],"Jaya top1 bottom1 fast local search":[[17902,10.573298215866089],[11242,10.01326584815979],[-222,14.603239059448242],[7797,10.000795841217041],[4316,10.009568929672241],[-254,10.007867813110352],[18907,10.00515103340149],[9387,10.017239093780518],[-1358,10.00458812713623],[9375,10.004441022872925],[2875,10.008581161499023],[-708,10.00721001625061],[19164,10.003034114837646],[13657,10.000114917755127],[-1094,10.004706144332886],[9768,10.004936933517456],[4210,10.000085830688477],[-742,10.013199090957642],[18975,10.004699945449829],[-76,10.005172967910767],[-683,10.003528118133545],[9112,10.002816915512085],[3805,10.001569986343384],[-363,10.000554084777832],[18093,10.00728702545166],[10636,10.011015892028809],[-1080,10.000997066497803],[9481,10.003625869750977],[3762,10.011788845062256],[-684,10.003754138946533],[36896,10.009284019470215],[24025,10.009680032730103],[-184,10.004016160964966],[17366,10.003895044326782],[10777,10.00252389907837],[-124,10.015373945236206],[38906,10.000139951705933],[24402,10.006749153137207],[-188,10.021156072616577],[17715,10.00646185874939],[9218,10.003227233886719],[-113,10.021300077438354],[35484,10.005698204040527],[23456,10.011681079864502],[20935,10.002974033355713],[18483,10.006855010986328],[9548,10.010783910751343],[5433,10.013101816177368],[38266,10.00019097328186],[23933,10.007556915283203],[-475,10.00896692276001],[17081,10.009580850601196],[9586,10.008695125579834],[-31,10.002413034439087],[39576,10.005843877792358],[25173,10.011349201202393],[-31,10.011672019958496],[16860,10.00534987449646],[10589,10.0155930519104],[-35,10.001013994216919],[52093,10.0067138671875],[-42,10.003591060638428],[-1230,10.001909971237183],[25732,10.001210927963257],[13168,10.012852907180786],[-959,10.002788066864014],[55960,10.003674983978271],[35862,10.01484203338623],[-528,10.01361894607544],[25202,10.000126838684082],[14858,10.009269952774048],[-577,10.014672040939331],[60594,10.007014036178589],[32388,10.001798868179321],[-933,10.007065773010254],[25529,10.006412982940674],[14172,10.008971929550171],[-596,10.006035089492798],[56935,10.002672910690308],[39034,10.006108045578003],[-637,10.010599851608276],[26340,10.000325918197632],[14701,10.00322699546814],[-666,10.001262187957764],[55069,10.002476930618286],[32914,10.013668060302734],[-399,10.005939960479736],[25872,10.001203060150146],[15800,10.014261960983276],[-323,10.007175922393799]],