{"Jaya top15 bottom15 no local search":[[53606,10.001265048980713],[27953,10.001146078109741],[25378,10.002705097198486],[23604,10.001868963241577],[11256,10.001669883728027],[6053,10.001394033432007],[51064,10.000656127929688],[31070,10.0001859664917],[26618,10.000169038772583],[22333,10.001436948776245],[10828,10.00023889541626],[4517,10.000196933746338],[52129,10.000967025756836],[32691,10.00062108039856],[29437,10.001708030700684],[23763,10.000054836273193],[10718,10.000928163528442],[-160,10.000338077545166],[51150,10.001546859741211],[28783,10.000272989273071],[25532,10.001558065414429],[21924,10.001315832138062],[9438,10.000959873199463],[-203,10.000702857971191],[51031,10.001278162002563],[27314,10.00089406967163],[22933,10.00025200843811],[22309,10.000257015228271],[11343,10.002362966537476],[6552,10.000442028045654],[96110,10.001221895217896],[67759,10.002184867858887],[56178,10.000144004821777],[44732,10.00069808959961],[24370,10.000736951828003],[13723,10.002381086349487],[100245,10.001164197921753],[60289,10.001045942306519],[-133,10.001928806304932],[43480,10.000974178314209],[24841,10.000935792922974],[13853,10.000379085540771],[97440,10.000108003616333],[65332,10.000262022018433],[-69,10.000761032104492],[41409,10.00039005279541],[25257,10.001713037490845],[-344,10.000337839126587],[102382,10.000850200653076],[62610,10.000530004501343],[-56,10.002802848815918],[46216,10.000964879989624],[22160,10.000778913497925],[-60,10.001905918121338],[101977,10.000099897384644],[65380,10.000524997711182],[59198,10.000507116317749],[42571,10.000301122665405],[22479,10.002152919769287],[-90,10.000679969787598],[151157,10.00053882598877],[93776,10.001303911209106],[87169,10.000459909439087],[61364,10.000169038772583],[36470,10.002091884613037],[-76,10.000982999801636],[157757,10.001169919967651],[99813,10.000023126602173],[-19,10.0002760887146],[63448,10.000423192977905],[36232,10.001471042633057],[22590,10.00063681602478],[149571,10.00257420539856],[95858,10.00003695487976],[73992,10.000530004501343],[65311,10.00015902519226],[36740,10.001636981964111],[22707,10.00036096572876],[150577,10.00153398513794],[99488,10.000280857086182],[-48,10.001009941101074],[68767,10.000922918319702],[36559,10.002274990081787],[21482,10.00093388557434],[145573,10.000791072845459],[99253,10.00123906135559],[-22,10.00157117843628],[63347,10.001214027404785],[35865,10.000997066497803],[-262,10.000213146209717]],"Jaya top1 bottom1 no local search":[[49525,10.001582860946655],[-18308,10.00205397605896],[-31020,10.002326965332031],[16768,10.000030994415283],[-12559,10.00098204612732],[-25633,10.001591920852661],[46680,10.001323938369751],[-19337,10.000528812408447],[-32539,10.001694917678833],[18175,10.000385046005249],[-13242,10.000053882598877],[-25931,10.003550052642822],[45367,10.000555038452148],[-13094,10.000869989395142],[-20004,10.001484870910645],[17693,10.001299858093262],[-18629,10.00085997581482],[-32384,10.00015902519226],[48170,10.00099802017212],[-21955,10.000142812728882],[-34289,10.001643896102905],[18050,10.001508951187134],[-15752,10.000019788742065],[-30126,10.00031304359436],[47065,10.000764846801758],[-10222,10.000555992126465],[-35358,10.00272011756897],[18281,10.000679016113281],[-9730,10.00017499923706],[-30409,10.000570058822632],[94445,10.000541925430298],[-14182,10.002892017364502],[-39204,10.00190782546997],[37868,10.002655982971191],[-15595,10.004070043563843],[-30950,10.00197696685791],[97463,10.002485990524292],[-15826,10.000279903411865],[-29099,10.001636981964111],[36228,10.000524044036865],[-12232,10.000476837158203],[-28969,10.003005027770996],[90406,10.000005960464478],[-16726,10.00163197517395],[-25444,10.001289129257202],[35586,10.000784158706665],[-14313,10.000524044036865],[-24771,10.001335859298706],[97475,10.000648975372314],[-21211,10.001077890396118],[-34561,10.000271081924438],[40587,10.000757932662964],[-21343,10.001752138137817],[-28830,10.0018630027771],[98125,10.000137090682983],[-19547,10.001041889190674],[-32054,10.002094984054565],[35446,10.001542806625366],[-16163,10.000530004501343],[-29711,10.001413822174072],[144467,10.000025987625122],[-17752,10.000735998153687],[-28489,10.002004861831665],[55254,10.001134872436523],[-17821,10.002229928970337],[-30892,10.000071048736572],[152511,10.001010179519653],[-16141,10.001168966293335],[-25849,10.00012493133545],[58015,10.001115083694458],[-12887,10.001507997512817],[-31726,10.000555992126465],[144684,10.000655889511108],[-13897,10.00075078010559],[-32929,10.000051021575928],[57664,10.000385999679565],[-13939,10.001324892044067],[-28337,10.001864910125732],[146030,10.000258922576904],[-15240,10.00091290473938],[-21149,10.000566959381104],[58181,10.000440120697021],[-19764,10.001673936843872],[-23064,10.000306844711304],[139337,10.000763893127441],[-18525,10.000072956085205],[-32619,10.00114107131958],[57547,10.000947952270508],[-18908,10.000107049942017],[-37174,10.000109910964966]],"Jaya top1 bottom1 fast local search":[[53441,10.021505117416382],[31338,10.022812128067017],[25937,10.019602060317993],[21576,10.021657943725586],[13117,10.019668102264404],[6199,10.0417001247406],[52958,10.014731168746948],[33534,10.013488054275513],[28898,10.015321969985962],[21992,10.00083613395691],[12233,10.033917903900146],[8127,10.032641172409058],[53068,10.022267818450928],[34027,10.022151947021484],[30150,10.02485990524292],[22413,10.008303880691528],[14228,10.026211977005005],[9093,10.024519920349121],[54178,10.005032062530518],[30425,10.010195970535278],[-11,10.055052042007446],[22936,10.024711847305298],[13187,10.030755996704102],[8740,10.044375896453857],[54794,10.004817962646484],[30549,10.044333219528198],[26135,10.032533884048462],[21254,10.001766920089722],[12054,10.015038967132568],[9216,10.008780002593994],[98729,10.013192176818848],[70234,10.035335063934326],[60567,10.00910210609436],[43158,10.003047943115234],[26586,10.006593942642212],[15643,10.05643606185913],[101449,10.001511096954346],[63373,10.026494979858398],[55178,10.021368026733398],[41643,10.01370620727539],[26991,10.018006086349487],[18618,10.037996053695679],[98218,10.01373291015625],[69184,10.01844310760498],[59071,10.012950897216797],[41716,10.003957033157349],[27691,10.00902009010315],[16061,10.043200969696045],[103490,10.022726058959961],[65717,10.034095048904419],[57588,10.049733877182007],[42639,10.029757022857666],[25303,10.030423164367676],[18033,10.053890943527222],[104164,10.00789499282837],[68152,10.019442081451416],[62280,10.03960394859314],[42321,10.020790100097656],[28775,10.008453130722046],[14726,10.038632869720459],[149877,10.007248878479004],[94559,10.028428077697754],[89708,10.016937971115112],[58033,10.009015083312988],[39826,10.012929916381836],[26255,10.016674995422363],[158852,10.008033990859985],[101998,10.015141010284424],[85310,10.005037069320679],[60727,10.004578828811646],[40553,10.005863904953003],[27815,10.008391857147217],[151738,10.01115608215332],[97410,10.03921389579773],[76353,10.030555963516235],[61211,10.00068712234497],[39217,10.012340068817139],[24278,10.002665996551514],[151186,10.006408929824829],[100527,10.030854940414429],[89162,10.028645992279053],[63109,10.01082992553711],[41041,10.025037050247192],[25019,10.033993005752563],[145666,10.017421007156372],[100848,10.01896595954895],[85280,10.045086860656738],[61938,10.018122911453247],[39965,10.037092924118042],[25063,10.057756185531616]],