{"Jaya top15 bottom15 no local search":[[106241,10.00050687789917],[59501,10.002309083938599],[-1144,10.00321102142334],[41777,10.002473831176758],[22402,10.000486135482788],[-647,10.002800941467285],[97480,10.001291036605835],[62062,10.001774072647095],[-1403,10.005008935928345],[42937,10.000916957855225],[21507,10.001448154449463],[-128,10.00202488899231],[98981,10.002554893493652],[60956,10.000078916549683],[-571,10.004883050918579],[39647,10.002732038497925],[-74,10.000821113586426],[-1341,10.003141164779663],[98723,10.001813888549805],[62997,10.004269123077393],[-32,10.00362491607666],[42951,10.000108003616333],[19328,10.001978874206543],[9792,10.002811908721924],[97643,10.002054929733276],[65251,10.004398107528687],[-564,10.000410795211792],[40731,10.000602006912231],[18585,10.00276803970337],[15950,10.003055095672607],[204596,10.002429962158203],[125929,10.004458904266357],[-652,10.000836849212646],[85580,10.00182580947876],[41351,10.003072023391724],[-885,10.000156879425049],[212617,10.001315116882324],[125011,10.000787019729614],[-692,10.00280499458313],[81962,10.00100588798523],[46308,10.000329971313477],[-779,10.00463604927063],[215218,10.00323486328125],[131316,10.001173973083496],[-632,10.000105142593384],[84308,10.00313401222229],[44305,10.000084161758423],[-618,10.003077030181885],[209494,10.001061916351318],[133715,10.00128698348999],[-347,10.000134229660034],[83130,10.000463008880615],[44390,10.001490831375122],[-578,10.002693891525269],[211839,10.00254487991333],[129081,10.000350952148438],[-501,10.005378007888794],[81692,10.00108003616333],[43859,10.000854015350342],[-849,10.001610040664673],[300179,10.002331018447876],[197920,10.00059700012207],[-328,10.001629829406738],[123269,10.002908945083618],[67714,10.003875970840454],[-1174,10.004792213439941],[302515,10.003387928009033],[206936,10.001189947128296],[167324,10.002811908721924],[121304,10.00065302848816],[71741,10.001313924789429],[-1528,10.000334024429321],[296438,10.00246000289917],[207550,10.001013040542603],[-132,10.001342058181763],[123569,10.001566886901855],[71744,10.001310110092163],[-427,10.00035309791565],[313072,10.000137090682983],[214641,10.002536058425903],[-989,10.002949953079224],[123115,10.001374006271362],[71244,10.000455141067505],[-411,10.003000974655151],[309495,10.00022292137146],[183173,10.002424955368042],[-286,10.000743865966797],[120583,10.001191139221191],[71263,10.003679990768433],[-299,10.002038955688477]],"Jaya top1 bottom1 no local search":[[98732,10.002114057540894],[-18063,10.00062894821167],[-38671,10.001718044281006],[37094,10.00112509727478],[-29516,10.000873804092407],[-37238,10.003736972808838],[90721,10.000797986984253],[-20392,10.002743005752563],[-44430,10.004199028015137],[35322,10.002348899841309],[-16058,10.002307176589966],[-33310,10.001497030258179],[95508,10.001808166503906],[-20510,10.00110912322998],[-34517,10.002427101135254],[34246,10.000507831573486],[-20725,10.001941919326782],[-42478,10.003023147583008],[93316,10.000699043273926],[-16855,10.001997947692871],[-45353,10.002538204193115],[34722,10.002304077148438],[-28551,10.002052068710327],[-37812,10.00468397140503],[92421,10.000704050064087],[-19466,10.00097107887268],[-48364,10.000754833221436],[34532,10.00266695022583],[-23706,10.00060486793518],[-35456,10.00098204612732],[201718,10.000305891036987],[-18985,10.00247597694397],[-35265,10.000996112823486],[79682,10.000724077224731],[-24039,10.001837968826294],[-40386,10.001775979995728],[205627,10.001138925552368],[-23937,10.000262022018433],[-60288,10.00481104850769],[74378,10.002048969268799],[-20907,10.003514051437378],[-55495,10.000806093215942],[207557,10.002308130264282],[-30515,10.002312898635864],[-41427,10.002909898757935],[76156,10.00272011756897],[-30018,10.000329971313477],[-51031,10.001555919647217],[203361,10.00301194190979],[-18628,10.00180196762085],[-49190,10.002463102340698],[77408,10.000495910644531],[-12060,10.003479957580566],[-53010,10.00202488899231],[205844,10.000117063522339],[-31652,10.002930879592896],[-37837,10.004970073699951],[71923,10.003177881240845],[-22526,10.000200033187866],[-41074,10.004900932312012],[295867,10.001349210739136],[-23442,10.001796007156372],[-42725,10.002472162246704],[114016,10.000850915908813],[-19867,10.001729965209961],[-47864,10.000783920288086],[294603,10.001848936080933],[-24128,10.001507997512817],[-39073,10.001795768737793],[114037,10.000312089920044],[-18290,10.00382399559021],[-43556,10.00070309638977],[293946,10.00202989578247],[-27824,10.002926111221313],[-42578,10.002060890197754],[114547,10.000537872314453],[-28128,10.002930164337158],[-39479,10.000179052352905],[307197,10.0014009475708],[-19831,10.002831935882568],[-51583,10.001803874969482],[116028,10.001965999603271],[-30232,10.003165006637573],[-46580,10.002954959869385],[307991,10.003232955932617],[-21710,10.002485990524292],[-42185,10.001866817474365],[113934,10.002647876739502],[-20979,10.000041007995605],[-44517,10.002887964248657]],"Jaya top1 bottom1 fast local search":[[106848,10.039777994155884],[64005,10.04141092300415],[64403,10.032196044921875],[42833,10.007204055786133],[26875,10.03734803199768],[20018,10.113438844680786],[103027,10.022933006286621],[67919,10.07979702949524],[63081,10.090047121047974],[42156,10.027363061904907],[29441,10.056030988693237],[19957,10.12361478805542],[103456,10.023612022399902],[69295,10.075392961502075],[58354,10.098587989807129],[41928,10.038351058959961],[27468,10.075030088424683],[17018,10.053604125976562],[102400,10.033318042755127],[67044,10.085261106491089],[62119,10.069154024124146],[42777,10.001481056213379],[27902,10.020178079605103],[22585,10.108785152435303],[100943,10.008423089981079],[68001,10.001720190048218],[62844,10.046643018722534],[41285,10.032111883163452],[29564,10.050262928009033],[22677,10.104341983795166],[211048,10.00582504272461],[132818,10.082398891448975],[116226,10.105369091033936],[85099,10.042557954788208],[53102,10.022518873214722],[39656,10.011971950531006],[217987,10.009873867034912],[132610,10.012411832809448],[126314,10.022745847702026],[82039,10.022997856140137],[51085,10.00943398475647],[38129,10.099208116531372],[219920,10.008033990859985],[137317,10.050292015075684],[130024,10.02675199508667],[82661,10.042723894119263],[53942,10.007521867752075],[39105,10.00556492805481],[213586,10.051673889160156],[139117,10.026453971862793],[127824,10.072327852249146],[83213,10.030955076217651],[52643,10.084556102752686],[35198,10.135343074798584],[214809,10.032382011413574],[136705,10.036985874176025],[114411,10.115699052810669],[80018,10.004694938659668],[55925,10.064841032028198],[36968,10.111792802810669],[301720,10.016315937042236],[201856,10.030761003494263],[168097,10.029359102249146],[121991,10.025081157684326],[79467,10.008205890655518],[54307,10.001644134521484],[300129,10.000700950622559],[212275,10.082961082458496],[173658,10.151854991912842],[119186,10.030389070510864],[80571,10.054785013198853],[54019,10.028992891311646],[298816,10.036192893981934],[210010,10.01416802406311],[186124,10.105919122695923],[122461,10.028186798095703],[79627,10.093868970870972],[49487,10.045954942703247],[313940,10.022949934005737],[220865,10.046781063079834],[195073,10.096694946289062],[122767,10.024277925491333],[81848,10.018260955810547],[54969,10.021847009658813],[311329,10.02897596359253],[188838,10.059225082397461],[174649,10.104153871536255],[119579,10.036967992782593],[79555,10.073982000350952],[49442,10.069648027420044]],