{"Jaya top15 bottom15 no local search":[[106192,20.00054693222046],[60929,20.00124716758728],[-77,20.001013040542603],[43615,20.000240087509155],[20247,20.00004816055298],[15076,20.0000159740448],[100566,20.001519918441772],[63051,20.00138211250305],[54643,20.00100302696228],[43875,20.00248098373413],[22646,20.002631902694702],[12052,20.00039291381836],[99495,20.001111030578613],[60717,20.001173973083496],[-574,20.00179886817932],[45104,20.000119924545288],[21779,20.00197196006775],[-252,20.00077199935913],[101367,20.0002179145813],[65900,20.002302885055542],[60485,20.002624034881592],[45474,20.001211881637573],[22420,20.001971006393433],[13524,20.001479148864746],[100920,20.000519037246704],[62911,20.003597021102905],[58219,20.001165866851807],[42602,20.001594066619873],[18883,20.001204013824463],[-48,20.003535985946655],[206314,20.001473903656006],[127126,20.000672817230225],[112867,20.00180220603943],[88866,20.000271797180176],[46166,20.001370906829834],[-57,20.004589080810547],[214013,20.001294136047363],[128702,20.004155158996582],[-264,20.00438904762268],[87234,20.001784801483154],[46417,20.000240087509155],[30672,20.000980138778687],[217573,20.000713109970093],[132813,20.003214836120605],[126261,20.00117802619934],[85946,20.001303911209106],[44787,20.001545906066895],[27447,20.001612186431885],[211105,20.001301050186157],[135437,20.00499701499939],[124215,20.00454616546631],[84580,20.000119924545288],[45847,20.002497911453247],[28150,20.0021870136261],[211818,20.00283718109131],[130262,20.00249695777893],[109226,20.002012968063354],[83118,20.002452850341797],[49000,20.00233006477356],[26837,20.000540018081665],[300807,20.000370025634766],[199302,20.00213098526001],[-39,20.00226402282715],[127008,20.003491163253784],[71023,20.002076148986816],[46803,20.000648975372314],[303881,20.000046014785767],[209108,20.001709938049316],[170229,20.000349044799805],[124293,20.00098705291748],[72917,20.002777099609375],[45325,20.0016770362854],[299223,20.000617027282715],[208757,20.001412868499756],[183274,20.00400400161743],[123842,20.00283408164978],[72374,20.000449895858765],[-55,20.00436496734619],[314138,20.00250506401062],[217223,20.002912044525146],[-26,20.00340485572815],[125646,20.003005981445312],[70720,20.0037579536438],[-32,20.00406312942505],[312554,20.00290012359619],[184128,20.002835988998413],[168563,20.001861095428467],[122908,20.002027988433838],[72390,20.0003719329834],[46103,20.000762939453125]],"Jaya top1 bottom1 no local search":[[99340,20.000396966934204],[-25634,20.00328302383423],[-33933,20.002844095230103],[36578,20.001264095306396],[-23814,20.00373601913452],[-43102,20.003700017929077],[94424,20.00247287750244],[-11613,20.002259969711304],[-46931,20.000428915023804],[34765,20.001164197921753],[-18286,20.001235008239746],[-40187,20.00133490562439],[97039,20.000622034072876],[-25675,20.00294518470764],[-47978,20.00199604034424],[35986,20.00226593017578],[-25566,20.001549005508423],[-41629,20.000581979751587],[93840,20.001588821411133],[-21155,20.001549005508423],[-44677,20.003097772598267],[34785,20.00025701522827],[-22891,20.004696130752563],[-36964,20.003103017807007],[91038,20.00297784805298],[-22513,20.003326892852783],[-34149,20.00250482559204],[38051,20.00140905380249],[-19064,20.00189709663391],[-36121,20.002410888671875],[194860,20.001370191574097],[-19860,20.00395894050598],[-52069,20.00408697128296],[77156,20.001392126083374],[-29442,20.000684022903442],[-35504,20.00078797340393],[208270,20.00242304801941],[-28402,20.002068996429443],[-44862,20.00284504890442],[73628,20.001190900802612],[-23892,20.002972841262817],[-32373,20.002664804458618],[210481,20.00219988822937],[-29714,20.00270915031433],[-40278,20.000437021255493],[78254,20.00227999687195],[-22028,20.001092195510864],[-55989,20.002452850341797],[205360,20.001178979873657],[-28815,20.002344131469727],[-42164,20.00104808807373],[73135,20.00160503387451],[-21310,20.0032479763031],[-47911,20.003907918930054],[205395,20.00270414352417],[-21198,20.00278091430664],[-48724,20.000428915023804],[75739,20.00080394744873],[-33256,20.00326180458069],[-39710,20.00136113166809],[295484,20.00135111808777],[-27009,20.001885890960693],[-35683,20.00059199333191],[116792,20.00157117843628],[-23167,20.001044988632202],[-46581,20.00125217437744],[299286,20.00101590156555],[-21248,20.002623081207275],[-50606,20.00350594520569],[114601,20.000244855880737],[-26933,20.001166105270386],[-36688,20.002771854400635],[295040,20.000092029571533],[-17465,20.004112005233765],[-39755,20.00284504890442],[117038,20.002835035324097],[-21809,20.002124071121216],[-45851,20.00134515762329],[304877,20.00078511238098],[-22975,20.001694917678833],[-41303,20.00121021270752],[115355,20.000046968460083],[-19444,20.000442028045654],[-52163,20.002904891967773],[302666,20.001832008361816],[-21494,20.00166606903076],[-36632,20.00066614151001],[113237,20.000499963760376],[-21825,20.00225520133972],[-42943,20.005521059036255]],"Jaya top1 bottom1 fast local search":[[111331,20.05304217338562],[67165,20.08243203163147],[64227,20.073421001434326],[43809,20.0203640460968],[26714,20.092833995819092],[18879,20.074720859527588],[100588,20.0207679271698],[66564,20.08899712562561],[60839,20.094187021255493],[41727,20.055335998535156],[33943,20.109637022018433],[17583,20.08213496208191],[103010,20.055751085281372],[65950,20.08673596382141],[56172,20.096229076385498],[43082,20.044389963150024],[28589,20.063288927078247],[22726,20.05304193496704],[101973,20.019979000091553],[69823,20.059109926223755],[61119,20.099887132644653],[46327,20.02908682823181],[31467,20.08877205848694],[21008,20.095836877822876],[104840,20.017364978790283],[67635,20.02823305130005],[63520,20.00787091255188],[43116,20.027979135513306],[26513,20.013504028320312],[17294,20.098712921142578],[205273,20.0478298664093],[133012,20.036983966827393],[119826,20.003480911254883],[85746,20.021267890930176],[56824,20.05536699295044],[40988,20.148767948150635],[214339,20.028809070587158],[133759,20.040665864944458],[124823,20.12449288368225],[83524,20.00455904006958],[57899,20.07082509994507],[40625,20.103171825408936],[220427,20.029640913009644],[136844,20.03461790084839],[130916,20.062638998031616],[83513,20.003146171569824],[56760,20.07724380493164],[41062,20.012688159942627],[213277,20.008873224258423],[140688,20.070920944213867],[128483,20.104238986968994],[79593,20.003509044647217],[57926,20.02830195426941],[41142,20.087625980377197],[213228,20.026742935180664],[132487,20.025945901870728],[115018,20.121840000152588],[79917,20.01766586303711],[57161,20.070086002349854],[36054,20.01569104194641],[304128,20.00941514968872],[203175,20.04654097557068],[165645,20.040841817855835],[122922,20.01039695739746],[79036,20.02964687347412],[53372,20.004148960113525],[301913,20.021246910095215],[212398,20.04464101791382],[173111,20.04512596130371],[120805,20.035128116607666],[76945,20.0883150100708],[52660,20.023710012435913],[300953,20.0170578956604],[210337,20.04742407798767],[187971,20.023097038269043],[124879,20.02946901321411],[79523,20.021676063537598],[56643,20.082300901412964],[315201,20.013129949569702],[220999,20.04505705833435],[197012,20.084861993789673],[120162,20.004364013671875],[81252,20.024979829788208],[52867,20.074939012527466],[311389,20.002028942108154],[188474,20.013842821121216],[172376,20.00937795639038],[120046,20.025501012802124],[81854,20.054485082626343],[51870,20.054965019226074]],