{"Rao1 top15 bottom15 no local search":[[113165,60.002893924713135],[61036,60.00049710273743],[60650,60.000102043151855],[44973,60.00072383880615],[21661,60.00001001358032],[16276,60.000133991241455],[101960,60.003129959106445],[63419,60.00120997428894],[60982,60.000020027160645],[44418,60.001182079315186],[22655,60.002187967300415],[16188,60.00562381744385],[102879,60.00192713737488],[61674,60.00238394737244],[53750,60.004300117492676],[43069,60.00338292121887],[20082,60.001373052597046],[12995,60.00127601623535],[107188,60.00334310531616],[66626,60.00109910964966],[57986,60.003140926361084],[45830,60.000864028930664],[22609,60.004258155822754],[20085,60.00163507461548],[105293,60.00620079040527],[62261,60.00320601463318],[60755,60.00657606124878],[41731,60.001137018203735],[21286,60.001030921936035],[17595,60.00242805480957],[205564,60.001219034194946],[131031,60.004136085510254],[112493,60.00083804130554],[91748,60.003031969070435],[46625,60.0038800239563],[36390,60.00119113922119],[216982,60.00449585914612],[130308,60.002898931503296],[120517,60.003520011901855],[87604,60.00150108337402],[49105,60.00121283531189],[30097,60.00065612792969],[220661,60.00275015830994],[131318,60.00081992149353],[124667,60.00066900253296],[87561,60.002705812454224],[48576,60.001051902770996],[33156,60.0071120262146],[212348,60.00354504585266],[137459,60.00169587135315],[122474,60.00347709655762],[87478,60.003052949905396],[49509,60.00320887565613],[36060,60.001964807510376],[214446,60.00057506561279],[131630,60.00284385681152],[114072,60.0024311542511],[87147,60.00135087966919],[48626,60.00261402130127],[30613,60.00446796417236],[303232,60.00335216522217],[204590,60.00334906578064],[164393,60.002732038497925],[124378,60.00172400474548],[74739,60.00259208679199],[50720,60.00376319885254],[307868,60.001420974731445],[210001,60.00309491157532],[172739,60.0037100315094],[125920,60.002549171447754],[72644,60.00141787528992],[47298,60.00158405303955],[304712,60.00153684616089],[212347,60.00793194770813],[185125,60.003326177597046],[125425,60.006710052490234],[73224,60.00359010696411],[49765,60.00540590286255],[317156,60.00352191925049],[218643,60.00173997879028],[195254,60.002212047576904],[123735,60.00318884849548],[72368,60.00193500518799],[45192,60.00213289260864],[311305,60.00560808181763],[187188,60.002695083618164],[173547,60.00327396392822],[125169,60.00111198425293],[73055,60.00031495094299],[50945,60.001806020736694]],"Rao1 top15 bottom15 fast local search":[[131053,60.041553020477295],[84255,60.00568413734436],[83717,60.02149200439453],[60636,60.01955199241638],[48997,60.01846885681152],[49787,60.01336312294006],[125284,60.02183294296265],[85336,60.03301811218262],[79383,60.04346179962158],[61565,60.012032985687256],[48734,60.004786014556885],[46587,60.079540967941284],[123835,60.01390099525452],[86915,60.02173185348511],[75859,60.00277900695801],[60449,60.025444984436035],[48640,60.024595975875854],[49277,60.006824016571045],[125430,60.02176785469055],[87409,60.00789999961853],[79812,60.03617596626282],[61764,60.01586699485779],[49295,60.0336480140686],[49739,60.00280809402466],[126957,60.00186491012573],[87739,60.03000807762146],[81750,60.05135893821716],[61858,60.00119709968567],[49200,60.02816295623779],[50846,60.01412010192871],[236951,60.02112793922424],[157870,60.01866698265076],[141093,60.04226088523865],[110335,60.01618003845215],[84601,60.02505898475647],[80666,60.00079894065857],[245447,60.02371096611023],[158886,60.00396394729614],[149933,60.01985192298889],[108798,60.01225686073303],[82451,60.02513813972473],[79710,60.00962591171265],[248040,60.01374697685242],[164131,60.00131702423096],[155843,60.035269021987915],[107543,60.00676083564758],[83169,60.04412603378296],[78649,60.065372943878174],[242384,60.00503492355347],[166450,60.02189898490906],[151272,60.01378893852234],[107409,60.01255989074707],[80695,60.01283884048462],[80797,60.0361111164093],[242566,60.03229308128357],[159915,60.03824710845947],[139640,60.015451192855835],[107282,60.01685404777527],[82775,60.0538330078125],[80165,60.0256450176239],[325389,60.00194191932678],[223169,60.01952314376831],[182680,60.044301986694336],[142310,60.0012891292572],[101620,60.01663899421692],[86851,60.00010800361633],[326171,60.01537799835205],[231710,60.022833824157715],[192889,60.031144857406616],[141008,60.01401710510254],[102305,60.04309010505676],[86595,60.028549909591675],[321416,60.015647888183594],[231646,60.00116300582886],[206331,60.05154204368591],[143105,60.01059603691101],[103813,60.035802125930786],[86059,60.02723002433777],[338396,60.02055311203003],[241465,60.00430703163147],[213093,60.03197693824768],[142468,60.001705169677734],[102082,60.00343608856201],[85702,60.05874681472778],[333585,60.009246826171875],[207971,60.01731586456299],[192704,60.031455993652344],[140263,60.01232600212097],[101209,60.03793001174927],[87000,60.00738501548767]],"Rao1 top1 bottom1 fast local search":[[130958,60.54386901855469],[81978,60.04206705093384],[81606,60.05247497558594],[60284,60.02107310295105],[47679,60.00437688827515],[47497,60.00171899795532],[123995,60.03225612640381],[85454,60.01818013191223],[76771,60.10472893714905],[61146,60.04421901702881],[47297,60.043938875198364],[41806,60.02528715133667],[122687,60.03063106536865],[85062,60.02187204360962],[69230,60.12004089355469],[59657,60.02325105667114],[47995,60.09247708320618],[45317,60.00889182090759],[124092,60.03210091590881],[84895,60.035072803497314],[77513,60.068395137786865],[60943,60.02541494369507],[47196,60.00545597076416],[48297,60.00620698928833],[126276,60.01000189781189],[85441,60.032037019729614],[76622,60.069352865219116],[60630,60.043660163879395],[44795,60.02546501159668],[47456,60.10252499580383],[234634,60.05746006965637],[155816,60.06268906593323],[136772,60.114418029785156],[109771,60.035167932510376],[83359,60.050940990448],[77113,60.00635099411011],[243762,60.02714514732361],[155890,60.036388874053955],[143165,60.06257605552673],[108403,60.024888038635254],[79462,60.0685601234436],[74114,60.07928395271301],[245722,60.014002084732056],[160247,60.07868790626526],[148847,60.00669598579407],[106642,60.00619888305664],[77296,60.05549216270447],[74163,60.10623216629028],[240265,60.03624701499939],[162094,60.03099799156189],[142746,60.11276316642761],[106742,60.00856399536133],[78508,60.038691997528076],[69854,60.11909103393555],[241583,60.02070093154907],[154378,60.00618314743042],[134049,60.08311700820923],[106614,60.031615018844604],[77581,60.08058714866638],[76243,60.0188422203064],[324946,60.012402057647705],[220621,60.035974979400635],[177819,60.08025503158569],[142266,60.02401900291443],[99535,60.04254102706909],[83570,60.10171699523926],[324279,60.02705407142639],[228807,60.00320100784302],[190040,60.03094291687012],[140786,60.029037952423096],[102123,60.02898812294006],[84891,60.00872015953064],[320269,60.00071907043457],[230418,60.04394507408142],[200957,60.13574695587158],[142870,60.00992703437805],[102302,60.00301909446716],[85550,60.02189302444458],[337273,60.02928280830383],[240296,60.00279092788696],[209974,60.05242991447449],[142594,60.010879039764404],[100173,60.039432764053345],[83719,60.01060700416565],[331492,60.03700590133667],[205389,60.02090811729431],[189103,60.00813412666321],[139282,60.032514810562134],[98355,60.02912998199463],[86030,60.05877494812012]],