{"Rao2 top1 bottom1 fast local search":[[30906,121.09856009483337],[28330,120.00091004371643],[21740,120.02068305015564],[10688,120.00527715682983],[10248,120.01428604125977],[10131,120.00933289527893],[27404,120.00658202171326],[26386,120.00182604789734],[26280,120.00009107589722],[11215,120.01118803024292],[11114,120.01056718826294],[10414,120.00554418563843],[30132,120.00052189826965],[23484,120.01053810119629],[20628,120.01984190940857],[10329,120.00374102592468],[10001,120.00680994987488],[10070,120.00768804550171],[30581,120.03237891197205],[27298,120.0052580833435],[21547,120.00565910339355],[10767,120.00299191474915],[10559,120.01403999328613],[10030,120.00489091873169],[33492,120.00770998001099],[30608,120.037770986557],[25054,120.0058000087738],[10779,120.00745391845703],[10425,120.03062105178833],[9776,120.02434492111206],[51899,120.03788304328918],[44503,120.03491401672363],[40299,120.00397801399231],[18361,120.01107811927795],[17545,120.01172995567322],[15593,120.00350499153137],[53347,120.00870990753174],[47688,120.01291608810425],[38046,120.01414108276367],[18215,120.00254487991333],[16963,120.03406405448914],[15986,120.00123906135559],[54384,120.00104117393494],[48750,120.00400590896606],[38292,120.00271606445312],[17670,120.0253701210022],[16348,120.00785994529724],[15704,120.01140904426575],[54331,120.00697207450867],[48744,120.0027539730072],[37346,120.01461482048035],[18385,120.00633716583252],[17272,120.00303888320923],[16003,120.00175404548645],[54430,120.00747084617615],[49375,120.02959108352661],[38722,120.00754499435425],[17402,120.01611113548279],[17109,120.00055480003357],[15271,120.00104999542236],[78740,120.00098204612732],[64688,120.01571011543274],[52530,120.0026638507843],[23128,120.00419998168945],[21562,120.0035469532013],[18536,120.00986194610596],[75928,120.01519680023193],[59951,120.01841306686401],[54806,120.01463103294373],[23930,120.00421595573425],[22625,120.0085380077362],[18431,120.00464296340942],[73091,120.00427603721619],[70588,120.0104238986969],[57484,120.01174306869507],[23348,120.00443005561829],[21839,120.0289409160614],[18029,120.00406002998352],[80993,120.03191900253296],[67143,120.01202607154846],[66833,120.00202202796936],[23871,120.00277209281921],[22924,120.0336320400238],[19404,120.00831913948059],[68817,120.00100898742676],[62683,120.00715279579163],[53386,120.02286100387573],[21588,120.00428915023804],[19541,120.0050699710846],[17176,120.00066089630127]],"Rao2 top5 bottom5 fast local search":[[30909,120.0158519744873],[28212,120.00280714035034],[21892,120.02037286758423],[10688,120.00726389884949],[10241,120.01752281188965],[10131,120.00375199317932],[27528,120.00063800811768],[26386,120.03285789489746],[26280,120.0216109752655],[11255,120.00160813331604],[11114,120.00315690040588],[10625,120.00093007087708],[30132,120.00336909294128],[23484,120.020348072052],[20628,120.00349593162537],[10329,120.01750421524048],[9972,120.0244550704956],[10124,120.01119494438171],[30581,120.01339387893677],[27298,120.00966501235962],[21526,120.00729608535767],[10767,120.0323531627655],[10559,120.0029878616333],[10030,120.00077295303345],[33594,120.00600814819336],[30608,120.02271485328674],[25067,120.00471997261047],[10843,120.0115978717804],[10658,120.0063419342041],[9791,120.00355792045593],[51878,120.0116720199585],[44565,120.00639200210571],[40228,120.01242685317993],[18488,120.0130980014801],[17537,120.00285196304321],[15591,120.00121903419495],[53298,120.00024199485779],[47837,120.00781798362732],[38066,120.01275587081909],[18216,120.00785803794861],[16950,120.00136685371399],[15882,120.02008700370789],[54253,120.02346205711365],[48750,120.00635814666748],[38292,120.003014087677],[17665,120.00200510025024],[16411,120.00198197364807],[15741,120.02609896659851],[54331,120.00295495986938],[48744,120.00826716423035],[37346,120.0039849281311],[18385,120.02936291694641],[17272,120.02347087860107],[16022,120.00264191627502],[54458,120.02192306518555],[49392,120.00041794776917],[38735,120.00121998786926],[17402,120.00709700584412],[17109,120.00694012641907],[15430,120.00476694107056],[78877,120.00608491897583],[64688,120.01096415519714],[52447,120.00982785224915],[23268,120.00222182273865],[21562,120.01703190803528],[18645,120.00071096420288],[76112,120.02478289604187],[59959,120.01020193099976],[54806,120.00156688690186],[23930,120.00095701217651],[22625,120.02598905563354],[18431,120.00538516044617],[73143,120.01821804046631],[70638,120.00723600387573],[57522,120.00894212722778],[23358,120.0047709941864],[21839,120.00022721290588],[18029,120.01212215423584],[80915,120.03660798072815],[67143,120.0153169631958],[66753,120.00589418411255],[23871,120.01059699058533],[22996,120.01044988632202],[19404,120.02230906486511],[68825,120.00019907951355],[62683,120.01281690597534],[53367,120.00018095970154],[21571,120.02726006507874],[19614,120.00084495544434],[17346,120.02222490310669]],"Rao2 top1 bottom1 repair operator":[[30899,120.26072907447815],[28384,120.00228595733643],[21700,120.00984597206116],[10651,120.0046808719635],[10241,120.01989006996155],[10083,120.01596307754517],[27381,120.00497603416443],[26386,120.01923084259033],[26280,120.01228404045105],[11198,120.00804018974304],[11114,120.00417399406433],[10625,120.00923109054565],[30011,120.02470517158508],[23484,120.00421810150146],[20628,120.00360798835754],[10329,120.00773692131042],[9959,120.01773285865784],[10126,120.00868511199951],[30581,120.00820112228394],[27298,120.00114703178406],[21547,120.00323390960693],[10767,120.007817029953],[10559,120.00283288955688],[9899,120.02146697044373],[33445,120.01470112800598],[30593,120.00801110267639],[25054,120.00780200958252],[10779,120.00543212890625],[10658,120.00508093833923],[9776,120.00227689743042],[51864,120.01734495162964],[44560,120.00295519828796],[40327,120.00093698501587],[18351,120.00064015388489],[17409,120.00331902503967],[15591,120.00113296508789],[53040,120.00601005554199],[47837,120.00522494316101],[38066,120.00085401535034],[18172,120.02929496765137],[16955,120.00339007377625],[15825,120.01993799209595],[54175,120.01814699172974],[48750,120.01847004890442],[38292,120.00431704521179],[17670,120.0322949886322],[16348,120.00738286972046],[15741,120.01850819587708],[54315,120.00138998031616],[48744,120.00310397148132],[37240,120.02081418037415],[18385,120.03206896781921],[17057,120.0032091140747],[16115,120.01394486427307],[54458,120.0044538974762],[49392,120.00627517700195],[38672,120.01016998291016],[17396,120.00060987472534],[17027,120.01211309432983],[15368,120.0072090625763],[78795,120.02823114395142],[64688,120.00728702545166],[52525,120.00087809562683],[23268,120.005450963974],[21562,120.00826597213745],[18645,120.00098204612732],[76128,120.00166988372803],[59951,120.01982593536377],[54759,120.000657081604],[23930,120.03001689910889],[22625,120.00774002075195],[18359,120.00410199165344],[72855,120.00508522987366],[70588,120.01060199737549],[57522,120.00523805618286],[23358,120.00788402557373],[21844,120.00866794586182],[18029,120.00480198860168],[80805,120.00571608543396],[67121,120.03651809692383],[66742,120.00760102272034],[23821,120.01557993888855],[22924,120.00788116455078],[19404,120.00485491752625],[68825,120.00351405143738],[62683,120.03844285011292],[53350,120.00061297416687],[21540,120.00823616981506],[19614,120.01691102981567],[17346,120.007896900177]],