{"Rao2 top1 bottom1 fast local search":[[28456,121.08051705360413],[21694,120.01101112365723],[21948,120.00808596611023],[10830,120.00795316696167],[10018,120.00013184547424],[8261,120.012197971344],[26507,120.02281999588013],[20569,120.01538395881653],[20103,120.00435400009155],[10666,120.0114951133728],[9796,120.00682497024536],[8397,120.01765894889832],[26762,120.04127407073975],[19272,120.0130569934845],[19122,120.00629997253418],[10800,120.00039601325989],[9630,120.01014614105225],[9157,120.01468992233276],[26461,120.0026650428772],[20519,120.00470304489136],[17416,120.00136613845825],[11202,120.00148391723633],[10429,120.01522207260132],[9823,120.03045892715454],[26603,120.00435304641724],[19233,120.02246880531311],[18500,120.00753283500671],[10483,120.00966000556946],[9904,120.02767586708069],[8678,120.00974798202515],[47203,120.00277185440063],[35768,120.02209782600403],[33742,120.02604603767395],[18902,120.00721096992493],[16101,120.02174615859985],[14054,120.00364089012146],[47554,120.01138210296631],[37149,120.00044512748718],[33404,120.00872802734375],[19559,120.00051307678223],[17847,120.00269079208374],[15474,120.00101709365845],[45347,120.00565099716187],[33365,120.02399516105652],[31405,120.01277208328247],[19760,120.01052284240723],[17868,120.0141990184784],[15249,120.0262200832367],[45794,120.01393604278564],[37879,120.00925087928772],[33317,120.00674700737],[19432,120.00483107566833],[17055,120.01283884048462],[14506,120.01574110984802],[49991,120.00484299659729],[37390,120.020437002182],[33176,120.01230502128601],[19531,120.00084114074707],[17288,120.00611186027527],[14853,120.0130889415741],[65676,120.00879907608032],[47903,120.00279998779297],[40914,120.01040410995483],[25491,120.00544691085815],[20647,120.02909207344055],[16307,120.0036609172821],[65739,120.00283813476562],[46345,120.02319622039795],[47009,120.01463007926941],[25724,120.01004791259766],[21924,120.01030588150024],[16868,120.00473117828369],[68816,120.0037009716034],[58313,120.01191115379333],[47035,120.0187258720398],[26050,120.01096606254578],[21748,120.00578904151917],[16453,120.00737810134888],[62036,120.00010085105896],[57621,120.00909090042114],[48505,120.00825095176697],[25413,120.00555300712585],[21959,120.00124502182007],[16820,120.00184488296509],[69515,120.03765201568604],[48189,120.01240706443787],[48840,120.00725793838501],[26204,120.00699400901794],[22323,120.01611685752869],[15800,120.01929497718811]],"Rao2 top5 bottom5 fast local search":[[28504,120.01939296722412],[21715,120.00727796554565],[22029,120.02344608306885],[10820,120.02695083618164],[10000,120.00798201560974],[8369,120.00119805335999],[26498,120.00141215324402],[20485,120.0142149925232],[20103,120.01524496078491],[10626,120.0028030872345],[9660,120.00901389122009],[8377,120.0069489479065],[26695,120.01003217697144],[19434,120.01141595840454],[19218,120.01454997062683],[10785,120.00884103775024],[10000,120.01523900032043],[9158,120.01121401786804],[26461,120.0089738368988],[20484,120.00531101226807],[17416,120.03095412254333],[11272,120.01358699798584],[10544,120.00975799560547],[9823,120.00618696212769],[26603,120.00187706947327],[19179,120.00701379776001],[18616,120.02008605003357],[10675,120.01141691207886],[9889,120.00323510169983],[8839,120.01207900047302],[47172,120.00769400596619],[35871,120.022469997406],[33641,120.02977991104126],[18907,120.00094199180603],[16210,120.0046660900116],[14151,120.00618314743042],[47599,120.03218293190002],[37149,120.02576613426208],[33567,120.00602412223816],[19559,120.02492213249207],[17857,120.00847792625427],[15474,120.02409195899963],[45200,120.00899004936218],[33364,120.01422214508057],[31380,120.00944900512695],[19695,120.00007796287537],[17913,120.00233483314514],[15249,120.01299118995667],[45868,120.00846910476685],[37959,120.00838804244995],[33344,120.00854301452637],[19510,120.00339889526367],[17052,120.00236988067627],[14642,120.01523113250732],[50302,120.00621914863586],[37392,120.0103850364685],[33240,120.02088594436646],[19483,120.00757789611816],[17268,120.01269006729126],[14853,120.03150796890259],[65693,120.009202003479],[47910,120.00631594657898],[40914,120.02854299545288],[25499,120.0033688545227],[20555,120.01067090034485],[16307,120.00767683982849],[65804,120.00145983695984],[46345,120.00358200073242],[47084,120.00570797920227],[25645,120.00346493721008],[22128,120.00668501853943],[16982,120.00943803787231],[68738,120.00069499015808],[58394,120.00376200675964],[46992,120.00113701820374],[26050,120.00442099571228],[21748,120.0098021030426],[16453,120.03127193450928],[61968,120.02431321144104],[57758,120.00476288795471],[48508,120.01645112037659],[25369,120.00481796264648],[21963,120.01539587974548],[16975,120.01815700531006],[69529,120.00255799293518],[48189,120.01372718811035],[48816,120.01779294013977],[26204,120.00470495223999],[22288,120.00684809684753],[15881,120.00042200088501]],"Rao2 top1 bottom1 repair operator":[[28410,120.24531412124634],[21715,120.0087399482727],[22054,120.00080299377441],[10830,120.00802993774414],[9765,120.02579522132874],[8560,120.01603603363037],[26382,120.00269508361816],[20414,120.02524399757385],[20103,120.01964497566223],[10626,120.0022521018982],[9660,120.00047707557678],[8377,120.00732493400574],[26600,120.01468396186829],[19337,120.00103402137756],[19128,120.00401592254639],[10841,120.01829504966736],[9630,120.02089405059814],[9157,120.02824902534485],[26345,120.0103349685669],[20516,120.00712394714355],[17392,120.01584315299988],[11202,120.00682306289673],[10430,120.00594186782837],[9823,120.01924419403076],[26397,120.00834798812866],[19237,120.00148677825928],[18792,120.00009202957153],[10500,120.01047801971436],[9877,120.0047709941864],[8803,120.00028109550476],[46908,120.01057410240173],[35695,120.00993800163269],[33708,120.00769090652466],[18797,120.0189380645752],[15988,120.00604891777039],[14106,120.02564001083374],[47517,120.01685214042664],[36985,120.00645399093628],[33433,120.00238394737244],[19519,120.01517009735107],[17818,120.01225805282593],[15646,120.00209593772888],[45116,120.0409209728241],[33380,120.01757597923279],[31402,120.00124096870422],[19608,120.00222897529602],[17913,120.00913596153259],[15198,120.02414608001709],[45794,120.00489497184753],[37896,120.01267695426941],[33325,120.00735712051392],[19510,120.00123190879822],[16992,120.01911091804504],[14553,120.01359009742737],[49967,120.00481605529785],[37299,120.01623106002808],[33248,120.00126004219055],[19531,120.02455496788025],[17298,120.01049089431763],[14853,120.01988077163696],[65518,120.0236279964447],[47736,120.00125408172607],[40969,120.00229096412659],[25491,120.02197504043579],[20669,120.01248598098755],[16307,120.00644898414612],[65736,120.00023221969604],[46345,120.00467205047607],[47154,120.03126406669617],[25633,120.02662587165833],[22059,120.00416088104248],[16982,120.00320792198181],[68780,120.00699996948242],[58205,120.01136803627014],[46992,120.02463603019714],[26049,120.00504112243652],[21748,120.02766799926758],[16425,120.02575302124023],[61968,120.01033401489258],[57629,120.00896310806274],[48502,120.01404094696045],[25413,120.00105905532837],[21959,120.00131821632385],[16823,120.00799489021301],[69529,120.00848484039307],[48189,120.0085859298706],[48825,120.01088809967041],[26130,120.0052900314331],[22323,120.00508904457092],[15924,120.00645518302917]],