{"Rao2 top1 bottom1 fast local search":[[20175,121.08224105834961],[13394,120.03754305839539],[10273,120.00146198272705],[10584,120.01609897613525],[6465,120.02894592285156],[4235,120.04214787483215],[20197,120.02734279632568],[12287,120.0141589641571],[9397,120.02033686637878],[11386,120.0054202079773],[7145,120.00156283378601],[2832,120.00569295883179],[22066,120.02565002441406],[14995,120.03984999656677],[10437,120.01988911628723],[11752,120.00687909126282],[6821,120.01451110839844],[2933,120.0174069404602],[20648,120.00203013420105],[12623,120.02575397491455],[9273,120.02957797050476],[11622,120.00676608085632],[6292,120.01056909561157],[3570,120.0235869884491],[20867,120.04209208488464],[13291,120.02091979980469],[-99,120.00932598114014],[11070,120.0094678401947],[6414,120.0321581363678],[-84,120.0304799079895],[40684,120.02401804924011],[27355,120.00301599502563],[22463,120.00827312469482],[21094,120.0254590511322],[13244,120.0207040309906],[9633,120.01667094230652],[42351,120.02553009986877],[27757,120.00946593284607],[21361,120.0306031703949],[21818,120.02663612365723],[13964,120.03130388259888],[8638,120.0061559677124],[39628,120.02534699440002],[27588,120.00343680381775],[22610,120.0244710445404],[21197,120.035325050354],[13745,120.0101809501648],[9621,120.00894498825073],[41663,120.0304970741272],[28226,120.005686044693],[21901,120.00579500198364],[21104,120.01158618927002],[13904,120.05209302902222],[8997,120.03245997428894],[43385,120.00405383110046],[28296,120.00364518165588],[23451,120.01573705673218],[21527,120.0158371925354],[13787,120.03266096115112],[8796,120.00101494789124],[55260,120.03482484817505],[40217,120.03184199333191],[-65,120.01406288146973],[29191,120.00927400588989],[18293,120.02359104156494],[-73,120.02411484718323],[58021,120.00647687911987],[39015,120.02204203605652],[31078,120.0067868232727],[28082,120.00898885726929],[17498,120.01281189918518],[9864,120.0065348148346],[63541,120.0003890991211],[35308,120.02645993232727],[31468,120.01582098007202],[29647,120.02139687538147],[18078,120.00308203697205],[9305,120.00481104850769],[59468,120.0015001296997],[40815,120.01090097427368],[34546,120.00117087364197],[28908,120.03954291343689],[18989,120.00753617286682],[9776,120.00591897964478],[57674,120.01964807510376],[35514,120.02935218811035],[29512,120.02183699607849],[29130,120.00177717208862],[18090,120.00809693336487],[9055,120.00273990631104]],"Rao2 top5 bottom5 fast local search":[[20287,120.00471711158752],[13485,120.0143530368805],[10438,120.03161716461182],[10526,120.01778602600098],[6676,120.02134609222412],[4672,120.01133394241333],[20181,120.01552391052246],[12547,120.01879692077637],[9385,120.02057909965515],[11588,120.01495695114136],[6985,120.0280408859253],[2832,120.0209629535675],[22115,120.01144695281982],[15504,120.01080894470215],[9853,120.0279769897461],[11736,120.00957489013672],[6758,120.0292899608612],[2297,120.03180003166199],[20547,120.01198101043701],[12613,120.00767588615417],[9359,120.00593185424805],[11622,120.02242398262024],[6964,120.00489807128906],[3418,120.00495886802673],[20799,120.01643395423889],[13270,120.0052900314331],[-19,120.01030802726746],[11122,120.00421285629272],[6099,120.0542380809784],[-41,120.0020170211792],[40801,120.03991794586182],[27752,120.00488185882568],[22849,120.02084302902222],[21094,120.01157784461975],[13749,120.00912094116211],[9236,120.01192903518677],[42299,120.00077199935913],[27801,120.02386903762817],[22007,120.02186107635498],[21870,120.00126099586487],[13739,120.02262091636658],[8788,120.01266407966614],[39490,120.0161349773407],[27705,120.03150701522827],[22958,120.01700186729431],[21276,120.01493692398071],[13952,120.0215380191803],[9665,120.02650809288025],[41659,120.00763201713562],[28228,120.03334188461304],[22070,120.0099720954895],[21116,120.03104281425476],[13507,120.02783393859863],[9012,120.02912187576294],[43497,120.00446200370789],[28467,120.04166388511658],[23787,120.01483297348022],[21281,120.01596999168396],[14017,120.02367997169495],[9035,120.00515985488892],[55040,120.03043103218079],[40055,120.01854586601257],[-31,120.02350997924805],[29191,120.00989699363708],[17967,120.0414731502533],[-65,120.01162695884705],[58194,120.0316641330719],[39015,120.00875210762024],[31763,120.02701711654663],[28081,120.02939009666443],[17763,120.00349712371826],[10306,120.01659393310547],[63538,120.0043568611145],[35661,120.00599908828735],[31481,120.03076601028442],[29688,120.00528502464294],[18519,120.01254796981812],[9492,120.01390099525452],[59572,120.0267379283905],[40893,120.00432395935059],[34546,120.01273703575134],[28908,120.00827383995056],[19338,120.01949310302734],[10505,120.00086498260498],[57781,120.03227591514587],[36220,120.00994205474854],[29821,120.00572204589844],[29130,120.00531816482544],[17951,120.00615692138672],[9112,120.04204797744751]],"Rao2 top1 bottom1 repair operator":[[20175,120.30967807769775],[13854,120.00362491607666],[9956,120.01126289367676],[10487,120.00679802894592],[6491,120.01256394386292],[4818,120.00594210624695],[20142,120.02852201461792],[12347,120.00155591964722],[9785,120.0120940208435],[11456,120.01797413825989],[6984,120.00845193862915],[2832,120.02422714233398],[21897,120.00321698188782],[15339,120.00648212432861],[9853,120.00976300239563],[11561,120.00291299819946],[6340,120.03129506111145],[3033,120.00177597999573],[20475,120.00717997550964],[12672,120.00730991363525],[9676,120.01667594909668],[11455,120.0113730430603],[6527,120.02148008346558],[2784,120.02663111686707],[20749,120.03155493736267],[13082,120.0520989894867],[-19,120.00438594818115],[10921,120.00341820716858],[6460,120.0219509601593],[504,120.00075197219849],[40451,120.00241112709045],[27603,120.02826285362244],[22705,120.01436495780945],[21053,120.00539803504944],[13576,120.02132296562195],[8985,120.00005412101746],[42282,120.01471304893494],[27692,120.0299699306488],[21866,120.00874400138855],[21754,120.02671504020691],[13833,120.00635409355164],[8517,120.01172089576721],[39613,120.0020489692688],[27508,120.02385187149048],[22565,120.02342295646667],[21247,120.01312303543091],[13813,120.05643701553345],[9899,120.02994799613953],[41469,120.01310300827026],[27915,120.01093888282776],[21823,120.00944495201111],[20978,120.01283001899719],[13644,120.01456093788147],[8718,120.01289916038513],[43380,120.02901196479797],[28805,120.04009914398193],[23892,120.00334906578064],[21368,120.00423908233643],[13348,120.04520606994629],[9064,120.02328896522522],[55127,120.0238630771637],[40406,120.01111888885498],[-138,120.0114848613739],[29191,120.01411604881287],[17777,120.02151918411255],[-170,120.00548815727234],[58109,120.00904202461243],[38798,120.00107789039612],[31434,120.0363540649414],[28029,120.00702905654907],[17529,120.01312398910522],[9479,120.00693392753601],[63562,120.00502610206604],[35237,120.03073501586914],[31580,120.00772500038147],[29647,120.00475883483887],[18329,120.01905703544617],[9360,120.02275395393372],[59584,120.0116560459137],[41194,120.01675486564636],[34336,120.02004218101501],[28908,120.00415897369385],[19335,120.017413854599],[10135,120.01352715492249],[57765,120.00063109397888],[36053,120.0045690536499],[29821,120.02267098426819],[29130,120.00311613082886],[17753,120.0104820728302],[9112,120.01105403900146]],