{"LBO fast local search":[[30855,10.669879913330078],[28384,10.001657962799072],[21691,10.00351095199585],[10640,10.000640869140625],[10202,10.001564979553223],[10111,10.003437995910645],[27528,10.006509065628052],[26386,10.005305051803589],[26280,10.00313115119934],[11255,10.001320123672485],[11114,10.002840995788574],[10625,10.004581928253174],[30132,10.00113582611084],[23484,10.00127100944519],[20628,10.002655029296875],[10328,10.004647016525269],[10008,10.00266981124878],[9979,10.005360841751099],[30581,10.00374984741211],[27298,10.004889011383057],[21526,10.000370979309082],[10767,10.002846002578735],[10559,10.000196933746338],[9880,10.002485990524292],[33520,10.001760959625244],[30536,10.007691144943237],[25054,10.000864028930664],[10779,10.000027894973755],[10485,10.001332998275757],[9776,10.002113103866577],[51863,10.004057168960571],[44674,10.004029989242554],[40327,10.001922130584717],[18377,10.003060102462769],[17537,10.003706932067871],[15591,10.00202989578247],[53372,10.000783920288086],[47809,10.003174066543579],[38008,10.000488042831421],[18216,10.002748966217041],[16963,10.002667903900146],[15799,10.003412961959839],[54338,10.004647016525269],[48750,10.000868082046509],[38292,10.002084016799927],[17697,10.000840187072754],[16300,10.000730991363525],[15712,10.002648830413818],[54241,10.000123023986816],[48637,10.001423120498657],[37346,10.003952026367188],[18385,10.002933025360107],[17272,10.001303911209106],[16007,10.002035856246948],[54309,10.002612829208374],[49392,10.002035856246948],[38735,10.000256061553955],[17402,10.001034021377563],[17030,10.005748987197876],[15347,10.002200841903687],[78877,10.001338005065918],[64688,10.005187034606934],[52525,10.004078149795532],[23268,10.002429008483887],[21562,10.003631114959717],[18645,10.000415086746216],[76112,10.004004955291748],[59951,10.000312089920044],[54806,10.000132083892822],[23930,10.000822067260742],[22625,10.003143072128296],[18359,10.002955913543701],[73143,10.002681016921997],[70588,10.002259969711304],[57480,10.001477003097534],[23358,10.00206208229065],[21789,10.004588842391968],[18029,10.00177001953125],[80993,10.001896142959595],[67095,10.00130009651184],[66742,10.002662181854248],[23871,10.004789113998413],[22924,10.0018470287323],[19402,10.00071096420288],[68817,10.003677129745483],[62683,10.001496076583862],[53386,10.000211954116821],[21588,10.00131893157959],[19558,10.002935886383057],[17346,10.002440929412842]],"LBO no local search":[[28432,10.130141019821167],[25823,10.000122785568237],[18787,10.000711917877197],[9870,10.000504970550537],[7799,10.000341176986694],[7356,10.000499963760376],[24694,10.000156164169312],[24026,10.000048875808716],[22849,10.000182867050171],[9119,10.000511169433594],[9192,10.000643014907837],[6698,10.000030994415283],[28300,10.000309944152832],[20636,10.000117778778076],[17855,10.000259160995483],[8836,10.000712871551514],[8566,10.00042200088501],[5898,10.00002408027649],[28148,10.000062942504883],[23160,10.000365018844604],[18450,10.000669002532959],[9618,10.000314950942993],[9211,10.000066041946411],[7741,10.00040602684021],[31521,10.000673055648804],[28681,10.000556945800781],[21775,10.000553131103516],[9622,10.000645875930786],[9212,10.002340078353882],[8002,10.00050401687622],[50591,10.0019850730896],[42516,10.000541925430298],[37846,10.000037908554077],[17074,10.00010085105896],[15232,10.000355958938599],[12400,10.00059199333191],[50148,10.000725984573364],[45183,10.000499963760376],[35326,10.000669002532959],[17270,10.0001962184906],[14559,10.000718832015991],[12561,10.00071096420288],[52852,10.00002908706665],[46503,10.000610113143921],[35175,10.000133037567139],[16047,10.000476121902466],[14812,10.001662015914917],[13055,10.000071048736572],[52354,10.000046014785767],[46850,10.00025987625122],[33982,10.000624179840088],[17192,10.000500917434692],[15011,10.000051975250244],[12127,10.000474214553833],[52295,10.000313997268677],[46873,10.000646114349365],[36472,10.000144004821777],[16278,10.000089883804321],[15481,10.000575065612793],[12011,10.000639915466309],[76536,10.00003695487976],[62453,10.000380039215088],[50354,10.000617027282715],[22924,10.000188827514648],[19634,10.000658988952637],[16029,10.000265836715698],[74157,10.000487089157104],[57287,10.000723838806152],[52651,10.00072693824768],[23120,10.00073790550232],[22053,10.00002384185791],[15736,10.000625133514404],[72096,10.00058889389038],[68960,10.00044298171997],[55554,10.000674962997437],[22411,10.001169204711914],[20425,10.000733137130737],[13246,10.000282049179077],[80010,10.000497102737427],[66424,10.000696897506714],[64733,10.000529050827026],[23220,10.000200986862183],[21152,10.0000638961792],[16601,10.000730037689209],[67842,10.00004506111145],[60404,10.000550031661987],[50496,10.000450849533081],[21031,10.000482082366943],[18365,10.000302076339722],[14887,10.000579118728638]]}