{"LBO fast local search":[[85110,10.000654935836792],[78044,10.008888006210327],[67961,10.001766204833984],[28498,10.004248142242432],[26429,10.014174938201904],[26676,10.011883974075317],[76663,10.001086950302124],[74918,10.007904052734375],[60513,10.003490924835205],[28823,10.001417875289917],[26582,10.005611896514893],[26398,10.005742073059082],[81230,10.006495952606201],[70751,10.016860961914062],[62014,10.00629210472107],[27812,10.017766952514648],[27072,10.00645399093628],[26338,10.015516996383667],[81301,10.002038955688477],[80054,10.008095026016235],[66414,10.004496097564697],[27807,10.009596109390259],[25917,10.00860595703125],[25362,10.00981092453003],[81350,10.011481046676636],[70667,10.012050151824951],[61804,10.012189149856567],[28899,10.014688968658447],[27095,10.010897874832153],[25873,10.015806913375854],[152354,10.002785921096802],[130577,10.007714033126831],[127774,10.006386041641235],[47905,10.006979942321777],[43947,10.012315034866333],[40775,10.001966953277588],[137180,10.000777959823608],[130851,10.007064819335938],[119735,10.007861852645874],[47656,10.004137992858887],[44403,10.007714986801147],[41377,10.010375022888184],[143631,10.003052949905396],[134016,10.000246047973633],[102540,10.005169153213501],[47506,10.002519130706787],[43346,10.005003929138184],[42214,10.001660108566284],[138234,10.00632905960083],[119455,10.001489162445068],[107793,10.00066590309143],[47579,10.00921082496643],[43209,10.005095958709717],[40524,10.006171941757202],[135984,10.007921934127808],[128279,10.004005193710327],[114228,10.007823944091797],[48703,10.004782915115356],[45358,10.008003950119019],[43084,10.013230085372925],[219989,10.0001220703125],[193826,10.00800108909607],[161895,10.006722927093506],[60335,10.00892186164856],[53949,10.000426054000854],[48015,10.006532907485962],[199029,10.001555919647217],[165045,10.006345987319946],[174438,10.005208969116211],[61220,10.004974842071533],[55595,10.000593185424805],[47330,10.011943817138672],[223862,10.00180983543396],[186337,10.009828805923462],[150465,10.001112937927246],[62471,10.009989976882935],[57182,10.010571956634521],[50234,10.00735592842102],[189393,10.009229898452759],[170766,10.00908899307251],[149985,10.004478931427002],[60860,10.003867864608765],[55695,10.00271201133728],[47146,10.00156307220459],[197598,10.003994941711426],[185627,10.006834983825684],[154269,10.009253978729248],[58980,10.009053945541382],[54385,10.00619101524353],[47247,10.003667116165161]],"LBO no local search":[[78206,10.0000319480896],[69477,10.000354051589966],[59936,10.000710010528564],[23689,10.00072693824768],[22703,10.001038074493408],[15405,10.000741004943848],[67560,10.001163959503174],[68421,10.00137710571289],[53659,10.000587940216064],[23891,10.00163197517395],[20182,10.00131893157959],[19978,10.002230167388916],[72760,10.003334999084473],[63276,10.000450134277344],[54475,10.000027894973755],[25220,10.000227928161621],[22787,10.000784873962402],[17894,10.000078201293945],[73711,10.001195907592773],[73104,10.000447988510132],[57135,10.000440120697021],[24125,10.001310110092163],[21911,10.00144100189209],[17152,10.00002384185791],[72539,10.001412868499756],[63847,10.00022006034851],[53081,10.00065016746521],[24684,10.001343965530396],[22978,10.000778198242188],[21602,10.001094102859497],[143964,10.001561880111694],[122945,10.00114393234253],[121222,10.000541925430298],[44566,10.000123023986816],[36921,10.000105857849121],[31758,10.00044298171997],[129312,10.001157999038696],[123188,10.000892162322998],[111219,10.001122951507568],[43091,10.001699924468994],[39065,10.000946044921875],[32287,10.001603126525879],[134482,10.000828981399536],[127270,10.001569986343384],[95663,10.000531196594238],[42463,10.001533031463623],[37351,10.001365900039673],[31027,10.000053882598877],[131760,10.001688957214355],[112327,10.001394987106323],[99876,10.000795125961304],[43656,10.000091075897217],[37628,10.00056791305542],[32756,10.001786947250366],[127545,10.000916957855225],[118253,10.000204086303711],[105994,10.000308990478516],[42544,10.00098180770874],[39470,10.00019097328186],[33931,10.000990152359009],[215588,10.000888109207153],[188423,10.0003080368042],[154189,10.000264883041382],[55749,10.001356840133667],[51626,10.00028395652771],[40363,10.000943899154663],[195325,10.00052809715271],[160245,10.000768899917603],[167998,10.001610040664673],[58429,10.001265048980713],[51331,10.001660823822021],[37218,10.001367092132568],[219486,10.000193119049072],[181569,10.001015901565552],[144078,10.000287055969238],[59464,10.001467943191528],[52282,10.001332998275757],[44336,10.00032114982605],[184153,10.00060486793518],[166621,10.000417947769165],[142705,10.000906944274902],[57239,10.000293970108032],[50794,10.001108169555664],[41003,10.000854015350342],[193092,10.00070309638977],[181385,10.000149011611938],[148815,10.001168966293335],[55689,10.00082802772522],[51629,10.002320051193237],[40798,10.000712156295776]]}