{"LBO fast local search":[[28456,10.670753002166748],[21715,10.007292985916138],[21935,10.00507116317749],[10786,10.00148892402649],[9896,10.006060123443604],[8210,10.00289511680603],[26497,10.000150918960571],[20569,10.003561019897461],[20103,10.003038883209229],[10603,10.002614974975586],[9628,10.003654956817627],[8387,10.000447988510132],[26654,10.006423950195312],[19272,10.00440001487732],[19229,10.0047128200531],[10767,10.00528597831726],[9522,10.008139848709106],[9157,10.000405073165894],[26364,10.001062154769897],[20454,10.005474090576172],[17363,10.000702142715454],[11271,10.000216007232666],[10510,10.002406120300293],[9649,10.005826950073242],[26603,10.00197982788086],[19264,10.003807067871094],[18607,10.001002073287964],[10583,10.001673936843872],[9877,10.006266117095947],[8670,10.00284194946289],[47203,10.001420021057129],[35727,10.004212141036987],[33657,10.006263017654419],[18797,10.003407001495361],[16196,10.004966974258423],[14151,10.005506038665771],[47680,10.004903078079224],[36893,10.003408908843994],[33467,10.00296401977539],[19514,10.00073504447937],[17816,10.002225160598755],[15474,10.00208592414856],[45213,10.004269123077393],[33435,10.006909132003784],[31402,10.00378704071045],[19695,10.004201889038086],[17868,10.00269603729248],[15249,10.00076699256897],[45819,10.005017042160034],[37926,10.006393909454346],[33312,10.000720977783203],[19470,10.000794172286987],[16838,10.00137209892273],[14506,10.00236201286316],[49991,10.001775026321411],[37429,10.000625133514404],[33240,10.005043029785156],[19429,10.002392053604126],[17223,10.001183986663818],[14853,10.004505157470703],[65676,10.002555131912231],[47758,10.003334045410156],[40975,10.004250049591064],[25480,10.002832889556885],[20670,10.005354881286621],[16307,10.000195026397705],[65677,10.000014066696167],[46345,10.005419969558716],[47023,10.003259897232056],[25645,10.000950813293457],[21972,10.001015186309814],[16982,10.000488042831421],[68768,10.003055095672607],[58394,10.005731105804443],[46992,10.006307125091553],[26050,10.00343108177185],[21783,10.00171709060669],[16453,10.00243091583252],[62036,10.002500057220459],[57708,10.00227689743042],[48634,10.006073951721191],[25346,10.004374027252197],[21963,10.005887031555176],[16975,10.003446102142334],[69661,10.004426956176758],[48189,10.004936933517456],[48814,10.0014488697052],[26204,10.002905130386353],[22323,10.003409147262573],[15791,10.002202033996582]],"LBO no local search":[[26656,10.128448963165283],[18261,10.000594854354858],[18905,10.00020694732666],[9767,10.000708103179932],[6251,10.000682830810547],[3906,10.000705003738403],[24818,10.000386953353882],[16794,10.00065302848816],[17302,10.000010967254639],[9526,10.000087022781372],[6097,10.00053095817566],[4548,10.000536918640137],[24006,10.000423908233643],[15644,10.000447988510132],[16005,10.00022006034851],[9039,10.00006914138794],[6625,10.00052809715271],[5428,10.000324010848999],[24130,10.000102043151855],[17012,10.00025987625122],[14889,10.00008511543274],[9885,10.000426054000854],[6632,10.000755071640015],[5728,10.000377893447876],[23724,10.000600099563599],[15739,10.000178813934326],[15513,10.000134944915771],[9452,10.000521898269653],[7140,10.000574111938477],[5585,10.000653982162476],[45370,10.00010895729065],[32664,10.000155925750732],[30047,10.000689029693604],[17927,10.000047206878662],[12870,10.000468969345093],[9045,10.000258922576904],[45912,10.00017499923706],[32503,10.000722885131836],[29107,10.000001907348633],[17897,10.000188112258911],[13697,10.00044584274292],[11042,10.000761985778809],[43702,10.000440120697021],[30211,10.000221014022827],[27302,10.000050783157349],[17912,10.000036001205444],[14217,10.000272035598755],[10922,10.000799894332886],[43626,10.000095844268799],[35994,10.000380039215088],[29412,10.000262022018433],[17730,10.000465869903564],[14091,10.000514030456543],[9782,10.00050687789917],[48858,10.000356912612915],[33945,10.00046706199646],[30822,10.000249862670898],[17924,10.000415086746216],[12946,10.000112056732178],[10460,10.000142097473145],[63476,10.000617027282715],[44116,10.000121116638184],[37572,10.000738859176636],[23047,10.00063705444336],[17816,10.000126838684082],[12106,10.000072002410889],[63863,10.000072956085205],[42234,10.000512838363647],[44035,10.00028395652771],[23603,10.000241041183472],[18911,10.000164985656738],[11253,10.000111103057861],[67508,10.000663995742798],[56423,10.00118112564087],[43706,10.000149011611938],[23672,10.000475883483887],[17945,10.000141859054565],[13326,10.000092029571533],[59773,10.00003719329834],[55418,10.000167846679688],[45740,10.000830173492432],[24035,10.000553131103516],[18796,10.000245809555054],[10760,10.000756025314331],[67909,10.000298023223877],[44711,10.000741958618164],[46411,10.00066614151001],[25158,10.000496864318848],[19433,10.000452995300293],[11678,10.001160144805908]]}