{"LBO fast local search":[[65712,10.012968063354492],[55751,10.006305932998657],[52028,10.013422966003418],[29130,10.00006103515625],[26413,10.007766008377075],[26380,10.00922417640686],[76711,10.003022909164429],[59347,10.00975489616394],[53396,10.014451026916504],[29514,10.014605045318604],[26343,10.0106840133667],[25351,10.007787942886353],[68990,10.010164022445679],[54238,10.003216981887817],[46504,10.006836891174316],[29222,10.014427900314331],[25199,10.005968809127808],[26120,10.010972023010254],[66798,10.000622034072876],[51891,10.001687049865723],[54600,10.007621049880981],[29402,10.008002996444702],[26691,10.001083850860596],[26194,10.004619836807251],[68403,10.009696960449219],[57461,10.000148057937622],[49193,10.018441200256348],[29524,10.00328803062439],[26374,10.003139019012451],[26055,10.001622915267944],[117996,10.007642030715942],[98959,10.005995988845825],[92690,10.011108875274658],[51219,10.01212191581726],[45851,10.00676703453064],[42204,10.013789892196655],[129811,10.011547088623047],[107812,10.012794017791748],[89112,10.009346961975098],[50196,10.0118248462677],[44963,10.006373167037964],[42247,10.003407955169678],[127260,10.013926982879639],[107636,10.004281044006348],[85603,10.001387119293213],[50318,10.008196115493774],[44895,10.003875970840454],[41437,10.002930879592896],[125872,10.006847143173218],[101315,10.006762981414795],[84424,10.010515928268433],[51138,10.01059103012085],[45024,10.018599033355713],[42642,10.004047870635986],[129753,10.002459049224854],[107040,10.007843017578125],[86911,10.011131048202515],[51093,10.011482000350952],[44588,10.011950016021729],[41808,10.00059986114502],[168342,10.009678840637207],[127121,10.014508962631226],[117197,10.013707160949707],[65425,10.006137132644653],[54852,10.013394832611084],[44519,10.013053178787231],[168849,10.013293027877808],[129211,10.000059843063354],[120056,10.005573987960815],[65259,10.008980989456177],[55451,10.018302917480469],[46066,10.010938167572021],[173417,10.009289979934692],[128961,10.002952814102173],[107397,10.005197048187256],[66178,10.007941961288452],[55177,10.000380992889404],[45750,10.007181167602539],[162035,10.002403020858765],[133025,10.008007049560547],[125137,10.010228157043457],[67395,10.011262893676758],[56316,10.003556966781616],[45211,10.011110067367554],[172909,10.002724885940552],[135063,10.005222082138062],[111545,10.006141901016235],[66101,10.011216163635254],[55653,10.00943899154663],[45160,10.017264127731323]],"LBO no local search":[[60291,10.003894090652466],[47910,10.001725912094116],[44644,10.001585006713867],[24628,10.000391960144043],[19272,10.00018310546875],[17508,10.000727891921997],[69070,10.001033067703247],[48639,10.00064206123352],[46557,10.000693082809448],[24109,10.001652002334595],[20059,10.00118112564087],[14773,10.000983953475952],[62714,10.001558065414429],[46456,10.000312089920044],[38789,10.000845909118652],[25065,10.001528978347778],[17712,10.000427961349487],[13002,10.002104043960571],[59747,10.001498937606812],[45568,10.001735925674438],[45735,10.001117944717407],[25812,10.0015230178833],[18934,10.001111030578613],[16732,10.001899003982544],[64014,10.001652002334595],[49197,10.001259803771973],[41670,10.000799894332886],[26494,10.000241041183472],[19598,10.000707149505615],[13963,10.001552820205688],[110317,10.001789808273315],[91684,10.000104904174805],[82909,10.001688003540039],[46615,10.000422954559326],[33867,10.001777172088623],[26381,10.000710010528564],[123958,10.001105070114136],[98452,10.001132011413574],[78822,10.001507997512817],[44231,10.000606060028076],[36930,10.001465082168579],[28174,10.001572847366333],[120819,10.002210140228271],[97611,10.000245094299316],[77184,10.001275062561035],[45949,10.001910924911499],[33688,10.00032091140747],[26251,10.00136685371399],[120321,10.000283002853394],[92299,10.001857995986938],[74859,10.001590013504028],[46371,10.001328945159912],[34838,10.000205993652344],[25338,10.000893115997314],[122769,10.0002601146698],[98025,10.00092601776123],[76625,10.001964092254639],[45568,10.000538110733032],[36779,10.002095937728882],[25901,10.000624179840088],[164396,10.000383853912354],[121608,10.001128196716309],[109981,10.000118017196655],[60974,10.0018789768219],[48175,10.002025842666626],[34006,10.00077509880066],[163772,10.00054121017456],[123321,10.000487089157104],[114687,10.000942945480347],[61691,10.000148057937622],[48599,10.00189208984375],[34044,10.001442193984985],[168716,10.000503063201904],[122247,10.000226020812988],[99446,10.000943899154663],[62191,10.000598907470703],[47255,10.001160860061646],[30337,10.001085042953491],[157442,10.00096607208252],[126322,10.000246047973633],[118540,10.000340223312378],[63778,10.001769065856934],[49723,10.001489162445068],[34549,10.00095796585083],[168136,10.001857042312622],[127172,10.000483989715576],[105186,10.000743865966797],[62977,10.001261949539185],[48110,10.001363039016724],[35866,10.000350952148438]]}