{"LBO fast local search":[[20154,10.667254209518433],[13204,10.003671884536743],[10052,10.00203800201416],[10526,10.003493070602417],[6620,10.001321792602539],[4960,10.004751920700073],[20218,10.00223708152771],[12664,10.003178834915161],[9905,10.001228094100952],[11421,10.001816987991333],[6984,10.006142139434814],[3035,10.001628875732422],[21944,10.007659912109375],[15504,10.001961946487427],[9853,10.000494003295898],[11786,10.002825021743774],[6663,10.005012035369873],[-35,10.006119966506958],[20527,10.005267143249512],[12672,10.003551959991455],[9515,10.005064964294434],[11622,10.003026008605957],[6964,10.005831003189087],[3825,10.006814956665039],[20734,10.000382900238037],[13062,10.005948066711426],[-19,10.002968788146973],[11092,10.003729104995728],[6497,10.005089044570923],[504,10.002451181411743],[40920,10.007486820220947],[27651,10.001780033111572],[22504,10.000679969787598],[21015,10.001843929290771],[13749,10.003824949264526],[9692,10.005621910095215],[42312,10.006729125976562],[27584,10.001067876815796],[21630,10.007735013961792],[21753,10.002640962600708],[14072,10.004099130630493],[8532,10.005708932876587],[39708,10.002023935317993],[27762,10.00595211982727],[22816,10.00404405593872],[21292,10.005282878875732],[13957,10.002254009246826],[9460,10.003813982009888],[41758,10.003155946731567],[28198,10.005234003067017],[21844,10.000501871109009],[21127,10.002252101898193],[13725,10.003350973129272],[8806,10.005053043365479],[43416,10.00779390335083],[28549,10.001151084899902],[23691,10.00605297088623],[21442,10.006294012069702],[13853,10.001438856124878],[9286,10.005584001541138],[55176,10.003673076629639],[40366,10.006943941116333],[-130,10.00752305984497],[29191,10.001857995986938],[17504,10.003252029418945],[-68,10.002063989639282],[58215,10.000664949417114],[38623,10.006557941436768],[31098,10.007566928863525],[28019,10.006546020507812],[17621,10.004219055175781],[10554,10.002822875976562],[63571,10.006758213043213],[35661,10.009212017059326],[31580,10.005820989608765],[29688,10.002058029174805],[18091,10.005275011062622],[8649,10.002195119857788],[59548,10.000039100646973],[40743,10.004496812820435],[34272,10.008041858673096],[28908,10.000401020050049],[18989,10.007885932922363],[9874,10.001906871795654],[57674,10.001689910888672],[35386,10.008115768432617],[29815,10.000446081161499],[29130,10.001055002212524],[18030,10.005614042282104],[8739,10.006724119186401]],"LBO no local search":[[18713,10.126031160354614],[10548,10.00071406364441],[-1190,10.000523090362549],[9068,10.000387907028198],[3347,10.000922918319702],[-1788,10.000201940536499],[18299,10.000249147415161],[9337,10.000627040863037],[-1391,10.000244140625],[9728,10.000696897506714],[2562,10.000365972518921],[-2001,10.000967979431152],[19735,10.000663995742798],[12268,10.000552892684937],[-767,10.00087285041809],[10156,10.000715970993042],[2766,10.000174045562744],[-942,10.000292778015137],[19302,10.000535011291504],[-14,10.000426054000854],[-1032,10.000962972640991],[10555,10.000357151031494],[-224,10.000582933425903],[-574,10.000478029251099],[17923,10.000492095947266],[-5,10.000218152999878],[-2880,10.000613927841187],[9470,10.000046014785767],[-17,10.000312089920044],[-2437,10.000427007675171],[38077,10.001473903656006],[23017,10.000175952911377],[-28,10.00016713142395],[18618,10.000432968139648],[8025,10.00085711479187],[-824,10.000962018966675],[39532,10.000226974487305],[21772,10.000427961349487],[-877,10.000548124313354],[20098,10.0000638961792],[9815,10.000288009643555],[-965,10.000607013702393],[37392,10.000571012496948],[23277,10.000730037689209],[-358,10.000123023986816],[18732,10.00042200088501],[9451,10.000431060791016],[-622,10.000622034072876],[39943,10.000387907028198],[23701,10.00019097328186],[-596,10.00068211555481],[18739,10.000525951385498],[9281,10.001567125320435],[-570,10.000679969787598],[40191,10.000612020492554],[24572,10.00019097328186],[-771,10.000695943832397],[19879,10.000130891799927],[8761,10.000706195831299],[-1378,10.000168085098267],[54256,10.000568866729736],[37480,10.00035285949707],[-2842,10.000728845596313],[27221,10.001538038253784],[-313,10.000096797943115],[-2816,10.000173091888428],[56547,10.002048015594482],[36284,10.000000953674316],[-348,10.000441789627075],[26534,10.000214099884033],[-216,10.000271081924438],[-1134,10.002068996429443],[61400,10.000163078308105],[-180,10.000792026519775],[-951,10.000079870223999],[27783,10.000057935714722],[13987,10.000738859176636],[-1296,10.000741004943848],[57080,10.00153398513794],[37959,10.000070095062256],[-1848,10.00045394897461],[27847,10.000678062438965],[12952,10.000853061676025],[-1866,10.00084400177002],[55156,10.000848054885864],[-141,10.000010013580322],[-1051,10.00057315826416],[27192,10.000295877456665],[-170,10.000371932983398],[-646,10.00043511390686]]}