{"LBO fast local search":[[63679,10.000713109970093],[37789,10.003114938735962],[33952,10.001362085342407],[30583,10.002338886260986],[22580,10.009513854980469],[19484,10.009851932525635],[61464,10.022541046142578],[40406,10.018541097640991],[35895,10.021281003952026],[29014,10.01115894317627],[22880,10.01407504081726],[21880,10.010077953338623],[62784,10.010885000228882],[42253,10.00373888015747],[38616,10.006914138793945],[30660,10.000338077545166],[23036,10.014995098114014],[23855,10.002692937850952],[62543,10.00850796699524],[38288,10.00322413444519],[34437,10.011677026748657],[29467,10.018451929092407],[22900,10.00787615776062],[21519,10.000696897506714],[63019,10.009687185287476],[37339,10.02106499671936],[34045,10.022561073303223],[29529,10.007912158966064],[22552,10.017302989959717],[20868,10.002588987350464],[110665,10.002155780792236],[80193,10.02443814277649],[71294,10.015424966812134],[54701,10.005382061004639],[41110,10.01064682006836],[35850,10.005008935928345],[114442,10.017614126205444],[74783,10.00603199005127],[64244,10.019674062728882],[53235,10.008332014083862],[40910,10.003763914108276],[39283,10.003829956054688],[111007,10.011811017990112],[79851,10.00656795501709],[71428,10.015542984008789],[52818,10.017905950546265],[40700,10.014748811721802],[34262,10.017964124679565],[115854,10.017566919326782],[76501,10.008057117462158],[66609,10.001152038574219],[54903,10.001049995422363],[39381,10.015371084213257],[36104,10.000340938568115],[115533,10.01239013671875],[79221,10.006500959396362],[73414,10.010411024093628],[52095,10.000016927719116],[39901,10.003900051116943],[33491,10.021019220352173],[159189,10.003931999206543],[104449,10.013008117675781],[96237,10.011916875839233],[67671,10.003488063812256],[50562,10.011039018630981],[40616,10.003573179244995],[167608,10.00604796409607],[110613,10.010956048965454],[93182,10.005497932434082],[70089,10.008991956710815],[50491,10.002154111862183],[40594,10.008155107498169],[160583,10.002930164337158],[106889,10.006210088729858],[83571,10.0137460231781],[71147,10.000264883041382],[51101,10.003719091415405],[38737,10.012907028198242],[160578,10.000271081924438],[110409,10.009336948394775],[95988,10.006215810775757],[73072,10.010901927947998],[50392,10.001095056533813],[39830,10.007149934768677],[154795,10.001374006271362],[108880,10.006407022476196],[92466,10.013829946517944],[70733,10.007179021835327],[50375,10.018234968185425],[40335,10.001238107681274]],"LBO no local search":[[57263,10.003155946731567],[28899,10.001106977462769],[25263,10.003680944442749],[25737,10.001444816589355],[10705,10.003331899642944],[4889,10.001636981964111],[55041,10.000472068786621],[31526,10.004024982452393],[27890,10.001753091812134],[24754,10.001260042190552],[12056,10.00006890296936],[5372,10.00019097328186],[53975,10.001331090927124],[33226,10.000849962234497],[31338,10.002568006515503],[26730,10.000402927398682],[13111,10.001351118087769],[5567,10.000893831253052],[55359,10.002159833908081],[29815,10.002410888671875],[25021,10.000427961349487],[22291,10.00036907196045],[11082,10.002899885177612],[7197,10.00166392326355],[54007,10.001161098480225],[29520,10.002351999282837],[27751,10.000602960586548],[24104,10.00222897529602],[10704,10.00010895729065],[9589,10.002240896224976],[104082,10.003398180007935],[69494,10.001554012298584],[60095,10.002370834350586],[47463,10.001525163650513],[26449,10.001060962677002],[17934,10.002135038375854],[106552,10.001231908798218],[60611,10.001496076583862],[55139,10.000531911849976],[47364,10.001324892044067],[25965,10.002482891082764],[15360,10.002612113952637],[103652,10.001142978668213],[67626,10.002143144607544],[58509,10.004595041275024],[45679,10.001615047454834],[27164,10.00057578086853],[15358,10.00134801864624],[108603,10.001673936843872],[65117,10.000868082046509],[57065,10.00031590461731],[47386,10.000109910964966],[27319,10.003550052642822],[18131,10.000161170959473],[109304,10.000963926315308],[66409,10.002041816711426],[61500,10.001215934753418],[45831,10.000066995620728],[25922,10.003039121627808],[17510,10.002844095230103],[154609,10.000112056732178],[95805,10.001714944839478],[87468,10.000057935714722],[61943,10.002054929733276],[37783,10.0017991065979],[23607,10.001049995422363],[161853,10.001827001571655],[99915,10.001451015472412],[84211,10.002519130706787],[65546,10.002247095108032],[38598,10.002126932144165],[27052,10.001786947250366],[153788,10.002242803573608],[97478,10.00350308418274],[76381,10.000042915344238],[65749,10.001283884048462],[38113,10.001277923583984],[19898,10.002629041671753],[154324,10.00202488899231],[100467,10.00224781036377],[88908,10.001093864440918],[68777,10.00061297416687],[39628,10.000367879867554],[26600,10.000030040740967],[148372,10.00120997428894],[99266,10.001806020736694],[83776,10.000416040420532],[66419,10.002012968063354],[39347,10.001746892929077],[24273,10.001792907714844]]}