{"Rao2 top1 bottom1 fast local search":[[30906,121.09830403327942],[28384,120.00295400619507],[21740,120.00286602973938],[10616,120.0151309967041],[10241,120.02794599533081],[10144,120.0312430858612],[27528,120.03435206413269],[26386,120.00989508628845],[26275,120.00963401794434],[11270,120.00780701637268],[11114,120.00238299369812],[10625,120.03218603134155],[30108,120.04692912101746],[23484,120.02327609062195],[20628,120.00669717788696],[10328,120.04399991035461],[9961,120.00194501876831],[10124,120.03385305404663],[30581,120.01742887496948],[27374,120.00093293190002],[21526,120.017422914505],[10765,120.03721189498901],[10559,120.04683685302734],[10030,120.01749515533447],[33567,120.02047109603882],[30632,120.00448393821716],[25054,120.0308940410614],[10779,120.01982283592224],[10522,120.02030205726624],[9791,120.01814484596252],[51832,120.0072569847107],[44566,120.01105690002441],[40159,120.01291799545288],[18365,120.03229904174805],[17545,120.01350498199463],[15591,120.00509905815125],[53347,120.03780603408813],[47837,120.0140118598938],[38066,120.00888895988464],[18216,120.04479384422302],[16963,120.03537392616272],[15986,120.00911498069763],[54296,120.00110602378845],[48750,120.01618695259094],[38292,120.00426602363586],[17670,120.02101993560791],[16348,120.0223479270935],[15712,120.01034021377563],[54288,120.05064392089844],[48744,120.00942206382751],[37258,120.0057680606842],[18385,120.00868010520935],[17178,120.01161789894104],[16022,120.00613403320312],[54294,120.03726100921631],[49392,120.00925397872925],[38625,120.02419805526733],[17396,120.01142811775208],[17065,120.0364179611206],[15368,120.01168513298035],[78877,120.02678108215332],[64688,120.04436206817627],[52525,120.02468800544739],[23268,120.01979303359985],[21562,120.01500701904297],[18645,120.00773787498474],[75991,120.00329899787903],[59959,120.01799511909485],[54759,120.01351380348206],[23930,120.03209900856018],[22625,120.01942682266235],[18431,120.01286005973816],[73042,120.02392888069153],[70638,120.0194320678711],[57480,120.00078296661377],[23358,120.00477910041809],[21837,120.00480318069458],[18029,120.01839900016785],[80898,120.05234694480896],[67100,120.00796389579773],[66776,120.00866794586182],[23871,120.01764583587646],[22996,120.02275109291077],[19404,120.02272891998291],[68817,120.00472211837769],[62683,120.02539491653442],[53386,120.00125694274902],[21485,120.0088951587677],[19586,120.04271388053894],[17179,120.01717400550842]],"Rao2 top1 bottom1 repair operator":[[30827,120.30949401855469],[28197,120.0256769657135],[21740,120.00642514228821],[10621,120.00742697715759],[10277,120.02477812767029],[10210,120.01052904129028],[27528,120.04748821258545],[26386,120.01558589935303],[26280,120.01281690597534],[11270,120.04286313056946],[11114,120.00632619857788],[10625,120.02163600921631],[30020,120.00580096244812],[23484,120.01640200614929],[20628,120.015545129776],[10294,120.01058387756348],[10029,120.00990891456604],[10124,120.00221490859985],[30581,120.04400706291199],[27298,120.00602102279663],[21547,120.01540279388428],[10740,120.00201392173767],[10559,120.01873087882996],[10030,120.01149392127991],[33471,120.03401589393616],[30632,120.00836515426636],[25053,120.00460600852966],[10779,120.01490688323975],[10522,120.01422381401062],[9776,120.01381087303162],[51816,120.01007008552551],[44510,120.03998184204102],[40243,120.00906991958618],[18361,120.04807305335999],[17484,120.00142693519592],[15566,120.00803995132446],[53246,120.01758289337158],[47636,120.03776097297668],[38008,120.00680494308472],[18216,120.00540399551392],[16963,120.00829792022705],[15825,120.01132893562317],[53946,120.01077389717102],[48750,120.0090970993042],[38292,120.02178502082825],[17697,120.00759482383728],[16375,120.00623488426208],[15677,120.02623105049133],[54207,120.03864097595215],[48675,120.01164603233337],[37235,120.00189995765686],[18385,120.02774691581726],[17174,120.03287601470947],[16007,120.00496888160706],[54458,120.00123310089111],[49375,120.0457558631897],[38729,120.00025701522827],[17396,120.04107308387756],[17109,120.03718781471252],[15396,120.03516602516174],[78779,120.01993799209595],[64601,120.00262498855591],[52530,120.02454710006714],[23176,120.00058603286743],[21562,120.04034686088562],[18594,120.00458693504333],[76128,120.00349712371826],[59951,120.01692295074463],[54759,120.00598382949829],[23930,120.00450587272644],[22625,120.02053499221802],[18431,120.00355386734009],[73028,120.00644707679749],[70588,120.01484704017639],[57511,120.02032995223999],[23266,120.01607894897461],[21827,120.03488302230835],[18029,120.01188111305237],[80915,120.01770901679993],[67095,120.00864291191101],[66742,120.00788807868958],[23850,120.01164698600769],[22924,120.03899598121643],[19365,120.02662491798401],[68817,120.0263659954071],[62683,120.00145888328552],[53350,120.02686905860901],[21571,120.01272392272949],[19589,120.00290393829346],[17346,120.03371596336365]],"Rao2 top10 bottom10 fast local search":[[30906,120.00435280799866],[28330,120.02453517913818],[21740,120.00172090530396],[10688,120.04389309883118],[10379,120.04043483734131],[10210,120.02473998069763],[27528,120.01541304588318],[26386,120.01691007614136],[26280,120.01978492736816],[11303,120.00531911849976],[11114,120.01134490966797],[10625,120.01345705986023],[30132,120.01409912109375],[23424,120.03397607803345],[20628,120.00990700721741],[10286,120.00009989738464],[10066,120.04075193405151],[10124,120.00976800918579],[30581,120.00609493255615],[27374,120.00076580047607],[21526,120.00610613822937],[10767,120.02440619468689],[10559,120.0196361541748],[9907,120.01859283447266],[33590,120.03715682029724],[30632,120.0148811340332],[25067,120.01424813270569],[10779,120.03546714782715],[10547,120.01752090454102],[9808,120.01665902137756],[51856,120.03061604499817],[44565,120.00144100189209],[40246,120.0092408657074],[18488,120.04741907119751],[17550,120.00623393058777],[15578,120.00712704658508],[53372,120.03094792366028],[47837,120.02819895744324],[38066,120.0086681842804],[18216,120.01173305511475],[16963,120.01178789138794],[15986,120.01823091506958],[54296,120.01269507408142],[48750,120.00351595878601],[38292,120.01215291023254],[17697,120.01592803001404],[16387,120.03362393379211],[15781,120.01770401000977],[54399,120.0351619720459],[48793,120.02043318748474],[37346,120.0020821094513],[18385,120.01533007621765],[17272,120.01105904579163],[16007,120.01791596412659],[54458,120.01335215568542],[49392,120.03326678276062],[38722,120.00592184066772],[17402,120.01362085342407],[17027,120.00347399711609],[15313,120.01657605171204],[78877,120.01825594902039],[64688,120.03553795814514],[52525,120.0137140750885],[23268,120.02095913887024],[21562,120.01554083824158],[18594,120.00681400299072],[76128,120.00447607040405],[59959,120.03908681869507],[54806,120.0211570262909],[23930,120.01637506484985],[22625,120.02101993560791],[18431,120.03029298782349],[73143,120.01122713088989],[70638,120.0429790019989],[57511,120.00282788276672],[23358,120.01248097419739],[21839,120.00820803642273],[18029,120.00094985961914],[80993,120.01755094528198],[67147,120.01556491851807],[66753,120.0208580493927],[23871,120.00342917442322],[22924,120.01422500610352],[19404,120.01022219657898],[68825,120.04252505302429],[62683,120.01210904121399],[53386,120.01179790496826],[21588,120.01613903045654],[19589,120.0071439743042],[17346,120.03509187698364]],