{"Rao2 top1 bottom1 fast local search":[[28504,121.04074788093567],[21715,120.00488495826721],[21935,120.02006101608276],[10856,120.02541899681091],[9917,120.00886011123657],[8451,120.00442886352539],[26404,120.05103588104248],[20569,120.0349190235138],[20103,120.00578784942627],[10569,120.02460193634033],[9796,120.01581907272339],[8493,120.00725817680359],[26766,120.02161407470703],[19323,120.04936194419861],[19130,120.00004887580872],[10767,120.02543783187866],[9617,120.007248878479],[9158,120.03978300094604],[26438,120.04481506347656],[20485,120.04414010047913],[17434,120.02671504020691],[11202,120.00711917877197],[10430,120.02144598960876],[9707,120.02515888214111],[26603,120.00088500976562],[19264,120.02514505386353],[18645,120.0223650932312],[10583,120.01956677436829],[9877,120.01363205909729],[8762,120.04703998565674],[47069,120.01843905448914],[35722,120.0284538269043],[33703,120.04715514183044],[18832,120.03069710731506],[16210,120.04947304725647],[14151,120.03632307052612],[47503,120.0186288356781],[36900,120.0159969329834],[33460,120.00681209564209],[19587,120.0090229511261],[17825,120.02038788795471],[15646,120.01275396347046],[45203,120.01126503944397],[33357,120.00926995277405],[31402,120.04094195365906],[19695,120.01129198074341],[17913,120.05083012580872],[15249,120.033851146698],[45809,120.0288290977478],[37896,120.0018880367279],[33344,120.032958984375],[19418,120.023108959198],[16851,120.03614091873169],[14506,120.02679109573364],[50075,120.01821994781494],[37429,120.03773093223572],[33252,120.00503706932068],[19437,120.00945782661438],[17278,120.01693487167358],[14853,120.01201486587524],[65693,120.00899291038513],[47910,120.03193807601929],[40975,120.02286195755005],[25509,120.04041194915771],[20611,120.02676296234131],[16307,120.0031487941742],[65804,120.03042411804199],[46345,120.01612591743469],[47019,120.00291514396667],[25645,120.00173997879028],[21964,120.02180886268616],[16982,120.00181889533997],[68838,120.00955080986023],[58313,120.0086760520935],[46992,120.00848603248596],[26050,120.02042603492737],[21693,120.03263807296753],[16453,120.00195002555847],[62036,120.01051902770996],[57857,120.00938510894775],[48585,120.03869605064392],[25421,120.01601815223694],[21959,120.04297590255737],[16975,120.0024528503418],[69661,120.03569912910461],[48189,120.05160903930664],[48840,120.03936982154846],[26204,120.0001118183136],[22360,120.02335405349731],[15881,120.03567600250244]],"Rao2 top1 bottom1 repair operator":[[28456,120.23797798156738],[21715,120.0169951915741],[21935,120.00977182388306],[10791,120.0353319644928],[10000,120.01352715492249],[8451,120.02437400817871],[26382,120.02064800262451],[20569,120.01145386695862],[20103,120.01139116287231],[10626,120.03056597709656],[9804,120.03848505020142],[8387,120.00472807884216],[26762,120.00353288650513],[19517,120.0293378829956],[19218,120.00007009506226],[10841,120.05046820640564],[9688,120.05479907989502],[9266,120.00303411483765],[26268,120.00273513793945],[20519,120.0419430732727],[17416,120.04422688484192],[11093,120.02547907829285],[10544,120.02797508239746],[9707,120.02132201194763],[26603,120.01123189926147],[19179,120.01460695266724],[18607,120.00050377845764],[10483,120.04982399940491],[9842,120.02981495857239],[8803,120.00624704360962],[47031,120.02134799957275],[35688,120.00409507751465],[33833,120.0208089351654],[18828,120.03187012672424],[16082,120.05503487586975],[14151,120.02278399467468],[47534,120.0210919380188],[37149,120.00865697860718],[33467,120.00646090507507],[19469,120.0066020488739],[17889,120.02373909950256],[15588,120.00964498519897],[45016,120.01244711875916],[33358,120.0207052230835],[31371,120.0004620552063],[19695,120.00288510322571],[17913,120.03626322746277],[15249,120.01934003829956],[45794,120.00262784957886],[37847,120.00594592094421],[33383,120.02483010292053],[19510,120.00999903678894],[17084,120.00756216049194],[14540,120.01837205886841],[50051,120.03901505470276],[37241,120.02005290985107],[33240,120.0242018699646],[19375,120.04188084602356],[17213,120.04001498222351],[14820,120.04230999946594],[65540,120.00479912757874],[47601,120.00785398483276],[40975,120.01309299468994],[25499,120.00365400314331],[20671,120.0181930065155],[16309,120.02447295188904],[65838,120.05519580841064],[46345,120.02387595176697],[47023,120.00431895256042],[25625,120.02985906600952],[21934,120.02841782569885],[16982,120.02989506721497],[68816,120.00951504707336],[58313,120.03552985191345],[46897,120.03221797943115],[26049,120.0049500465393],[21748,120.05049991607666],[16613,120.03095507621765],[62036,120.02923321723938],[57743,120.03998494148254],[48502,120.00671100616455],[25421,120.00853180885315],[21997,120.00868821144104],[16975,120.02257204055786],[69459,120.00928997993469],[47883,120.02330017089844],[48801,120.01146197319031],[26204,120.04099583625793],[22301,120.01364207267761],[15881,120.00891709327698]],"Rao2 top10 bottom10 fast local search":[[28504,120.01263403892517],[21715,120.01011514663696],[21952,120.02953100204468],[10830,120.02038407325745],[10016,120.0073812007904],[8426,120.00414395332336],[26515,120.02088189125061],[20569,120.01084899902344],[20103,120.02196192741394],[10666,120.01845598220825],[9676,120.02676892280579],[8493,120.02532982826233],[26804,120.02585101127625],[19294,120.02401304244995],[19179,120.03813004493713],[10800,120.0115761756897],[9644,120.05357909202576],[9190,120.02768898010254],[26438,120.00002813339233],[20516,120.01728701591492],[17416,120.0153501033783],[11271,120.04859399795532],[10510,120.00113105773926],[9707,120.02296710014343],[26656,120.00449109077454],[19264,120.02876210212708],[18625,120.03998398780823],[10520,120.0023021697998],[9912,120.02373600006104],[8762,120.02635097503662],[47172,120.04518795013428],[35661,120.00869679450989],[33761,120.0059859752655],[19012,120.03404402732849],[16105,120.00913500785828],[14151,120.00885009765625],[47764,120.00988984107971],[37113,120.03754591941833],[33567,120.00710391998291],[19587,120.00737714767456],[17811,120.02504014968872],[15646,120.01855707168579],[45421,120.00675201416016],[33365,120.0089590549469],[31454,120.00296688079834],[19695,120.02131795883179],[17862,120.00727915763855],[15308,120.00676202774048],[45888,120.016930103302],[38019,120.00828504562378],[33311,120.03916501998901],[19510,120.02060914039612],[17052,120.00126695632935],[14724,120.02792310714722],[50107,120.03111481666565],[37392,120.03438305854797],[33248,120.03110003471375],[19531,120.01490497589111],[17132,120.02972507476807],[14853,120.01652002334595],[65720,120.01479411125183],[47749,120.01706600189209],[41010,120.01901602745056],[25509,120.04801106452942],[20575,120.00205707550049],[16309,120.03956985473633],[65736,120.04616713523865],[46345,120.04239106178284],[47169,120.02311897277832],[25645,120.02142906188965],[21924,120.03852915763855],[16880,120.01084494590759],[68838,120.00952100753784],[58399,120.01410508155823],[46992,120.03400206565857],[26050,120.04213786125183],[21783,120.01133608818054],[16453,120.0243170261383],[62036,120.01682877540588],[57815,120.01109385490417],[48634,120.03144001960754],[25369,120.01612997055054],[21963,120.02361488342285],[16975,120.00182294845581],[69515,120.01340889930725],[48189,120.04329681396484],[48816,120.00750517845154],[26204,120.01602816581726],[22288,120.03211998939514],[15881,120.00417399406433]],