{"Rao2 top1 bottom1 fast local search":[[20125,121.13133192062378],[13516,120.05176615715027],[9840,120.01657605171204],[10512,120.02834105491638],[6628,120.11311602592468],[3747,120.00542712211609],[20158,120.02564978599548],[12508,120.01751208305359],[9785,120.07084584236145],[11546,120.0165638923645],[6757,120.03981518745422],[3228,120.02731704711914],[21910,120.05317711830139],[15333,120.08137702941895],[9853,120.02702498435974],[11786,120.03204584121704],[6731,120.06593203544617],[2086,120.06590294837952],[20634,120.00115609169006],[12351,120.03485703468323],[9577,120.00167798995972],[11494,120.04700899124146],[6202,120.0665910243988],[3570,120.06294918060303],[20783,120.01262593269348],[12864,120.03993201255798],[-57,120.0581910610199],[11070,120.04150605201721],[6221,120.0580940246582],[-42,120.03949403762817],[40655,120.01987791061401],[27198,120.07447504997253],[22190,120.0002088546753],[21053,120.05479907989502],[13342,120.01588487625122],[8868,120.05986905097961],[42320,120.00091314315796],[27658,120.01341605186462],[21516,120.00771999359131],[21870,120.01984691619873],[13685,120.0246090888977],[8197,120.05812001228333],[39802,120.05842304229736],[27562,120.04537200927734],[21907,120.03647899627686],[21355,120.00343418121338],[13285,120.05413317680359],[9723,120.00823402404785],[41378,120.00595593452454],[27984,120.05807590484619],[21403,120.0419430732727],[21052,120.00291085243225],[13360,120.04603219032288],[8175,120.00639200210571],[43429,120.06487083435059],[28247,120.00555300712585],[23280,120.00942397117615],[21453,120.06117105484009],[13950,120.06080794334412],[8706,120.00111484527588],[55272,120.00816702842712],[40197,120.03836989402771],[-66,120.00640106201172],[29191,120.00588822364807],[17994,120.01849389076233],[-66,120.0358099937439],[58165,120.01487493515015],[38695,120.02091193199158],[31115,120.02976202964783],[28034,120.00620198249817],[17629,120.07947111129761],[9632,120.0698390007019],[63328,120.00137996673584],[35306,120.03784394264221],[31580,120.01509690284729],[29688,120.02580499649048],[17840,120.04210209846497],[8427,120.06183099746704],[59786,120.03145003318787],[40900,120.04476499557495],[34336,120.05705785751343],[28901,120.04675698280334],[18975,120.03356599807739],[9637,120.01007413864136],[57712,120.01292300224304],[36016,120.03620910644531],[29958,120.06924605369568],[29130,120.01636815071106],[17597,120.07668089866638],[7697,120.02606892585754]],"Rao2 top1 bottom1 repair operator":[[20088,120.33385300636292],[13269,120.04723191261292],[9955,120.06195497512817],[10399,120.04655909538269],[6529,120.0502769947052],[4275,120.00481104850769],[19963,120.00899410247803],[12106,120.09984803199768],[9397,120.03151607513428],[11439,120.02122616767883],[6985,120.04259896278381],[3035,120.05359506607056],[21979,120.03797602653503],[15421,120.05267214775085],[-3,120.01127219200134],[11630,120.02428603172302],[6416,120.11190605163574],[2454,120.01567792892456],[20370,120.05204796791077],[12542,120.04632496833801],[9303,120.04660701751709],[11494,120.04067015647888],[5828,120.02823090553284],[3144,120.04279208183289],[20749,120.02352714538574],[13350,120.01634502410889],[-127,120.03628396987915],[11009,120.01741600036621],[6308,120.02395296096802],[-50,120.04905390739441],[40581,120.03603601455688],[27651,120.04091000556946],[22174,120.04278802871704],[20992,120.05111908912659],[13295,120.0380928516388],[9027,120.03832292556763],[42140,120.02439713478088],[27757,120.0506489276886],[21413,120.02822613716125],[21754,120.02888512611389],[13851,120.0347900390625],[8486,120.01096606254578],[39332,120.03664994239807],[27720,120.04563498497009],[22415,120.05699300765991],[21275,120.00546908378601],[13832,120.04184198379517],[9145,120.0418210029602],[41504,120.04279494285583],[28206,120.03643202781677],[20881,120.02389812469482],[21052,120.01248598098755],[13646,120.0199511051178],[8401,120.05189394950867],[43346,120.00389409065247],[27939,120.01357388496399],[23329,120.0121910572052],[21267,120.01672005653381],[13713,120.00256514549255],[8704,120.06252002716064],[55409,120.02750301361084],[40197,120.03887510299683],[-200,120.09799194335938],[29191,120.02219605445862],[17487,120.01564693450928],[-56,120.03501987457275],[58215,120.03160691261292],[38928,120.02978587150574],[31177,120.01351809501648],[28020,120.04455184936523],[17515,120.08366394042969],[9989,120.02611589431763],[63487,120.04266715049744],[35308,120.02991509437561],[31846,120.00793814659119],[29624,120.01249384880066],[17855,120.0360758304596],[9305,120.03413581848145],[59468,120.04458594322205],[40893,120.01375198364258],[34376,120.04307103157043],[28901,120.04298400878906],[18588,120.04048299789429],[9217,120.01416683197021],[57781,120.02116703987122],[36053,120.01198410987854],[30204,120.0448350906372],[29130,120.02108407020569],[17786,120.00472092628479],[7850,120.00014185905457]],"Rao2 top10 bottom10 fast local search":[[20287,120.01982188224792],[13854,120.07808685302734],[10386,120.02140998840332],[10503,120.05365896224976],[6544,120.0467779636383],[4572,120.06461691856384],[20461,120.00262188911438],[12490,120.00281500816345],[9905,120.0469708442688],[11546,120.04521298408508],[7145,120.0173749923706],[3228,120.05283093452454],[22076,120.00483894348145],[15327,120.06954193115234],[9111,120.02685785293579],[11765,120.02765607833862],[6808,120.06102895736694],[2474,120.04465985298157],[20527,120.02442789077759],[12672,120.04521894454956],[9793,120.0355179309845],[11455,120.03539299964905],[6777,120.02023696899414],[3904,120.00971293449402],[20783,120.0336229801178],[13205,120.02725887298584],[-43,120.03034901618958],[11092,120.02301096916199],[6460,120.038339138031],[-55,120.02775192260742],[40723,120.00879907608032],[27367,120.03212881088257],[22563,120.0333788394928],[21053,120.01523804664612],[13673,120.00666904449463],[9384,120.02272200584412],[42356,120.00402998924255],[27793,120.0536561012268],[21758,120.06128001213074],[21870,120.04095101356506],[13939,120.0520920753479],[8584,120.04185605049133],[39756,120.01688194274902],[27966,120.02784204483032],[22594,120.06309986114502],[21379,120.03674411773682],[13897,120.02169799804688],[9871,120.03277111053467],[41614,120.04548501968384],[28250,120.01762008666992],[22491,120.05939102172852],[21165,120.01519083976746],[14079,120.02328896522522],[9256,120.00305104255676],[43408,120.01874303817749],[28647,120.07381010055542],[23405,120.02636003494263],[21453,120.0333399772644],[13948,120.00801706314087],[8877,120.04636192321777],[55409,120.03464794158936],[40618,120.02464818954468],[-73,120.04882216453552],[29191,120.00042200088501],[18006,120.04068994522095],[-73,120.05848598480225],[58263,120.00260186195374],[39015,120.0534291267395],[30966,120.00689911842346],[28082,120.00497913360596],[17778,120.04760003089905],[10449,120.0628890991211],[63698,120.03387093544006],[35661,120.04803395271301],[31580,120.02642798423767],[29688,120.02346301078796],[18021,120.0475959777832],[10126,120.0328459739685],[59786,120.00628399848938],[40888,120.0369381904602],[34546,120.034677028656],[28908,120.01106691360474],[18744,120.05691909790039],[10160,120.07237792015076],[57674,120.00757193565369],[36220,120.04364609718323],[29873,120.06573390960693],[29130,120.02541589736938],[18030,120.07817387580872],[8722,120.01502299308777]],