{"Rao1 top15 bottom15 no local search":[[28222,20.000503063201904],[25426,20.000257968902588],[19269,20.000417947769165],[8287,20.000687837600708],[8908,20.00025200843811],[7520,20.000088930130005],[25042,20.00010895729065],[23259,20.000761032104492],[24050,20.000530004501343],[8854,20.00090789794922],[8413,20.000905990600586],[7276,20.000165939331055],[27996,20.000506162643433],[20497,20.000020027160645],[18646,20.000311851501465],[8369,20.000770807266235],[7824,20.000058889389038],[5660,20.00008797645569],[27770,20.000464916229248],[24084,20.000564098358154],[18922,20.00008487701416],[9538,20.0003559589386],[8460,20.000622034072876],[6082,20.000784873962402],[30868,20.000051021575928],[26816,20.00059199333191],[22754,20.000825881958008],[8992,20.000566005706787],[8532,20.000826120376587],[7198,20.000580072402954],[49361,20.00000500679016],[40122,20.00093698501587],[36923,20.00040602684021],[16173,20.000919103622437],[15882,20.000608921051025],[12773,20.000581979751587],[48950,20.000751972198486],[44972,20.000014066696167],[34039,20.000946044921875],[15586,20.000920057296753],[14598,20.0003399848938],[11306,20.000713109970093],[51553,20.000823974609375],[45284,20.00070095062256],[34733,20.00058388710022],[16411,20.00070309638977],[13390,20.000865936279297],[11309,20.000797033309937],[52700,20.000028133392334],[45477,20.002107858657837],[33552,20.000442028045654],[16869,20.00092387199402],[13904,20.000610828399658],[11975,20.000431060791016],[49475,20.000520944595337],[45962,20.00037693977356],[35991,20.000169038772583],[15788,20.000658988952637],[12877,20.000510931015015],[11814,20.000128984451294],[76779,20.000367879867554],[62298,20.000431776046753],[50184,20.000622034072876],[21876,20.00091791152954],[19689,20.00073504447937],[15756,20.000010013580322],[74301,20.000715017318726],[57623,20.00052499771118],[52162,20.000184059143066],[22906,20.00089406967163],[21072,20.00086998939514],[15315,20.000090837478638],[72071,20.00022602081299],[68374,20.00079607963562],[54951,20.00015902519226],[21821,20.000520944595337],[20907,20.00076413154602],[13847,20.000229120254517],[78843,20.000530004501343],[64253,20.000591039657593],[64298,20.000606060028076],[21228,20.000417947769165],[21600,20.000388145446777],[15750,20.000849962234497],[66618,20.000865936279297],[60838,20.000058889389038],[50565,20.00087594985962],[18288,20.000827074050903],[18562,20.00051212310791],[13737,20.000200033187866]],"Rao1 top15 bottom15 fast local search":[[30909,20.000237941741943],[28384,20.006732940673828],[21700,20.002135038375854],[10646,20.003257989883423],[10264,20.00138807296753],[10210,20.000561952590942],[27528,20.007176876068115],[26318,20.004898071289062],[26280,20.00300884246826],[11255,20.002872943878174],[11114,20.001683950424194],[10625,20.002980947494507],[30132,20.004060983657837],[23484,20.00078797340393],[20628,20.00352716445923],[10264,20.003049850463867],[9951,20.00083589553833],[10119,20.006038188934326],[30581,20.004633903503418],[27298,20.002791166305542],[21526,20.001902103424072],[10767,20.00356388092041],[10559,20.00733995437622],[10030,20.00577998161316],[33518,20.001237154006958],[30595,20.00463891029358],[25067,20.00696897506714],[10843,20.00490689277649],[10547,20.006994009017944],[9964,20.002636909484863],[51736,20.004288911819458],[44560,20.002553939819336],[40246,20.00133991241455],[18360,20.001364946365356],[17481,20.001231908798218],[15578,20.001863956451416],[53372,20.00212001800537],[47735,20.00296187400818],[38066,20.004849195480347],[18216,20.001870155334473],[16963,20.005875825881958],[15921,20.002054929733276],[54251,20.006993055343628],[48750,20.00376796722412],[38259,20.004962921142578],[17736,20.004076957702637],[16356,20.00217604637146],[15677,20.003241062164307],[54331,20.004355907440186],[48744,20.001444816589355],[37346,20.002416133880615],[18334,20.001441955566406],[17186,20.000653982162476],[16007,20.00533103942871],[54458,20.00178599357605],[49375,20.00390911102295],[38735,20.00258183479309],[17402,20.002089977264404],[17109,20.003463983535767],[15362,20.00348401069641],[78775,20.00544309616089],[64688,20.00503706932068],[52478,20.002886056900024],[23268,20.002624988555908],[21562,20.00407314300537],[18594,20.000699996948242],[76112,20.001219034194946],[59951,20.00245213508606],[54806,20.00508213043213],[23930,20.00218915939331],[22625,20.002820014953613],[18431,20.004481077194214],[73143,20.002799034118652],[70588,20.002832889556885],[57511,20.005563974380493],[23358,20.003540992736816],[21837,20.00224208831787],[18029,20.00178599357605],[80993,20.00245213508606],[67106,20.000102043151855],[66776,20.000709056854248],[23871,20.002975940704346],[22924,20.002628803253174],[19404,20.004153966903687],[68825,20.001147985458374],[62683,20.001744985580444],[53350,20.00562620162964],[21588,20.002034902572632],[19614,20.005346059799194],[17346,20.001652002334595]],"Rao1 top1 bottom1 fast local search":[[30906,20.6639301776886],[28184,20.00622296333313],[21691,20.003026962280273],[10575,20.004261016845703],[10267,20.004525899887085],[10263,20.003600120544434],[27295,20.00263500213623],[26318,20.00359010696411],[26275,20.000431060791016],[11234,20.003396034240723],[11066,20.00001096725464],[10625,20.000475883483887],[30132,20.000328063964844],[23424,20.000648021697998],[20628,20.002070903778076],[10235,20.00027298927307],[9955,20.000718116760254],[10124,20.006319999694824],[30581,20.001732110977173],[27275,20.003359079360962],[21526,20.003926038742065],[10767,20.006922006607056],[10559,20.004945993423462],[9898,20.00001096725464],[33523,20.001466035842896],[30593,20.006498098373413],[25067,20.00694704055786],[10779,20.005207061767578],[10485,20.001991033554077],[9776,20.0033118724823],[51767,20.002382040023804],[44516,20.000900983810425],[40172,20.002924919128418],[18342,20.00521993637085],[17500,20.006510019302368],[15522,20.000182151794434],[53347,20.001527070999146],[47809,20.00049090385437],[38007,20.000132083892822],[18216,20.002944946289062],[16811,20.002079963684082],[15825,20.000503063201904],[54173,20.005772829055786],[48625,20.001131057739258],[38259,20.004966020584106],[17697,20.001206874847412],[16356,20.003865957260132],[15704,20.006000995635986],[54331,20.003170013427734],[48611,20.00206708908081],[37367,20.00353217124939],[18334,20.002655029296875],[17198,20.000017881393433],[16022,20.003597021102905],[54458,20.003167867660522],[49375,20.004227876663208],[38708,20.004512071609497],[17359,20.000197172164917],[17027,20.00331997871399],[15281,20.001590967178345],[78795,20.003681182861328],[64601,20.001108169555664],[52525,20.003726959228516],[23128,20.001098155975342],[21372,20.00341486930847],[18645,20.000452995300293],[75888,20.001476049423218],[59951,20.003715991973877],[54806,20.004464864730835],[23930,20.003798961639404],[22625,20.00468897819519],[18309,20.002750158309937],[73143,20.000425815582275],[70588,20.003708839416504],[57438,20.001604080200195],[23358,20.003877878189087],[21827,20.00079107284546],[18024,20.000046968460083],[80915,20.0012948513031],[67095,20.005725860595703],[66742,20.00409197807312],[23856,20.001466989517212],[22867,20.005039930343628],[19365,20.005502939224243],[68817,20.0038321018219],[62683,20.004013061523438],[53348,20.000867128372192],[21588,20.004135131835938],[19529,20.00226402282715],[17176,20.003564834594727]],