{"Rao1 top15 bottom15 no local search":[[28487,10.000517129898071],[25524,10.000231981277466],[18904,10.00077509880066],[9484,10.000203847885132],[9359,10.000044822692871],[7263,10.00002908706665],[23990,10.000907182693481],[22758,10.000883102416992],[23226,10.000391006469727],[9749,10.000329971313477],[9515,10.002409934997559],[5923,10.000039100646973],[27058,10.00039792060852],[20904,10.00052809715271],[17142,10.00032901763916],[8738,10.000184059143066],[8583,10.000805854797363],[6438,10.000205993652344],[28387,10.001073837280273],[23136,10.00051999092102],[18079,10.001578092575073],[9336,10.000510931015015],[8636,10.000490188598633],[6876,10.000249147415161],[31661,10.000907897949219],[28096,10.000588178634644],[21815,10.000606060028076],[8478,10.000562906265259],[7946,10.000244855880737],[8081,10.000123977661133],[50383,10.000624895095825],[41363,10.000641107559204],[37204,10.000470876693726],[16112,10.000924110412598],[15173,10.00069284439087],[10969,10.000099182128906],[50945,10.000807046890259],[44621,10.000082969665527],[35449,10.000771045684814],[16843,10.000405073165894],[13445,10.000327825546265],[11076,10.000139951705933],[49965,10.000452041625977],[45797,10.000948905944824],[34717,10.00046181678772],[16053,10.0001859664917],[13468,10.00037407875061],[12384,10.000813961029053],[52047,10.000550031661987],[45318,10.000438928604126],[32853,10.000931024551392],[16874,10.00061297416687],[14579,10.000931978225708],[12437,10.000739097595215],[53059,10.000309228897095],[45567,10.000103950500488],[34717,10.000756025314331],[15062,10.00012493133545],[15208,10.000200986862183],[11261,10.000779151916504],[76452,10.002145051956177],[63334,10.000406980514526],[49522,10.000442028045654],[21939,10.000054836273193],[20989,10.000414848327637],[14122,10.000195980072021],[73912,10.000366926193237],[57943,10.000559091567993],[52161,10.00097393989563],[22940,10.000116109848022],[20555,10.001341104507446],[15133,10.000934839248657],[71010,10.000782012939453],[69090,10.000241994857788],[53990,10.000168085098267],[21936,10.000046014785767],[19789,10.000162839889526],[14260,10.000571012496948],[78844,10.000629186630249],[65775,10.000229120254517],[63538,10.00007700920105],[22282,10.000738859176636],[21546,10.000525951385498],[14917,10.000653982162476],[66739,10.000669002532959],[58666,10.000799179077148],[51965,10.000566005706787],[20719,10.000725030899048],[17800,10.000333070755005],[13197,10.000782012939453]],"Rao1 top15 bottom15 fast local search":[[30891,10.003895998001099],[28384,10.000545978546143],[21700,10.004573106765747],[10688,10.002002000808716],[10235,10.003963947296143],[10222,10.003266096115112],[27288,10.003175973892212],[26386,10.00399899482727],[26280,10.003019094467163],[11234,10.001341104507446],[11114,10.006731033325195],[10625,10.002713918685913],[30075,10.00403380393982],[23484,10.007018089294434],[20628,10.000016927719116],[10258,10.00310206413269],[9978,10.0053129196167],[10126,10.001101016998291],[30581,10.001627922058105],[27275,10.005007982254028],[21526,10.004788160324097],[10740,10.002707958221436],[10455,10.001270055770874],[9880,10.000958919525146],[33473,10.003690958023071],[30632,10.00287914276123],[25054,10.000602960586548],[10843,10.006052017211914],[10485,10.000476837158203],[9776,10.003984212875366],[51816,10.003999948501587],[44551,10.00164008140564],[40277,10.005053043365479],[18365,10.004353046417236],[17545,10.004904985427856],[15578,10.00049090385437],[53298,10.000598192214966],[47809,10.002249002456665],[38007,10.00019907951355],[18216,10.001284837722778],[16963,10.003482818603516],[15799,10.001320123672485],[54193,10.001711130142212],[48750,10.005416870117188],[38221,10.002261877059937],[17697,10.002248048782349],[16348,10.004733085632324],[15735,10.003878116607666],[54328,10.005797147750854],[48744,10.00507402420044],[37346,10.002767086029053],[18300,10.002710103988647],[17272,10.000058889389038],[16022,10.004621028900146],[54458,10.004163026809692],[49375,10.004303932189941],[38722,10.000860929489136],[17396,10.006985902786255],[16993,10.004072904586792],[15250,10.002173900604248],[78877,10.002630949020386],[64688,10.001847982406616],[52525,10.002206802368164],[23128,10.002798080444336],[21435,10.007380962371826],[18433,10.001296043395996],[75982,10.001209020614624],[59959,10.003237009048462],[54806,10.006888151168823],[23930,10.004613161087036],[22625,10.002795934677124],[18431,10.00374698638916],[72983,10.003071069717407],[70638,10.002058982849121],[57522,10.005332946777344],[23358,10.001603841781616],[21827,10.002614974975586],[18029,10.004103899002075],[80812,10.001166820526123],[67120,10.003329992294312],[66776,10.001466035842896],[23871,10.000283002853394],[22924,10.003351926803589],[19402,10.002737045288086],[68817,10.001982927322388],[62642,10.00425410270691],[53350,10.00606393814087],[21588,10.002171993255615],[19558,10.005724906921387],[17346,10.002322912216187]],"Rao1 top1 bottom1 fast local search":[[30823,10.594997882843018],[28177,10.000699043273926],[21691,10.003774881362915],[10688,10.005062103271484],[10202,10.007999897003174],[10148,10.002907037734985],[27375,10.008039951324463],[26200,10.000109195709229],[26280,10.00039792060852],[11215,10.003289937973022],[11114,10.00365400314331],[10432,10.001313924789429],[30132,10.000452995300293],[23484,10.00514006614685],[20628,10.005486011505127],[10262,10.000578880310059],[9951,10.009930849075317],[9983,10.0050790309906],[30581,10.004899978637695],[27254,10.000173091888428],[21484,10.00643515586853],[10739,10.004767894744873],[10559,10.005627155303955],[9899,10.002904891967773],[33567,10.00651502609253],[30536,10.001879930496216],[24971,10.002604961395264],[10697,10.001152038574219],[10485,10.006870985031128],[9776,10.00253677368164],[51573,10.004311084747314],[44474,10.001775979995728],[40327,10.005817174911499],[18360,10.000123023986816],[17393,10.005867958068848],[15603,10.001322984695435],[53298,10.001204013824463],[47712,10.002356052398682],[38007,10.003183841705322],[18130,10.003292083740234],[16879,10.0014488697052],[15773,10.007161140441895],[54220,10.003592014312744],[48614,10.002976894378662],[38292,10.005488157272339],[17736,10.00670313835144],[16348,10.002287864685059],[15661,10.007812976837158],[54108,10.005414009094238],[48568,10.000578880310059],[37125,10.006240129470825],[18302,10.005007982254028],[17113,10.003843069076538],[15966,10.006505966186523],[54286,10.000110149383545],[49365,10.00144100189209],[38672,10.003673076629639],[17396,10.001683950424194],[17027,10.001864194869995],[15144,10.00564694404602],[78795,10.004096984863281],[64688,10.001213073730469],[52451,10.001152992248535],[23268,10.005630016326904],[21562,10.001846075057983],[18412,10.004317998886108],[75941,10.00089693069458],[59939,10.002676010131836],[54678,10.006858110427856],[23930,10.003113985061646],[22591,10.001214027404785],[18431,10.002506017684937],[73044,10.001517057418823],[70588,10.000810146331787],[57511,10.005578994750977],[23358,10.001804828643799],[21773,10.001711130142212],[18029,10.001611948013306],[80702,10.000468015670776],[67055,10.000022172927856],[66742,10.006026983261108],[23871,10.000457048416138],[22996,10.002220869064331],[19334,10.00157904624939],[68794,10.000203847885132],[62683,10.0002281665802],[53350,10.001790046691895],[21588,10.00455904006958],[19614,10.003159999847412],[17176,10.001688957214355]],