{"Rao1 top15 bottom15 no local search":[[25623,10.000184059143066],[19712,10.000548124313354],[19231,10.000437021255493],[8943,10.000586986541748],[7046,10.000003099441528],[4108,10.000116109848022],[23102,10.000221014022827],[16139,10.000186920166016],[16053,10.00065302848816],[8914,10.000268936157227],[7095,10.000923871994019],[4096,10.000730991363525],[24614,10.00031304359436],[15978,10.000924110412598],[15791,10.002676010131836],[9599,10.000427007675171],[7684,10.000905990600586],[5027,10.000241994857788],[24230,10.000497102737427],[17487,10.00120210647583],[13933,10.000546932220459],[9869,10.000411987304688],[7134,10.000075101852417],[4035,10.00005292892456],[23610,10.000884771347046],[15470,10.000360012054443],[15045,10.000398874282837],[9433,10.000939846038818],[7587,10.000623941421509],[4454,10.000988006591797],[44030,10.000317096710205],[31956,10.001763105392456],[29526,10.000062942504883],[17342,10.000832080841064],[12211,10.000223159790039],[7052,10.000897884368896],[43987,10.00092601776123],[33394,10.000607967376709],[28901,10.000919103622437],[17345,10.000550985336304],[13249,10.000957012176514],[8722,10.00037693977356],[39417,10.001459836959839],[27500,10.000357866287231],[26429,10.000741958618164],[17027,10.000555038452148],[13994,10.0003080368042],[9744,10.00048303604126],[43069,10.000319957733154],[34764,10.000168800354004],[28628,10.000234127044678],[17388,10.000286102294922],[12252,10.000387191772461],[8166,10.001803159713745],[46992,10.000345945358276],[34476,10.000055074691772],[29219,10.00019907951355],[16465,10.000113010406494],[14577,10.00006103515625],[8390,10.000640153884888],[64150,10.00010895729065],[44984,10.00054383277893],[38551,10.000128984451294],[24294,10.00029182434082],[17847,10.000285148620605],[10448,10.000681161880493],[64200,10.00029182434082],[41737,10.000425100326538],[44240,10.000433921813965],[24568,10.000382900238037],[18701,10.000428915023804],[12473,10.002120971679688],[66395,10.000312089920044],[56232,10.000056028366089],[43774,10.000357866287231],[23809,10.000421047210693],[18620,10.000440835952759],[12309,10.00077199935913],[60734,10.000921964645386],[55753,10.000484943389893],[44542,10.001013040542603],[23657,10.000476121902466],[19680,10.000709056854248],[13602,10.000592947006226],[66920,10.000422954559326],[44918,10.000722885131836],[45321,10.000211000442505],[24558,10.000497102737427],[18445,10.001240968704224],[11583,10.000716924667358]],"Rao1 top15 bottom15 fast local search":[[28504,10.002762079238892],[21655,10.004060983657837],[21822,10.001902103424072],[10865,10.00107717514038],[9917,10.002691984176636],[8211,10.002809047698975],[26390,10.005342960357666],[20569,10.006309986114502],[20103,10.005661010742188],[10583,10.005113124847412],[9796,10.002965927124023],[8493,10.001765012741089],[26775,10.004280090332031],[19337,10.003439903259277],[19193,10.005308151245117],[10742,10.00019907951355],[9688,10.004380941390991],[9157,10.000777959823608],[26337,10.001420974731445],[20366,10.002551078796387],[17392,10.003600120544434],[11272,10.003957033157349],[10510,10.000643014907837],[9611,10.00064492225647],[26656,10.007727861404419],[19264,10.001420974731445],[18645,10.000888109207153],[10549,10.001445055007935],[9877,10.005673885345459],[8803,10.00057315826416],[46973,10.004616975784302],[35647,10.001848936080933],[33725,10.001410007476807],[18795,10.006054878234863],[16054,10.007905960083008],[14066,10.003201961517334],[47711,10.0038480758667],[37127,10.004493951797485],[33567,10.00711703300476],[19446,10.002344131469727],[17818,10.001075983047485],[15536,10.001536130905151],[45116,10.005859136581421],[33364,10.006734132766724],[31454,10.001456022262573],[19695,10.001261949539185],[17738,10.003561019897461],[15249,10.004012107849121],[45711,10.003489971160889],[37896,10.002649068832397],[33309,10.00416612625122],[19442,10.00531816482544],[16977,10.005232810974121],[14642,10.001373052597046],[49921,10.00689697265625],[37392,10.000792026519775],[33240,10.003175020217896],[19393,10.002533912658691],[16980,10.000602006912231],[14853,10.00238299369812],[65570,10.003292798995972],[47736,10.004800796508789],[41010,10.002202987670898],[25509,10.001069068908691],[20487,10.000101089477539],[16307,10.0000479221344],[65733,10.001447916030884],[46345,10.002326965332031],[47153,10.002701997756958],[25577,10.002367973327637],[21924,10.004611015319824],[16880,10.000547170639038],[68761,10.000767946243286],[58294,10.006398916244507],[46992,10.003108978271484],[26049,10.000204086303711],[21748,10.004630088806152],[16425,10.001572847366333],[61968,10.001329898834229],[57656,10.00622010231018],[48508,10.000699043273926],[25413,10.002386093139648],[21959,10.004551887512207],[16820,10.00425386428833],[69515,10.000561952590942],[48189,10.000169038772583],[48766,10.003099918365479],[26204,10.001314878463745],[22323,10.000948905944824],[15881,10.003950834274292]],"Rao1 top1 bottom1 fast local search":[[28379,10.619548082351685],[21653,10.004458904266357],[21935,10.001816987991333],[10830,10.00488018989563],[9781,10.002713918685913],[8261,10.000684976577759],[26382,10.004765033721924],[20453,10.001646041870117],[20103,10.00478982925415],[10573,10.003560066223145],[9505,10.004710912704468],[8377,10.006739854812622],[26679,10.002074956893921],[19262,10.00696587562561],[18987,10.003467798233032],[10678,10.008628845214844],[9593,10.003328084945679],[9157,10.00085711479187],[26171,10.00028681755066],[20485,10.00038194656372],[17363,10.003467082977295],[11202,10.001222133636475],[10429,10.006335973739624],[9622,10.00602102279663],[26356,10.001053094863892],[19173,10.003818988800049],[18644,10.006730079650879],[10342,10.004876136779785],[9877,10.002315998077393],[8803,10.004703044891357],[46860,10.000365018844604],[35511,10.001421928405762],[33525,10.005524158477783],[18932,10.000654935836792],[15840,10.00544285774231],[13843,10.00546407699585],[47514,10.001869916915894],[37149,10.004637002944946],[33265,10.000478029251099],[19371,10.003812074661255],[17508,10.00328803062439],[15513,10.000170946121216],[45077,10.005225896835327],[33240,10.002938032150269],[31203,10.000582933425903],[19695,10.002844095230103],[17753,10.006801843643188],[15249,10.003180027008057],[45794,10.001657962799072],[37879,10.00423288345337],[33237,10.00564694404602],[19510,10.000761985778809],[16716,10.00004506111145],[14448,10.003336906433105],[49933,10.003918886184692],[37148,10.000602960586548],[33136,10.000244855880737],[19416,10.007190942764282],[17188,10.001471996307373],[14853,10.004539012908936],[65600,10.001189947128296],[47749,10.0032320022583],[40700,10.003880977630615],[25479,10.005274057388306],[20589,10.001678943634033],[16307,10.00536584854126],[65677,10.003549098968506],[46345,10.000226020812988],[46957,10.001712799072266],[25577,10.003018140792847],[21748,10.004081010818481],[16842,10.00388216972351],[68689,10.002171039581299],[58183,10.003389120101929],[46854,10.005138158798218],[26049,10.002267837524414],[21587,10.007066011428833],[16425,10.004211902618408],[61680,10.004449844360352],[57629,10.000425100326538],[48422,10.00106692314148],[25318,10.00247597694397],[21959,10.000864028930664],[16751,10.00419807434082],[69454,10.001852989196777],[48189,10.00104284286499],[48674,10.00576901435852],[26130,10.004491090774536],[22280,10.00600290298462],[15791,10.006834030151367]],