{"Rao1 top15 bottom15 no local search":[[25966,20.00066614151001],[17577,20.000421047210693],[17397,20.00062894821167],[8731,20.00035285949707],[7629,20.000493049621582],[4497,20.000309944152832],[23252,20.000865936279297],[16843,20.00047516822815],[16302,20.000396966934204],[8942,20.00059413909912],[7222,20.000612020492554],[3950,20.00075387954712],[23796,20.000598907470703],[16469,20.00055980682373],[16768,20.000433921813965],[9088,20.002570152282715],[7052,20.00079107284546],[5816,20.001933813095093],[23669,20.000383138656616],[17244,20.000385999679565],[14067,20.000937938690186],[10430,20.000164031982422],[6883,20.000540018081665],[4614,20.000170946121216],[23313,20.000311851501465],[15561,20.000536918640137],[15586,20.000988960266113],[8732,20.000298976898193],[6167,20.000774145126343],[4981,20.00016188621521],[42977,20.000216960906982],[30916,20.000915050506592],[28601,20.000879049301147],[16841,20.000792026519775],[11596,20.0005521774292],[5733,20.00062894821167],[45030,20.000577926635742],[33153,20.00015377998352],[28392,20.000288009643555],[17733,20.00053310394287],[12838,20.000538110733032],[9640,20.00083613395691],[40734,20.000109910964966],[30102,20.000303983688354],[27544,20.000447988510132],[16995,20.000303983688354],[14845,20.000717878341675],[7396,20.000607013702393],[42056,20.000116109848022],[33967,20.000818967819214],[29867,20.00003719329834],[17247,20.000866174697876],[13396,20.000834941864014],[8435,20.000930070877075],[46406,20.00080895423889],[33475,20.000102043151855],[28625,20.00083088874817],[17545,20.00052809715271],[13635,20.000857830047607],[9478,20.00080704689026],[63084,20.00007200241089],[45048,20.000904083251953],[38604,20.000699996948242],[24224,20.00081992149353],[16871,20.00089406967163],[11731,20.00027585029602],[62210,20.000452041625977],[41181,20.001511096954346],[43653,20.000947952270508],[23483,20.000046968460083],[18929,20.000058889389038],[11822,20.00019097328186],[66653,20.000200033187866],[56072,20.000193119049072],[44147,20.00051999092102],[24659,20.00024700164795],[17996,20.000331163406372],[11082,20.00054097175598],[59269,20.000975131988525],[54320,20.0006000995636],[44693,20.000797033309937],[23901,20.000668048858643],[17980,20.000483989715576],[13317,20.00023603439331],[67582,20.0004620552063],[44156,20.00000500679016],[45078,20.000250101089478],[24616,20.001792907714844],[19423,20.00080704689026],[12284,20.000128984451294]],"Rao1 top15 bottom15 fast local search":[[28504,20.001861810684204],[21694,20.00159502029419],[21935,20.006957054138184],[10767,20.00580596923828],[9929,20.00105094909668],[8262,20.003642797470093],[26507,20.00632905960083],[20410,20.006442070007324],[20103,20.008168935775757],[10582,20.0068359375],[9796,20.002777099609375],[8493,20.002393007278442],[26762,20.003511905670166],[19299,20.005653858184814],[19170,20.002575159072876],[10819,20.00816297531128],[9644,20.005451917648315],[9157,20.007786989212036],[26470,20.006554126739502],[20485,20.003136157989502],[17392,20.005198001861572],[11202,20.00022006034851],[10429,20.004621982574463],[9649,20.000576972961426],[26656,20.003139972686768],[19264,20.004815101623535],[18678,20.00330901145935],[10554,20.00739598274231],[9809,20.008144855499268],[8713,20.00493597984314],[47040,20.00495719909668],[35688,20.00243902206421],[33686,20.00140905380249],[18785,20.002893924713135],[16196,20.001672983169556],[14151,20.000733137130737],[47578,20.001265048980713],[36927,20.007131814956665],[33567,20.002750158309937],[19587,20.001605987548828],[17880,20.003566026687622],[15517,20.003183841705322],[45251,20.005693912506104],[33365,20.00487208366394],[31380,20.003829956054688],[19760,20.00045418739319],[17862,20.003865003585815],[15152,20.004087924957275],[45893,20.002033948898315],[37896,20.002485036849976],[33399,20.004919052124023],[19510,20.00238299369812],[16949,20.00561809539795],[14506,20.002063035964966],[49988,20.00062394142151],[37399,20.00657606124878],[33240,20.001955032348633],[19429,20.000913858413696],[17246,20.001851081848145],[14853,20.00288987159729],[65555,20.005027055740356],[47736,20.00071406364441],[40912,20.005995988845825],[25509,20.004112005233765],[20780,20.00472092628479],[16307,20.00125503540039],[65677,20.002948999404907],[46345,20.000242948532104],[47118,20.005226850509644],[25645,20.00143790245056],[21957,20.000667810440063],[16880,20.007139205932617],[68826,20.00207495689392],[58313,20.005561113357544],[46897,20.00468611717224],[26050,20.000702142715454],[21786,20.002856016159058],[16425,20.004683017730713],[62036,20.001625061035156],[57733,20.00655484199524],[48505,20.00517201423645],[25361,20.000574111938477],[21886,20.001381158828735],[16975,20.00298500061035],[69596,20.00201416015625],[48189,20.002856969833374],[48766,20.000641107559204],[26204,20.002869129180908],[22376,20.00275683403015],[15887,20.001124143600464]],"Rao1 top1 bottom1 fast local search":[[28456,20.61532998085022],[21694,20.003448009490967],[21935,20.00139808654785],[10764,20.00025200843811],[9917,20.003986835479736],[8263,20.003912210464478],[26390,20.006306886672974],[20336,20.004445791244507],[20103,20.000809907913208],[10579,20.002105951309204],[9627,20.00377893447876],[8377,20.006638050079346],[26762,20.00271701812744],[19164,20.003615140914917],[19081,20.0021870136261],[10741,20.005290031433105],[9630,20.00059700012207],[9157,20.000077962875366],[26470,20.0024471282959],[20519,20.003368139266968],[17392,20.000008821487427],[11217,20.000669956207275],[10393,20.00005292892456],[9707,20.000603914260864],[26403,20.00350594520569],[19173,20.000422954559326],[18619,20.004794120788574],[10415,20.004297018051147],[9842,20.001588106155396],[8655,20.00479793548584],[47027,20.001425981521606],[35903,20.00783896446228],[33607,20.00012516975403],[19012,20.00098705291748],[16056,20.002002000808716],[13927,20.004677057266235],[47684,20.00812315940857],[36960,20.008404970169067],[33433,20.00738501548767],[19496,20.00400710105896],[17633,20.00256609916687],[15536,20.00440001487732],[45079,20.002502918243408],[33238,20.005080938339233],[31454,20.00470495223999],[19695,20.003125190734863],[17810,20.000555992126465],[15148,20.001310110092163],[45817,20.00232696533203],[37758,20.00146508216858],[33383,20.003554821014404],[19330,20.00420594215393],[16983,20.005219221115112],[14506,20.00023889541626],[50163,20.004185914993286],[37392,20.006639003753662],[33240,20.00631809234619],[19531,20.00574803352356],[17195,20.00753116607666],[14853,20.00414204597473],[65570,20.000495195388794],[47642,20.00034189224243],[41010,20.000396966934204],[25499,20.002775192260742],[20596,20.00361204147339],[16307,20.003286838531494],[65722,20.000377893447876],[46345,20.001511096954346],[47204,20.0021550655365],[25631,20.0012469291687],[21900,20.002260208129883],[16868,20.001837015151978],[68772,20.006997108459473],[58150,20.000710010528564],[46992,20.00148105621338],[26050,20.002847909927368],[21748,20.001090049743652],[16453,20.000100135803223],[62036,20.000358819961548],[57732,20.001852989196777],[48634,20.002462148666382],[25361,20.002100944519043],[21896,20.000493049621582],[16975,20.002541065216064],[69515,20.00154709815979],[48189,20.00289011001587],[48840,20.007450103759766],[26204,20.00321912765503],[22282,20.001478910446167],[15887,20.003926038742065]],