{"Rao1 top15 bottom15 no local search":[[56934,20.00215196609497],[45605,20.004072904586792],[42329,20.00131392478943],[23064,20.000033855438232],[16408,20.000863790512085],[13876,20.00105094909668],[62170,20.000510931015015],[50413,20.00083303451538],[46002,20.000540018081665],[25260,20.001899003982544],[18712,20.00054621696472],[14179,20.00223398208618],[56069,20.002329111099243],[42507,20.002073049545288],[37741,20.002053022384644],[23867,20.00176501274109],[16044,20.000153064727783],[11391,20.00253701210022],[59318,20.000049114227295],[43879,20.00176501274109],[46031,20.000905990600586],[24916,20.001352071762085],[18095,20.00261116027832],[13559,20.00275492668152],[56025,20.002134084701538],[47887,20.003443002700806],[38963,20.001474857330322],[22400,20.00101590156555],[17431,20.000030994415283],[12295,20.000224828720093],[106791,20.000293970108032],[84631,20.000514030456543],[81235,20.00028085708618],[44631,20.001914024353027],[33529,20.002485990524292],[20244,20.00168490409851],[118928,20.0001060962677],[93543,20.002110958099365],[77205,20.00099802017212],[40715,20.001928091049194],[35067,20.00101590156555],[22310,20.00134801864624],[112080,20.001033067703247],[96115,20.000743865966797],[74003,20.00235891342163],[44070,20.000568866729736],[32424,20.001544952392578],[26391,20.000500917434692],[116280,20.003355026245117],[86156,20.000300884246826],[73358,20.00175189971924],[43081,20.001686811447144],[31944,20.003244876861572],[21696,20.002464056015015],[117631,20.000998973846436],[94167,20.00173306465149],[74467,20.00206422805786],[41870,20.00226593017578],[33259,20.001573085784912],[26550,20.002182006835938],[160667,20.00208592414856],[114715,20.003346920013428],[109928,20.00135588645935],[58508,20.001003980636597],[43423,20.000771045684814],[30495,20.00170397758484],[159992,20.002068042755127],[117977,20.00057291984558],[109691,20.000100135803223],[59717,20.001173973083496],[42726,20.00015687942505],[32703,20.00199604034424],[163717,20.001764059066772],[118758,20.000782012939453],[97930,20.00034499168396],[59434,20.001791954040527],[46188,20.00200390815735],[32110,20.000755071640015],[156638,20.001502990722656],[121863,20.00175714492798],[114968,20.00097894668579],[61876,20.001232862472534],[44816,20.00057101249695],[30631,20.00189518928528],[162856,20.001917123794556],[126979,20.001592874526978],[101565,20.000530004501343],[58433,20.002075910568237],[44574,20.001267910003662],[30001,20.00265908241272]],"Rao1 top15 bottom15 fast local search":[[65884,20.015102863311768],[55969,20.016160011291504],[51900,20.01125693321228],[29195,20.00358009338379],[26371,20.010151147842407],[26523,20.012920141220093],[76736,20.007077932357788],[59271,20.01505398750305],[53544,20.009227991104126],[29498,20.00473403930664],[26118,20.007150888442993],[25372,20.00753402709961],[69165,20.01218008995056],[54151,20.014642000198364],[46540,20.00452995300293],[29364,20.007960081100464],[25152,20.008503198623657],[26120,20.012356996536255],[66793,20.008502960205078],[51561,20.01249408721924],[54518,20.010197162628174],[29403,20.000093936920166],[26586,20.005193948745728],[25949,20.009144067764282],[68890,20.002963066101074],[57167,20.017061948776245],[49280,20.0159649848938],[29545,20.006340980529785],[26421,20.003262996673584],[26179,20.0035560131073],[118003,20.00973892211914],[98653,20.012952089309692],[92443,20.006244897842407],[51241,20.008432865142822],[45726,20.015438079833984],[41825,20.014951944351196],[129976,20.005017042160034],[107732,20.013175010681152],[88919,20.01220703125],[50013,20.00588297843933],[45136,20.00582003593445],[42080,20.01233196258545],[127768,20.013535022735596],[107802,20.016518115997314],[85477,20.019336938858032],[50402,20.00924301147461],[45044,20.011821031570435],[41289,20.012780904769897],[126120,20.006314992904663],[100984,20.000476837158203],[84284,20.011052131652832],[50980,20.012402057647705],[45197,20.003305912017822],[42638,20.008645057678223],[129660,20.010551929473877],[107169,20.017069101333618],[86897,20.013978958129883],[51156,20.01098895072937],[44479,20.014915943145752],[41808,20.00351095199585],[168284,20.004317045211792],[127234,20.01131510734558],[117211,20.0151629447937],[65375,20.0002121925354],[55295,20.00584888458252],[44600,20.009199857711792],[168766,20.003890991210938],[129090,20.001734018325806],[119945,20.01414394378662],[65164,20.007753133773804],[55495,20.00335693359375],[46203,20.004092931747437],[173642,20.010252952575684],[128876,20.014661073684692],[107474,20.00308084487915],[66184,20.00945520401001],[55096,20.007657051086426],[45690,20.01437497138977],[162064,20.010350942611694],[133210,20.005077838897705],[125170,20.004251956939697],[67574,20.002429008483887],[56229,20.008448123931885],[45242,20.002448797225952],[172851,20.00934100151062],[135130,20.00688099861145],[111453,20.002838134765625],[66041,20.00158715248108],[55746,20.012955904006958],[45176,20.006914138793945]],"Rao1 top1 bottom1 fast local search":[[65600,20.00350594520569],[55612,20.019114017486572],[51906,20.00293803215027],[29158,20.000273942947388],[26101,20.006669998168945],[26303,20.01948308944702],[76652,20.009718894958496],[58942,20.013538122177124],[53192,20.01392388343811],[29395,20.01049304008484],[26077,20.005961179733276],[25350,20.011767864227295],[68794,20.013113975524902],[53996,20.011065006256104],[46036,20.01952600479126],[29113,20.011731147766113],[24809,20.017096996307373],[25924,20.0039279460907],[66525,20.01438593864441],[51324,20.01786208152771],[54416,20.002336978912354],[29069,20.011242866516113],[26303,20.004467010498047],[25963,20.00028705596924],[68259,20.01201581954956],[56937,20.016588926315308],[49001,20.005083084106445],[29163,20.01292586326599],[25916,20.014853954315186],[26023,20.008190870285034],[117523,20.013386964797974],[98757,20.01213502883911],[92052,20.01658320426941],[51133,20.01073908805847],[45507,20.005244970321655],[41531,20.00841498374939],[129706,20.01612615585327],[106911,20.018299102783203],[88467,20.003723859786987],[49858,20.001641988754272],[44473,20.00144100189209],[41967,20.009124040603638],[127085,20.019306182861328],[106975,20.014071941375732],[84987,20.02543020248413],[50184,20.003645181655884],[44768,20.003031969070435],[41468,20.007540225982666],[125473,20.00980496406555],[101204,20.010241985321045],[83919,20.010567903518677],[50783,20.005393981933594],[43955,20.006722927093506],[42243,20.008615970611572],[129288,20.014172077178955],[106425,20.0037579536438],[86504,20.000590801239014],[50687,20.01049304008484],[44483,20.009953022003174],[41484,20.012820959091187],[168016,20.00489592552185],[126229,20.003010034561157],[116915,20.002657890319824],[65151,20.007493019104004],[54703,20.01478886604309],[44367,20.01287817955017],[168744,20.003211975097656],[128488,20.006042003631592],[119851,20.00462508201599],[65120,20.001068830490112],[55211,20.013843059539795],[46178,20.01072406768799],[173075,20.01300811767578],[128667,20.00124192237854],[106610,20.012659072875977],[66063,20.009833097457886],[54825,20.00158977508545],[45653,20.01421809196472],[162107,20.003695011138916],[132860,20.01667594909668],[124868,20.008832216262817],[67367,20.00618886947632],[56115,20.00610613822937],[45080,20.002655029296875],[172228,20.00337791442871],[134912,20.001272201538086],[111536,20.00076913833618],[65829,20.012266874313354],[55563,20.001986980438232],[45207,20.012610912322998]],