{"Rao1 top15 bottom15 no local search":[[17782,10.001536130905151],[10702,10.000296831130981],[-604,10.000648021697998],[9201,10.000302076339722],[3487,10.000540018081665],[-1355,10.000719785690308],[18044,10.000555992126465],[9973,10.000854015350342],[-681,10.000672817230225],[9230,10.000579118728638],[2671,10.000205993652344],[-4360,10.000383853912354],[20174,10.00225281715393],[11640,10.000958919525146],[-1915,10.000102996826172],[8784,10.000847816467285],[3341,10.000366926193237],[-1538,10.001023054122925],[17573,10.000162124633789],[9283,10.000608921051025],[-483,10.000943183898926],[10469,10.000354051589966],[-105,10.000663042068481],[-370,10.00036096572876],[18617,10.000442028045654],[-54,10.000326156616211],[-2581,10.000988006591797],[9159,10.000718116760254],[-137,10.001672983169556],[-801,10.000226974487305],[37629,10.00023078918457],[23633,10.000671863555908],[-2175,10.001695156097412],[16544,10.000379085540771],[6383,10.000359058380127],[-778,10.000091075897217],[39188,10.001461029052734],[22563,10.00111198425293],[-266,10.000740051269531],[19898,10.000148057937622],[7314,10.000860929489136],[4030,10.001144170761108],[36913,10.000738143920898],[24299,10.000115156173706],[-149,10.00093412399292],[19521,10.000077962875366],[9185,10.000131130218506],[-96,10.000306844711304],[37033,10.00071406364441],[23829,10.000590801239014],[-312,10.000294923782349],[19489,10.000087022781372],[7655,10.002526044845581],[-102,10.000389099121094],[40079,10.000083923339844],[25190,10.000454902648926],[-477,10.000854015350342],[19235,10.000657081604004],[9519,10.000493049621582],[-1243,10.00133991241455],[53654,10.000903844833374],[36726,10.000718832015991],[-1395,10.000897884368896],[25613,10.00085997581482],[-86,10.000895977020264],[-1592,10.000862121582031],[56335,10.000200033187866],[36470,10.000844955444336],[-2286,10.000548839569092],[24467,10.000684022903442],[14170,10.000418901443481],[-1356,10.001163005828857],[60574,10.00009799003601],[32225,10.000058889389038],[-1449,10.001185178756714],[26740,10.00036096572876],[13341,10.000602006912231],[-1915,10.000874042510986],[56842,10.000005006790161],[38071,10.001010179519653],[-1167,10.000998973846436],[27737,10.00102686882019],[15032,10.00068211555481],[-2234,10.000473976135254],[55073,10.000143051147461],[-804,10.00055980682373],[-1959,10.000149011611938],[25951,10.000696182250977],[-65,10.00099802017212],[-816,10.000805854797363]],"Rao1 top15 bottom15 fast local search":[[20175,10.002730131149292],[13443,10.001183986663818],[10034,10.00487494468689],[10448,10.001348972320557],[6484,10.00490403175354],[4672,10.003475904464722],[20183,10.005216121673584],[12077,10.003082990646362],[9385,10.0033540725708],[11588,10.00290584564209],[6984,10.007441997528076],[3035,10.009326934814453],[21910,10.005111932754517],[15504,10.00743293762207],[9484,10.002212047576904],[11704,10.004612922668457],[6561,10.00649881362915],[-14,10.001152992248535],[20546,10.008359909057617],[12677,10.007564067840576],[9099,10.005790948867798],[11344,10.000295877456665],[6813,10.001035928726196],[3418,10.007009983062744],[20830,10.00506591796875],[13056,10.00767993927002],[-166,10.002833843231201],[11411,10.008298873901367],[6069,10.001287937164307],[-135,10.00644302368164],[40724,10.002196788787842],[27113,10.005422830581665],[22463,10.003700017929077],[21042,10.005100965499878],[13412,10.002054929733276],[9402,10.002464056015015],[42236,10.000910997390747],[27757,10.001128911972046],[21580,10.005252122879028],[21779,10.00385594367981],[13715,10.007736921310425],[8220,10.009916067123413],[39658,10.000635862350464],[27370,10.000946044921875],[22353,10.002967834472656],[21189,10.005594968795776],[13660,10.007414102554321],[9775,10.002835035324097],[41460,10.003538131713867],[28088,10.001399993896484],[21543,10.001591205596924],[21182,10.001814842224121],[13508,10.000471115112305],[8436,10.005759954452515],[43348,10.006898880004883],[28428,10.009047031402588],[23663,10.001683950424194],[21442,10.002212047576904],[13721,10.00256896018982],[9113,10.005177021026611],[55127,10.0021071434021],[40324,10.005950927734375],[-131,10.000916957855225],[29191,10.001147985458374],[17864,10.002339124679565],[-145,10.003377199172974],[58129,10.002318143844604],[38708,10.001379013061523],[31427,10.005995035171509],[28022,10.001468181610107],[17372,10.002608060836792],[10266,10.005008935928345],[63785,10.004542112350464],[35198,10.003175020217896],[31504,10.000583171844482],[29688,10.003243923187256],[18329,10.005047798156738],[8439,10.00002384185791],[59708,10.008040189743042],[41194,10.007655143737793],[34376,10.00767207145691],[28901,10.001075029373169],[18975,10.005274057388306],[10176,10.004508972167969],[57679,10.001052856445312],[36220,10.005683183670044],[29820,10.004672050476074],[29130,10.000476837158203],[18047,10.003019094467163],[9055,10.003651857376099]],"Rao1 top1 bottom1 fast local search":[[20109,10.653769969940186],[13077,10.004616022109985],[8942,10.009124994277954],[10387,10.006577968597412],[6313,10.006223917007446],[3612,10.002023935317993],[20101,10.00755000114441],[12102,10.00060510635376],[9905,10.007367849349976],[11424,10.004336833953857],[6612,10.002970933914185],[3035,10.00118112564087],[21755,10.006440877914429],[15205,10.000685930252075],[-55,10.000500917434692],[11625,10.002171993255615],[6784,10.007405042648315],[-40,10.008037090301514],[20369,10.004274129867554],[12073,10.006585121154785],[9717,10.00088906288147],[11494,10.007574081420898],[5825,10.00885009765625],[2682,10.008162021636963],[20734,10.008858919143677],[13066,10.001296043395996],[-127,10.005461931228638],[11026,10.008390188217163],[6227,10.004817008972168],[-29,10.0016770362854],[40627,10.004602193832397],[27292,10.009420156478882],[22349,10.006984949111938],[20992,10.000624895095825],[13042,10.000832080841064],[8879,10.000078916549683],[42125,10.001123189926147],[27619,10.000373125076294],[21335,10.00638484954834],[21754,10.00062894821167],[13741,10.009630918502808],[7850,10.006886959075928],[39536,10.002411127090454],[27524,10.00743317604065],[22308,10.002404928207397],[21071,10.000079154968262],[13211,10.005811929702759],[8874,10.011080980300903],[41489,10.003332138061523],[27960,10.00767707824707],[21238,10.004285097122192],[21066,10.003621101379395],[13419,10.009056091308594],[8632,10.007107019424438],[43278,10.008002996444702],[28005,10.008797883987427],[23100,10.005023002624512],[21442,10.001127004623413],[13522,10.007823944091797],[8533,10.008868932723999],[55241,10.005444049835205],[39964,10.00634503364563],[-56,10.000997066497803],[29191,10.0048828125],[17794,10.004524946212769],[-160,10.00320315361023],[58091,10.001045942306519],[38354,10.005977869033813],[31373,10.00326418876648],[28019,10.003714084625244],[16981,10.001662015914917],[10537,10.006624937057495],[63249,10.004321813583374],[35214,10.007347106933594],[31174,10.004270076751709],[29559,10.007417917251587],[16940,10.009679079055786],[9492,10.005062103271484],[59569,10.002373218536377],[40676,10.008888006210327],[34107,10.008565902709961],[28894,10.005415916442871],[18763,10.002959966659546],[8815,10.00406813621521],[57765,10.0068519115448],[35238,10.005168914794922],[29180,10.000332117080688],[29130,10.001491069793701],[17753,10.0001540184021],[-11,10.001337051391602]],