{"Rao1 top15 bottom15 no local search":[[18294,20.00051999092102],[10246,20.000808000564575],[-230,20.00098705291748],[8264,20.000980854034424],[3642,20.001086950302124],[-772,20.000044107437134],[17977,20.000279903411865],[9367,20.00023603439331],[-3227,20.000480890274048],[9093,20.002058029174805],[1946,20.00003480911255],[-1505,20.0003559589386],[19007,20.000538110733032],[11950,20.00036382675171],[-1032,20.00094509124756],[9205,20.00101089477539],[2515,20.00168800354004],[-1597,20.00030779838562],[17383,20.000347137451172],[9174,20.0002281665802],[-1337,20.000813961029053],[8967,20.00015902519226],[-639,20.00055980682373],[-1216,20.00034999847412],[17607,20.00040292739868],[-90,20.001110076904297],[-1943,20.00063395500183],[9324,20.000977039337158],[-73,20.000232219696045],[-2257,20.00208806991577],[36710,20.000303030014038],[22886,20.000431776046753],[-1511,20.00080108642578],[18428,20.00024914741516],[8483,20.00081205368042],[-568,20.00045418739319],[38732,20.000102996826172],[23509,20.000115156173706],[-332,20.000484943389893],[18341,20.000032901763916],[8364,20.000595092773438],[-1634,20.000189065933228],[34481,20.000435829162598],[22957,20.00165295600891],[-770,20.0003981590271],[18656,20.000202894210815],[9345,20.000160932540894],[-552,20.000385999679565],[39115,20.000555992126465],[23509,20.00112819671631],[-287,20.002059936523438],[16991,20.001364946365356],[8061,20.00128698348999],[5631,20.00101590156555],[39881,20.00064706802368],[24174,20.00067687034607],[-426,20.000423908233643],[17838,20.000452995300293],[8214,20.000465869903564],[-633,20.000755071640015],[53374,20.00077486038208],[37173,20.000205039978027],[-3210,20.000340938568115],[27121,20.000545024871826],[-914,20.00092101097107],[-2643,20.001131057739258],[55814,20.000910997390747],[35893,20.000664949417114],[-3305,20.000560998916626],[26414,20.000400066375732],[14972,20.0000638961792],[-970,20.000030040740967],[61488,20.00024700164795],[32290,20.00019407272339],[-1051,20.000948905944824],[28452,20.000319004058838],[-50,20.0003080368042],[-2914,20.001034021377563],[56547,20.0007221698761],[-213,20.000176191329956],[-416,20.00014305114746],[27923,20.00069308280945],[14630,20.000274181365967],[-1879,20.00010895729065],[55278,20.000025987625122],[-23,20.000138998031616],[-1374,20.000061988830566],[27410,20.00092911720276],[-331,20.001090049743652],[-864,20.00004506111145]],"Rao1 top15 bottom15 fast local search":[[20175,20.000811100006104],[13300,20.00312113761902],[10310,20.003231048583984],[10474,20.00736689567566],[6739,20.008473873138428],[4276,20.000078201293945],[20206,20.001993894577026],[12418,20.008877992630005],[9785,20.008162021636963],[11444,20.00136113166809],[7409,20.00050187110901],[2832,20.002960920333862],[21944,20.00479507446289],[15394,20.00591492652893],[9853,20.009207010269165],[11752,20.000443935394287],[7124,20.006927013397217],[2454,20.00417399406433],[20461,20.00401782989502],[12436,20.008206844329834],[10075,20.0000901222229],[11622,20.00597906112671],[6711,20.003540992736816],[3506,20.006752014160156],[20911,20.00231695175171],[12812,20.003674030303955],[-35,20.001394033432007],[11070,20.000756978988647],[6484,20.007654905319214],[-130,20.000082969665527],[40765,20.004435062408447],[27763,20.004395961761475],[22849,20.00196385383606],[21094,20.00816798210144],[13749,20.003565073013306],[9633,20.004868984222412],[42283,20.001038074493408],[27613,20.008840084075928],[21814,20.003031015396118],[21870,20.007977962493896],[13852,20.002868175506592],[8549,20.005168914794922],[39621,20.006707906723022],[27958,20.005438804626465],[22928,20.00137209892273],[21227,20.00104808807373],[13616,20.00408101081848],[9854,20.00889301300049],[41686,20.003215074539185],[28054,20.007963180541992],[22035,20.002991914749146],[21204,20.00395107269287],[13787,20.005742073059082],[9071,20.00401782989502],[43365,20.004873037338257],[28610,20.001927852630615],[23780,20.00124502182007],[21506,20.0031099319458],[13948,20.001366138458252],[9199,20.00142216682434],[55142,20.002212047576904],[40406,20.00493884086609],[-73,20.00297498703003],[29191,20.004371881484985],[18006,20.003873109817505],[-65,20.008930921554565],[58111,20.00371789932251],[38533,20.007253885269165],[31056,20.009141206741333],[28081,20.001011848449707],[18482,20.001698970794678],[10561,20.000300884246826],[63606,20.00336194038391],[35661,20.004081964492798],[31580,20.00360894203186],[29688,20.00775694847107],[18519,20.003077030181885],[9778,20.00399088859558],[59768,20.00185203552246],[40948,20.002547025680542],[34570,20.00389289855957],[28908,20.001940965652466],[19092,20.006294012069702],[10116,20.0032479763031],[57696,20.000433921813965],[36220,20.005264043807983],[29958,20.004420042037964],[29130,20.002075910568237],[18030,20.00660800933838],[9112,20.007205963134766]],"Rao1 top1 bottom1 fast local search":[[20175,20.60256004333496],[13273,20.004369974136353],[9599,20.008086919784546],[10448,20.007078886032104],[6538,20.006043195724487],[4376,20.003483057022095],[19999,20.004252910614014],[11735,20.00479292869568],[9785,20.003724813461304],[11434,20.002434968948364],[6985,20.00507879257202],[1839,20.002087116241455],[21939,20.00856900215149],[15447,20.005276203155518],[10437,20.004457235336304],[11642,20.006742000579834],[6388,20.00552797317505],[2297,20.002208948135376],[20423,20.00580406188965],[12472,20.001163959503174],[9676,20.008864164352417],[11622,20.004015922546387],[6813,20.006919860839844],[3441,20.006213903427124],[20883,20.007699966430664],[12699,20.004921913146973],[8933,20.004854917526245],[11070,20.007712841033936],[5804,20.001631021499634],[2597,20.000046968460083],[40570,20.00184392929077],[27329,20.006423950195312],[22111,20.00310516357422],[20976,20.007386922836304],[13442,20.00294303894043],[8373,20.00332498550415],[42366,20.006936073303223],[27494,20.011409997940063],[21522,20.010464906692505],[21786,20.004569053649902],[13604,20.003350973129272],[8661,20.00231909751892],[39608,20.003747940063477],[27691,20.007336139678955],[22614,20.001394987106323],[21246,20.004064083099365],[13835,20.004887104034424],[9497,20.006426095962524],[41604,20.001556158065796],[28106,20.006181001663208],[21028,20.004359006881714],[21116,20.003390789031982],[13738,20.00683307647705],[7597,20.00294804573059],[43335,20.009112119674683],[28330,20.006874084472656],[23821,20.00559687614441],[21442,20.00475287437439],[13830,20.00426983833313],[8007,20.006694078445435],[55298,20.005445957183838],[40053,20.006531953811646],[-50,20.00377893447876],[29191,20.00097680091858],[17342,20.006694078445435],[-147,20.009330987930298],[58035,20.005080938339233],[39015,20.005691051483154],[31352,20.003726959228516],[28020,20.00505304336548],[18011,20.010826110839844],[10266,20.005680799484253],[63785,20.001001119613647],[35395,20.006282091140747],[31399,20.006463050842285],[29611,20.007209062576294],[17787,20.00037693977356],[7793,20.00736713409424],[59506,20.00151014328003],[41194,20.00671100616455],[34206,20.007059812545776],[28901,20.00557589530945],[19053,20.003309965133667],[10068,20.003406047821045],[57712,20.004767179489136],[35886,20.001973152160645],[29480,20.007317066192627],[29130,20.000576972961426],[17772,20.001330852508545],[8416,20.01095414161682]],