{"Rao1 top15 bottom15 no local search":[[53708,20.002347946166992],[28219,20.002837896347046],[-182,20.00263214111328],[25286,20.001423120498657],[9765,20.00153684616089],[-601,20.001617908477783],[53939,20.000890016555786],[31560,20.00291609764099],[27306,20.00015115737915],[21550,20.003802061080933],[10159,20.002084016799927],[1894,20.004236936569214],[51276,20.00047206878662],[31532,20.003308057785034],[30480,20.001579999923706],[24069,20.00182795524597],[10462,20.001699209213257],[8436,20.003854036331177],[51692,20.00082492828369],[29474,20.00125503540039],[26224,20.002146005630493],[22343,20.00185513496399],[11843,20.002509117126465],[-463,20.002466201782227],[52102,20.00269603729248],[28110,20.001259803771973],[26561,20.00359606742859],[20307,20.000180959701538],[9382,20.0014009475708],[3737,20.00288200378418],[96250,20.0003399848938],[68139,20.000958919525146],[59961,20.003185987472534],[46851,20.000752925872803],[23900,20.002343893051147],[13612,20.003189086914062],[101925,20.002562046051025],[62105,20.002583026885986],[54488,20.00276207923889],[42366,20.001998901367188],[22832,20.00062394142151],[14975,20.000593900680542],[97817,20.001928091049194],[68859,20.001049995422363],[59337,20.002307891845703],[39987,20.002145051956177],[26428,20.00247311592102],[11783,20.002575874328613],[106047,20.00163698196411],[63522,20.00073790550232],[-207,20.002107858657837],[47413,20.001444816589355],[23036,20.000025033950806],[17503,20.002947092056274],[105958,20.001147985458374],[63726,20.000250101089478],[58459,20.005155086517334],[46542,20.00049901008606],[25284,20.00042700767517],[14823,20.002835035324097],[150960,20.00091791152954],[94700,20.002326011657715],[86985,20.00253701210022],[58860,20.00149416923523],[37975,20.00191593170166],[22840,20.001365900039673],[158726,20.003325939178467],[99989,20.000577926635742],[84646,20.00083613395691],[64485,20.00209093093872],[36764,20.001749992370605],[24417,20.003078937530518],[151649,20.000112056732178],[96612,20.001883029937744],[77307,20.002895832061768],[64077,20.0017991065979],[36687,20.00289797782898],[22775,20.002139806747437],[153661,20.002031087875366],[101480,20.001744031906128],[89423,20.001583099365234],[66544,20.001567840576172],[38473,20.0013370513916],[23601,20.002511024475098],[146688,20.00219202041626],[98327,20.00373101234436],[-45,20.00036120414734],[64272,20.001569986343384],[39820,20.002227067947388],[23372,20.000375032424927]],"Rao1 top15 bottom15 fast local search":[[63938,20.016690015792847],[37981,20.004807949066162],[34169,20.016950845718384],[30798,20.00290298461914],[22108,20.002031087875366],[19863,20.00745701789856],[61836,20.011155128479004],[40973,20.021540880203247],[35845,20.005807161331177],[29132,20.010456800460815],[22948,20.025486946105957],[22058,20.013746976852417],[63123,20.007269144058228],[42462,20.02041006088257],[38385,20.01296091079712],[30492,20.006078004837036],[22877,20.002851009368896],[23855,20.00849199295044],[62578,20.005507946014404],[38435,20.010016918182373],[34262,20.018394947052002],[29581,20.006301164627075],[22672,20.001315116882324],[22776,20.01943612098694],[62980,20.004079818725586],[37771,20.01699995994568],[34582,20.020022869110107],[29631,20.01411199569702],[22731,20.006553888320923],[21114,20.006181001663208],[110995,20.003753185272217],[80248,20.02023196220398],[71074,20.01927900314331],[54657,20.01328706741333],[41449,20.012521028518677],[34810,20.00356912612915],[114710,20.002635955810547],[74438,20.003164052963257],[64592,20.008720874786377],[53074,20.00325083732605],[40267,20.01700711250305],[37270,20.00269889831543],[110688,20.010818004608154],[80329,20.006894826889038],[70875,20.02046012878418],[52501,20.00117301940918],[41194,20.00261688232422],[35505,20.022708892822266],[115184,20.00473189353943],[75656,20.00985288619995],[65841,20.00799012184143],[55009,20.005423069000244],[39419,20.005367040634155],[34572,20.00990390777588],[115290,20.01363205909729],[79363,20.018424034118652],[72143,20.005162954330444],[51861,20.016494035720825],[39446,20.002027988433838],[34364,20.024707078933716],[159187,20.012343168258667],[104166,20.012349843978882],[96723,20.023903131484985],[67534,20.004787921905518],[50308,20.010406970977783],[40202,20.002027988433838],[167482,20.013049840927124],[110613,20.013149976730347],[92997,20.01538586616516],[70176,20.00524091720581],[50044,20.014848947525024],[41239,20.013476848602295],[160640,20.006505966186523],[106963,20.003427028656006],[84038,20.008423805236816],[71120,20.005623817443848],[51451,20.02248501777649],[38667,20.009015798568726],[160323,20.002874851226807],[110022,20.00282096862793],[96938,20.004372119903564],[73092,20.014326810836792],[50240,20.00158977508545],[40511,20.02415680885315],[154760,20.006200075149536],[108748,20.001423120498657],[92176,20.01684284210205],[70802,20.0029239654541],[50223,20.009252071380615],[39119,20.02290415763855]],"Rao1 top1 bottom1 fast local search":[[63203,20.008126974105835],[36732,20.026671886444092],[32919,20.025972843170166],[30518,20.00825786590576],[21451,20.01719307899475],[17422,20.015031814575195],[61036,20.02257204055786],[39567,20.017930030822754],[34925,20.01243305206299],[28978,20.01289391517639],[21541,20.024842977523804],[20288,20.008985996246338],[62785,20.02090096473694],[40710,20.042966842651367],[37399,20.03528594970703],[30606,20.018131971359253],[22845,20.014554023742676],[21807,20.02021098136902],[61612,20.014755964279175],[36406,20.00981903076172],[33310,20.03252410888672],[29273,20.01349902153015],[21722,20.024801015853882],[20368,20.034005165100098],[62810,20.027915000915527],[37615,20.026339054107666],[32928,20.004908084869385],[29508,20.00458598136902],[22583,20.017809867858887],[18836,20.029885053634644],[110125,20.001447916030884],[79126,20.002053022384644],[70159,20.02146005630493],[54773,20.024794101715088],[39735,20.034362077713013],[31964,20.026434183120728],[114283,20.011647939682007],[74248,20.004891872406006],[62207,20.043375968933105],[52907,20.011286973953247],[38373,20.036456823349],[34348,20.015230894088745],[110468,20.012902975082397],[78544,20.02524209022522],[67953,20.04661798477173],[52450,20.016329050064087],[38751,20.016397953033447],[28974,20.032965898513794],[114474,20.01478409767151],[74638,20.023868083953857],[65524,20.02713108062744],[54999,20.01820683479309],[37260,20.018866062164307],[32159,20.027286052703857],[114640,20.00272011756897],[77507,20.01120400428772],[70082,20.02233386039734],[51769,20.020202159881592],[37615,20.010894060134888],[31720,20.02429509162903],[158539,20.014435052871704],[103909,20.02242684364319],[95430,20.00922393798828],[67344,20.00457215309143],[48402,20.018344163894653],[38797,20.001986026763916],[166818,20.00312614440918],[110393,20.010939121246338],[90866,20.012944221496582],[70154,20.010982036590576],[49379,20.02144193649292],[39598,20.006510972976685],[160049,20.000577926635742],[106356,20.030476093292236],[82126,20.026551008224487],[70982,20.00139808654785],[51145,20.005517959594727],[36857,20.017970085144043],[160655,20.006346940994263],[109548,20.004159927368164],[94895,20.020862102508545],[73122,20.001954078674316],[49840,20.002572059631348],[38120,20.018492937088013],[154368,20.010481119155884],[108186,20.006584882736206],[90347,20.002825021743774],[70717,20.006842136383057],[50030,20.018508911132812],[38261,20.003230810165405]],