{"Rao1 top15 bottom15 no local search":[[55420,10.002370119094849],[29171,10.000921964645386],[-52,10.002047061920166],[23468,10.000941038131714],[9942,10.000391960144043],[5669,10.000952005386353],[50591,10.001317024230957],[32080,10.000510931015015],[-566,10.00312614440918],[23454,10.001741886138916],[10380,10.000164985656738],[7133,10.00153923034668],[50669,10.0015869140625],[33761,10.001564979553223],[-982,10.00154995918274],[23418,10.001438856124878],[9256,10.00199294090271],[10460,10.000741958618164],[53914,10.002281904220581],[29444,10.002840042114258],[-18,10.001097917556763],[21644,10.000333070755005],[9887,10.001340866088867],[5234,10.00077223777771],[52082,10.000442028045654],[29716,10.000981092453003],[24961,10.00151515007019],[20612,10.00219178199768],[12371,10.00172209739685],[7612,10.000236988067627],[101350,10.001479148864746],[68085,10.003225088119507],[60153,10.00109314918518],[45716,10.000517845153809],[24066,10.0028657913208],[13856,10.00103497505188],[102062,10.002098798751831],[60718,10.001497030258179],[54748,10.00291109085083],[46310,10.002486944198608],[24545,10.000028848648071],[14761,10.000119924545288],[97585,10.000825881958008],[65797,10.002831935882568],[59130,10.004225969314575],[40282,10.002748966217041],[24626,10.001646041870117],[12675,10.001556158065796],[103222,10.001280069351196],[63464,10.001823902130127],[56056,10.002684116363525],[44691,10.001979112625122],[22130,10.001479148864746],[13838,10.001492023468018],[101749,10.00011396408081],[64067,10.001132011413574],[62125,10.001635789871216],[42854,10.001758098602295],[23109,10.00318717956543],[16085,10.002698183059692],[147944,10.00177001953125],[93060,10.002068996429443],[87398,10.003684997558594],[61190,10.000328063964844],[37384,10.003138780593872],[24752,10.002042055130005],[158503,10.00189208984375],[100991,10.000916004180908],[82795,10.002042055130005],[63022,10.002597093582153],[36443,10.001399993896484],[26409,10.001605033874512],[151137,10.00226879119873],[95559,10.001338958740234],[76123,10.00240707397461],[65342,10.00274109840393],[35439,10.001389980316162],[22712,10.003257989883423],[149331,10.001744031906128],[100834,10.002799034118652],[87410,10.000526905059814],[66738,10.000378131866455],[37313,10.000939130783081],[25496,10.001579999923706],[148761,10.000979900360107],[97070,10.000224828720093],[83865,10.000942945480347],[65026,10.001195907592773],[37986,10.001919031143188],[22738,10.00251293182373]],"Rao1 top15 bottom15 fast local search":[[63162,10.015599012374878],[35857,10.004608869552612],[32405,10.00366997718811],[30313,10.014397859573364],[20667,10.0050950050354],[18669,10.015318155288696],[61056,10.022440195083618],[39588,10.016256093978882],[34959,10.029717922210693],[28904,10.022066831588745],[21342,10.015170097351074],[19005,10.03282904624939],[63299,10.010118007659912],[41283,10.02303695678711],[36346,10.028451919555664],[30525,10.015730857849121],[21301,10.005889892578125],[21295,10.027848958969116],[61671,10.016479015350342],[37814,10.01054310798645],[32842,10.03487491607666],[29099,10.01621699333191],[20350,10.01103687286377],[21020,10.01986289024353],[62618,10.000629901885986],[36818,10.002960920333862],[32093,10.025567770004272],[29411,10.006314039230347],[22068,10.016764879226685],[20246,10.025192975997925],[110097,10.008496046066284],[78570,10.016690969467163],[68408,10.033277034759521],[54287,10.002235174179077],[38788,10.004252910614014],[32445,10.03259801864624],[113429,10.014271974563599],[73001,10.029579877853394],[59986,10.005149841308594],[52807,10.016720056533813],[40023,10.024221897125244],[32494,10.027673959732056],[109938,10.01528787612915],[78290,10.018947124481201],[69190,10.033540964126587],[52257,10.005228042602539],[39270,10.013175010681152],[28886,10.001626014709473],[115282,10.013576984405518],[75429,10.025192022323608],[63106,10.011917114257812],[54556,10.0104660987854],[37916,10.001530885696411],[30735,10.046566009521484],[114503,10.018383979797363],[77756,10.012480020523071],[69616,10.034900188446045],[51466,10.013990879058838],[37606,10.013456106185913],[31603,10.01168704032898],[158547,10.018547058105469],[102606,10.022665023803711],[95685,10.000038862228394],[67661,10.010822057723999],[49549,10.012624979019165],[38873,10.026834964752197],[166954,10.00176191329956],[109450,10.01960015296936],[91084,10.009099006652832],[70000,10.008056879043579],[49625,10.013628005981445],[39123,10.008471965789795],[160188,10.002465009689331],[106273,10.001337051391602],[82268,10.014098882675171],[71088,10.000301122665405],[50406,10.005161046981812],[37591,10.015413999557495],[160042,10.014482021331787],[109786,10.019276857376099],[95445,10.01966905593872],[72902,10.013797044754028],[49433,10.013350009918213],[38012,10.01621699333191],[154577,10.001805067062378],[107941,10.011221885681152],[90443,10.017310857772827],[70703,10.006976127624512],[49777,10.011460065841675],[36328,10.028687953948975]],"Rao1 top1 bottom1 fast local search":[[61999,10.010278940200806],[35954,10.016654014587402],[30530,10.007849931716919],[29989,10.009621143341064],[20639,10.005499839782715],[15718,10.032177925109863],[60012,10.018763065338135],[37416,10.028896808624268],[33093,10.020380020141602],[28097,10.012444972991943],[20942,10.003610849380493],[16946,10.00059700012207],[61540,10.01115894317627],[39222,10.009603023529053],[35062,10.014923095703125],[29736,10.024453163146973],[20093,10.036298990249634],[17311,10.019305944442749],[60717,10.009573936462402],[35695,10.015532970428467],[30088,10.001350164413452],[29033,10.007163047790527],[20700,10.010740995407104],[16377,10.027853012084961],[61678,10.004482984542847],[36003,10.030947923660278],[30681,10.032817840576172],[28221,10.008448839187622],[19730,10.038932085037231],[14684,10.03315806388855],[109362,10.015890836715698],[75327,10.021168947219849],[67025,10.004619121551514],[54007,10.0211820602417],[37131,10.030441999435425],[26007,10.050579071044922],[112856,10.015254020690918],[71541,10.008515119552612],[58651,10.002896070480347],[52378,10.003493070602417],[37687,10.028720140457153],[32873,10.028358221054077],[108937,10.018918991088867],[76921,10.005205154418945],[66529,10.008280992507935],[51849,10.013293027877808],[36029,10.017122983932495],[24684,10.010421991348267],[113659,10.016206979751587],[73534,10.008713006973267],[61466,10.00429391860962],[54520,10.005431890487671],[35736,10.006821870803833],[21631,10.010991096496582],[112490,10.00636601448059],[75775,10.000499963760376],[67628,10.043907165527344],[51198,10.0050208568573],[36735,10.005698919296265],[27126,10.003012895584106],[157719,10.005571842193604],[101375,10.036015033721924],[93769,10.03284502029419],[67576,10.004887819290161],[48069,10.02539610862732],[31813,10.041264772415161],[166926,10.006322145462036],[109193,10.002206087112427],[89370,10.013175964355469],[69662,10.001017808914185],[47760,10.037678956985474],[35124,10.005840063095093],[159338,10.001610040664673],[105389,10.023933172225952],[81183,10.008381128311157],[70681,10.002753019332886],[49123,10.022562980651855],[33810,10.019854068756104],[159128,10.013747930526733],[107982,10.008527040481567],[93319,10.022166013717651],[72878,10.004691123962402],[48685,10.02869200706482],[36290,10.040493965148926],[153440,10.02129316329956],[107260,10.025325059890747],[88216,10.04397201538086],[70440,10.01045298576355],[49226,10.024093866348267],[34818,10.029175996780396]],